chr,start,end,motif,label,gene_name,motif_len,tr_len,tr_gc,flank_gc_1k,dist_to_exon,dist_to_cds,dist_to_utr,dist_to_tss,gene_len,gene_rel_pos,pLI,oe_lof,str_density_1000,str_density_10000,repeat_units,log_tr_len,log_repeat_units,motif_gc,motif_at,motif_purine_frac,motif_pyrimidine_frac,motif_has_cpg,is_trinuc,is_pentanuc,log_tr_gc,log_motif_gc,delta_gc_tr_motif,str_density_ratio,log_str_density_ratio,delta_gc_tr_flank,abs_delta_gc_tr_flank,norm_dist_tss,in_gene,in_exon,in_cds,near_tss_1k,near_tss_5k
chr1,2267267,2267282,AGCCC,0,MORN1,5,15,0.8,0.6501240694789082,626,626,14446,50000.0,72499,0.7706520089932275,1.6137e-11,0.76779,0.036228287841191066,0.09647764176867349,3.0,1.2041199826559248,0.4772659954248526,0.8,0.2,0.4,0.6,0.0,0,1,-0.09636748391576232,-0.09636748391576232,0.0,0.37550578218187924,-0.4242283497411006,0.14987593052109183,0.14987593052109183,0.6896646850301383,1,0,0,0,0
chr1,4692837,4693019,ACACAGC,0,ENSG00000303830,7,182,0.5769230769230769,0.5783684692942255,587,22467,21650,1832.0,7386,0.24803682642837802,0.0,1.0,0.4472960586617782,0.07709840451887821,26.0,2.2624510897304293,1.4149900512835218,0.5714285714285714,0.42857142857142855,0.5714285714285714,0.42857142857142855,0.0,0,0,-0.2381299634670792,-0.24227869758155707,0.004148734114477859,5.801550108629637,0.763618899547151,-0.0014453923711486016,0.0014453923711486016,0.24803682642837802,1,0,0,0,1
chr1,10878052,10878096,CTTT,0,CASZ1,4,44,0.25,0.5680039138943248,21345,50000,21345,21367.0,160046,0.0,1.0,0.066338,0.05626223091976516,0.06770105767311914,11.0,1.6532125137753437,1.0414321646802651,0.25,0.75,0.0,1.0,0.0,0,0,-0.6003262785189619,-0.6003262785189619,0.0,0.8310268971648093,-0.07986263392388987,-0.3180039138943248,0.3180039138943248,0.13350536720692802,1,0,0,0,0
chr1,12234220,12234316,CTCCTT,0,TNFRSF1B,6,96,0.5,0.5543893129770993,178,6994,7072,7234.0,42251,0.17121488248798844,0.50201,0.20822,0.0892175572519084,0.09713375796178345,16.0,1.9867717342662448,1.2041471252128477,0.5,0.5,0.0,1.0,0.0,0,0,-0.30016227413275426,-0.30016227413275426,0.0,0.9184926088662312,-0.03645175739002761,-0.05438931297709926,0.05438931297709926,0.17121488248798844,1,0,0,0,0
chr1,16492646,16492746,ATCC,0,EPHA2-AS1,4,100,0.54,0.560952380952381,1435,10219,10082,11129.0,28076,0.39638837441230945,0.0,1.0,0.32,0.08074626865671641,25.0,2.0043213737826426,1.3979573801038874,0.5,0.5,0.25,0.75,0.0,0,0,-0.26680273489343054,-0.30016227413275426,0.03335953923932372,3.962982343841583,0.5981317114062626,-0.020952380952380945,0.020952380952380945,0.39638837441230945,1,0,0,0,0
chr1,17518321,17518438,CTT,0,LINC02783,3,117,0.358974358974359,0.5011809163911195,699,13275,13185,2102.5,8587,0.2448468615348783,0.0,1.0,0.13556920170051961,0.039767360938509716,39.0,2.0718820073061255,1.5910757426396818,0.3333333333333333,0.6666666666666666,0.0,1.0,0.0,1,0,-0.44372843298976156,-0.4758203216992444,0.03209188870948282,3.408971315416751,0.5327507257348388,-0.14220655741676053,0.14220655741676053,0.2448468615348783,1,0,0,0,1
chr1,18223957,18224061,CTTT,0,ENSG00000296161,4,104,0.25961538461538464,0.3925855513307985,9557,50000,50000,9609.0,11277,0.0,0.0,1.0,0.08887832699619772,0.039046955829685634,26.0,2.0211892990699383,1.4149900512835218,0.25,0.75,0.0,1.0,0.0,0,0,-0.5839999506481675,-0.6003262785189619,0.016326327870794466,2.276132645300456,0.35738832944876986,-0.13297016671541384,0.13297016671541384,0.8520883213620644,1,0,0,0,0
chr1,19326447,19326540,AAG,0,ENSG00000308389,3,93,0.34408602150537637,0.4180602006688963,29615,43621,43277,29661.5,2952,0.0,0.0,1.0,0.14476827520305782,0.04718061016274325,31.0,1.9731278535996988,1.4913757031077342,0.3333333333333333,0.6666666666666666,1.0,0.0,0.0,1,0,-0.46207263243854546,-0.4758203216992444,0.013747689260698914,3.06831993871573,0.48704216063017713,-0.07397417916351995,0.07397417916351995,10.047933604336043,1,0,0,0,0
chr1,21853510,21853535,CTTTT,0,ALPL,5,25,0.2,0.41975308641975306,16256,20362,17500,17632.5,69013,0.2554953414574066,0.0003636,0.40858,0.055308641975308645,0.04888888888888889,5.0,1.414973347970818,0.6990568545476679,0.2,0.8,0.0,1.0,0.0,0,1,-0.6968039425795112,-0.6968039425795112,0.0,1.1312899912905823,0.05395766844981552,-0.21975308641975305,0.21975308641975305,0.2554953414574066,1,0,0,0,0
chr1,24226447,24226463,AAAG,0,CNR2,4,16,0.25,0.4513888888888889,1498,24340,13273,13397.0,42847,0.3126706653908092,6.5369e-06,0.97047,0.11706349206349206,0.09687250199840128,4.0,1.2304489213782739,0.6021685513789972,0.25,0.75,1.0,0.0,0.0,0,0,-0.6003262785189619,-0.6003262785189619,0.0,1.2084160234593768,0.08257571824204887,-0.2013888888888889,0.2013888888888889,0.3126706653908092,1,0,0,0,0
chr1,24226477,24226493,AAAG,0,CNR2,4,16,0.25,0.4558531746031746,1468,24370,13243,13367.0,42847,0.3119704996849254,6.5369e-06,0.97047,0.11706349206349206,0.09687250199840128,4.0,1.2304489213782739,0.6021685513789972,0.25,0.75,1.0,0.0,0.0,0,0,-0.6003262785189619,-0.6003262785189619,0.0,1.2084160234593768,0.08257571824204887,-0.2058531746031746,0.2058531746031746,0.3119704996849254,1,0,0,0,0
chr1,28573642,28573666,AAAG,0,ENSG00000270605,4,24,0.25,0.4392292490118577,0,494,225,67.0,7701,0.008700168809245552,0.0,1.0,0.06324110671936758,0.06981622053535758,6.0,1.3979400086720377,0.7782236267660966,0.25,0.75,1.0,0.0,0.0,0,0,-0.6003262785189619,-0.6003262785189619,0.0,0.9058095729740537,-0.04248390377725595,-0.18922924901185773,0.18922924901185773,0.008700168809245552,1,1,0,1,1
chr1,30196340,30196532,ACC,0,ENSG00000310425,3,192,0.5833333333333334,0.5469890510948905,11103,50000,50000,12466.0,1267,1.0,0.0,1.0,0.4010036496350365,0.11707606973058637,64.0,2.285557309007774,1.806186759782153,0.6666666666666666,0.3333333333333333,0.3333333333333333,0.6666666666666666,0.0,1,0,-0.23333933862586748,-0.17544030542608624,-0.057899033199781236,3.425125437097221,0.5348032592838668,0.03634428223844288,0.03634428223844288,9.838989739542226,1,0,0,0,0
chr1,31128082,31128202,GGT,0,ENSG00000301774,3,120,0.625,0.5613207547169812,40073,50000,50000,50000.0,14777,1.0,0.0,1.0,0.29009433962264153,0.1150596421471173,40.0,2.0827853703164503,1.6020708485542952,0.6666666666666666,0.3333333333333333,0.6666666666666666,0.3333333333333333,0.0,1,0,-0.2034256667895703,-0.17544030542608624,-0.027985361363484063,2.521229972380347,0.4017846822300809,0.06367924528301883,0.06367924528301883,3.3836367327603707,1,0,0,0,0
chr1,31249064,31249169,AAAGG,0,ENSG00000306105,5,105,0.4,0.5596199524940617,524,18472,18362,6176.5,7450,0.8290604026845637,0.0,1.0,0.16769596199524942,0.0968415816960955,21.0,2.0253058652647704,1.322239974931152,0.4,0.6,1.0,0.0,0.0,0,1,-0.39685562737981767,-0.39685562737981767,0.0,1.7316345667188113,0.2387069744895633,-0.1596199524940617,0.1596199524940617,0.8290604026845637,1,0,0,0,0
chr1,35267828,35268048,GGTTT,0,SMIM12,5,220,0.4,0.3990990990990991,6471,7012,6471,50000.0,147068,0.39075801669975796,0.56679,0.0,0.13018018018018018,0.03936696340257171,44.0,2.3443922736851106,1.6434625467031605,0.4,0.6,0.4,0.6,0.0,0,1,-0.39685562737981767,-0.39685562737981767,0.0,3.3067542470758386,0.5195332357343329,0.0009009009009009472,0.0009009009009009472,0.3399787853237958,1,0,0,0,0
chr1,37012401,37012512,AAG,0,ENSG00000297367,3,111,0.35135135135135137,0.37991473235433443,0,50000,50000,50000.0,160100,0.9093847595252967,0.0,1.0,0.12932259592610137,0.08582367858385959,37.0,2.0492180226701815,1.5682134615970804,0.3333333333333333,0.6666666666666666,1.0,0.0,0.0,1,0,-0.45302405854074557,-0.4758203216992444,0.02279626315849881,1.5068229565198992,0.17835035113567044,-0.028563381002983057,0.028563381002983057,0.3123048094940662,1,1,0,0,0
chr1,37850064,37850160,AAAG,0,LITATS1,4,96,0.25,0.4556297709923664,10699,50000,50000,50000.0,140734,0.6389429704264783,0.0,1.0,0.21278625954198474,0.04732285031847134,24.0,1.9867717342662448,1.3802293369380374,0.25,0.75,1.0,0.0,0.0,0,0,-0.6003262785189619,-0.6003262785189619,0.0,4.49638518653945,0.6529600850828847,-0.2056297709923664,0.2056297709923664,0.35528017394517314,1,0,0,0,0
chr1,42011229,42011331,ACC,0,HIVEP3,3,102,0.5784313725490197,0.5594671741198858,1248,20648,35108,50000.0,529560,0.9258931943500265,0.90584,0.20341,0.6013320647002854,0.08471793851358074,34.0,2.012837224705172,1.5314916902215299,0.6666666666666666,0.3333333333333333,0.3333333333333333,0.6666666666666666,0.0,1,0,-0.23699799419255385,-0.17544030542608624,-0.06155768876646761,7.097965050682142,0.8511950380796045,0.018964198429133883,0.018964198429133883,0.09441800740237179,1,0,0,0,0
chr1,42687707,42687719,AAGGAG,0,FOXJ3,6,12,0.5,0.3996023856858847,5835,5835,16025,50000.0,159378,0.7144712570116327,0.99598,0.11789,0.09741550695825049,0.03417949230461723,2.0,1.1139433523068367,0.30124708863621136,0.5,0.5,1.0,0.0,0.0,0,0,-0.30016227413275426,-0.30016227413275426,0.0,2.8500322959096533,0.4550021369362256,0.10039761431411531,0.10039761431411531,0.3137195848862453,1,0,0,0,0
chr1,42687707,42687779,AAG,0,FOXJ3,3,72,0.3611111111111111,0.40106177606177607,5775,5775,16025,50000.0,159378,0.714283025260701,0.99598,0.11789,0.0945945945945946,0.03407732164208848,24.0,1.863322860120456,1.3802293369380374,0.3333333333333333,0.6666666666666666,1.0,0.0,0.0,1,0,-0.4411581489741807,-0.4758203216992444,0.03466217272506367,2.775799688379178,0.44354455192552383,-0.03995066495066496,0.03995066495066496,0.3137195848862453,1,0,0,0,0
chr1,54975342,54975347,CTGGT,0,ENSG00000287582,5,5,0.6,0.49875311720698257,4743,38636,38543,4745.5,2967,0.0,0.0,1.0,0.1655860349127182,0.18675331167208198,1.0,0.7781512503836436,0.00043407747931859284,0.6,0.4,0.4,0.6,0.0,0,1,-0.22112552799726048,-0.22112552799726048,0.0,0.88665173740924,-0.05175739254130297,0.10124688279301741,0.10124688279301741,1.5994270306707112,1,0,0,0,1
chr1,54976100,54976105,ACCAG,0,ENSG00000287582,5,5,0.6,0.5027431421446384,3985,37878,37785,3987.5,2967,0.0,0.0,1.0,0.04887780548628429,0.1857535616095976,1.0,0.7781512503836436,0.00043407747931859284,0.6,0.4,0.6,0.4,0.0,0,1,-0.22112552799726048,-0.22112552799726048,0.0,0.2631311180880247,-0.5781804302289025,0.09725685785536153,0.09725685785536153,1.3439501179642737,1,0,0,0,1
chr1,54976289,54976339,AAACC,0,ENSG00000287582,5,50,0.4,0.511219512195122,3751,37644,37551,3776.0,2967,0.0,0.0,1.0,0.04780487804878049,0.15645885286783043,10.0,1.7075701760979363,1.0000434272768626,0.4,0.6,0.6,0.4,0.0,0,1,-0.39685562737981767,-0.39685562737981767,0.0,0.3055408603072361,-0.5135116280844776,-0.11121951219512194,0.11121951219512194,1.2726659925851027,1,0,0,0,1
chr1,57832716,57832797,ATTTC,1,DAB1,5,81,0.0,0.44641999038923597,19451,50000,50000,50000.0,1551955,0.760105479862496,0.99915,0.068307,0.1451225372417107,0.05806483740849559,16.2,1.9138138523837167,1.2095418220166003,0.2,0.8,0.2,0.8,0.0,0,1,-3.0,-0.6968039425795112,-2.3031960574204886,2.4992757138895216,0.39798790243941207,-0.44641999038923597,0.44641999038923597,0.03221742898473216,1,0,0,0,0
chr1,58161036,58161104,AAAG,0,DAB1,4,68,0.25,0.3979690522243714,28535,50000,50000,50000.0,1551955,0.5485571424429188,0.99915,0.068307,0.12959381044487428,0.08042654973091488,17.0,1.8388490907372552,1.2304744673611585,0.25,0.75,1.0,0.0,0.0,0,0,-0.6003262785189619,-0.6003262785189619,0.0,1.6113111847675845,0.20744886673993895,-0.1479690522243714,0.1479690522243714,0.03221742898473216,1,0,0,0,0
chr1,58449856,58449932,AAAG,0,DAB1,4,76,0.25,0.4263005780346821,50000,50000,50000,50000.0,1551955,0.36245380826119317,0.99915,0.068307,0.06791907514450866,0.02774457063159992,19.0,1.8864907251724818,1.2787764579556449,0.25,0.75,1.0,0.0,0.0,0,0,-0.6003262785189619,-0.6003262785189619,0.0,2.447924969586116,0.38897547936975474,-0.17630057803468208,0.17630057803468208,0.03221742898473216,1,0,0,0,0
chr1,59446783,59446947,AAAG,0,JUN-DT,4,164,0.25,0.4121996303142329,1400,50000,50000,50000.0,456389,0.431708476759957,0.0,1.0,0.11136783733826247,0.03679825431462012,41.0,2.2174839442139063,1.6127944491388992,0.25,0.75,1.0,0.0,0.0,0,0,-0.6003262785189619,-0.6003262785189619,0.0,3.026361251402225,0.48106424789065816,-0.1621996303142329,0.1621996303142329,0.10955566413739157,1,0,0,0,0
chr1,64704728,64704839,AAG,0,UBE2U,3,111,0.3783783783783784,0.4040738986262435,2496,2496,4978,35477.5,63745,0.5565534551729547,1.3492e-07,0.81312,0.09474182851729038,0.0253592561284869,37.0,2.0492180226701815,1.5682134615970804,0.3333333333333333,0.6666666666666666,1.0,0.0,0.0,1,0,-0.4209274241551523,-0.4758203216992444,0.0548928975440921,3.735838787955612,0.572504362229753,-0.02569552024786509,0.02569552024786509,0.5565534551729547,1,0,0,0,0
chr1,65379319,65379391,AAGG,0,JAK1,4,72,0.4861111111111111,0.4295366795366795,4735,27372,12566,50000.0,234531,0.6569792479459006,0.99998,0.11395,0.06274131274131274,0.02899561578318055,18.0,1.863322860120456,1.2552966319043402,0.5,0.5,1.0,0.0,0.0,0,0,-0.31237196396301214,-0.30016227413275426,-0.012209689830257886,2.163746045761166,0.33540695501102696,0.056574431574431594,0.056574431574431594,0.2131914331154517,1,0,0,0,0
chr1,70247374,70247418,AAAG,0,LRRC7,4,44,0.25,0.399706457925636,10308,10308,50000,50000.0,584023,0.3660660624667179,1.0,0.079784,0.14579256360078277,0.0676012771901816,11.0,1.6532125137753437,1.0414321646802651,0.25,0.75,1.0,0.0,0.0,0,0,-0.6003262785189619,-0.6003262785189619,0.0,2.1566220793218687,0.33397537767851526,-0.14970645792563603,0.14970645792563603,0.08561306660867808,1,0,0,0,0
chr1,78353599,78353695,CTT,0,NEXN-AS1,3,96,0.3333333333333333,0.5481870229007634,0,9114,470,1577.0,8191,0.1925283848125992,0.0,1.0,0.1006679389312977,0.10723527070063694,32.0,1.9867717342662448,1.505163549810412,0.3333333333333333,0.6666666666666666,0.0,1.0,0.0,1,0,-0.4758203216992444,-0.4758203216992444,0.0,0.938748972465897,-0.026988140477288973,-0.21485368956743006,0.21485368956743006,0.1925283848125992,1,1,0,0,1
chr1,100292463,100292543,AAAG,0,AL451051.1,4,80,0.25,0.37596153846153846,2478,24056,22790,2518.0,72,0.0,0.0,1.0,0.1451923076923077,0.11200199203187251,20.0,1.9084850188786497,1.3010517098452263,0.25,0.75,1.0,0.0,0.0,0,0,-0.6003262785189619,-0.6003262785189619,0.0,1.2963252593376304,0.11304887402257262,-0.12596153846153846,0.12596153846153846,34.97222222222222,1,0,0,0,1
chr1,102123412,102123592,CTT,0,LINC01709,3,180,0.3333333333333333,0.4077981651376147,11504,50000,50000,18437.0,148182,0.12442131972844205,0.0,1.0,0.1444954128440367,0.04910802775024777,60.0,2.2576785748691846,1.7781584885646906,0.3333333333333333,0.6666666666666666,0.0,1.0,0.0,1,0,-0.4758203216992444,-0.4758203216992444,0.0,2.942339106750238,0.46884030073581473,-0.07446483180428137,0.07446483180428137,0.12442131972844205,1,0,0,0,0
chr1,110196760,110196812,AAAG,0,ENSG00000310168,4,52,0.25,0.4351851851851852,1789,2200,1909,2653.0,838,1.0,0.0,1.0,0.11403508771929824,0.03919808497905446,13.0,1.7242758696007892,1.1139767582898465,0.25,0.75,1.0,0.0,0.0,0,0,-0.6003262785189619,-0.6003262785189619,0.0,2.9091262660909423,0.46391183279239845,-0.18518518518518517,0.18518518518518517,3.1658711217183773,1,0,0,0,1
chr1,110663085,110663142,ACC,0,LINC01397,3,57,0.6140350877192983,0.5551774428779777,6516,7404,6516,37853.5,56243,0.6730348665611721,0.0,1.0,0.19834710743801653,0.0477140150570873,19.0,1.7634279935629373,1.2787764579556449,0.6666666666666666,0.3333333333333333,0.3333333333333333,0.6666666666666666,0.0,1,0,-0.21110010704053367,-0.17544030542608624,-0.03565980161444743,4.156911764582064,0.6188752688911424,0.05885764484132061,0.05885764484132061,0.6730348665611721,1,0,0,0,0
chr1,113980499,113980541,CTCCTT,0,MAGI3,6,42,0.5,0.40450538687561216,11781,46528,46844,47397.0,295422,0.16043828827913967,0.02978,0.25484,0.14985308521057786,0.044207164953597444,7.0,1.6334684555795866,0.8451600776519459,0.5,0.5,0.0,1.0,0.0,0,0,-0.30016227413275426,-0.30016227413275426,0.0,3.389715120902876,0.5302913030139691,0.09549461312438784,0.09549461312438784,0.16043828827913967,1,0,0,0,0
chr1,116304060,116304150,AAG,0,CASQ2,3,90,0.36666666666666664,0.4110047846889952,3815,3815,6779,50000.0,139883,0.5464352351608129,1.3885e-12,0.93716,0.08421052631578947,0.031458437033349926,30.0,1.9590413923210936,1.4771357309611233,0.3333333333333333,0.6666666666666666,1.0,0.0,0.0,1,0,-0.43454574227947185,-0.4758203216992444,0.04127457941977253,2.6767969886593486,0.42777764883468783,-0.044338118022328565,0.044338118022328565,0.3574415761743743,1,0,0,0,0
chr1,145209324,145209354,GGC,1,ENSG00000308729,3,30,0.9333333333333333,0.6300492610837438,0,0,0,11.0,9012,0.0012205947625388372,0.0,1.0,0.08916256157635467,0.03699450823764353,10.0,1.4913616938342726,1.0000434272768626,1.0,0.0,0.6666666666666666,0.3333333333333333,0.0,1,0,-0.02949815695937631,0.00043407747931859284,-0.029932234438694902,2.4100915441845534,0.3822136999583098,0.30328407224958953,0.30328407224958953,0.0012205947625388372,1,1,1,1,1
chr1,181230296,181230326,AAAAT,0,LINC01699,5,30,0.0,0.44729064039408867,22556,50000,50000,24787.0,2216,1.0,0.0,1.0,0.06847290640394088,0.03404892661008487,6.0,1.4913616938342726,0.7782236267660966,0.0,1.0,0.8,0.2,0.0,0,1,-3.0,-3.0,0.0,2.01095606425362,0.30361849265598256,-0.44729064039408867,0.44729064039408867,11.185469314079423,1,0,0,0,0
chr1,199820095,199820171,AAAG,0,ENSG00000301535,4,76,0.25,0.3988439306358382,15264,50000,50000,15302.0,1777,0.0,0.0,1.0,0.14450867052023122,0.049910340705319786,19.0,1.8864907251724818,1.2787764579556449,0.25,0.75,1.0,0.0,0.0,0,0,-0.6003262785189619,-0.6003262785189619,0.0,2.8953073285172004,0.4618446431596266,-0.14884393063583817,0.14884393063583817,8.61114237478897,1,0,0,0,0
chr1,203531036,203531105,AAG,0,ENSG00000307117,3,69,0.3333333333333333,0.471725471242146,4371,50000,50000,5236.5,831,1.0,0.0,1.0,0.12759787336877718,0.04514425232946335,23.0,1.845098040014257,1.3617467179758969,0.3333333333333333,0.6666666666666666,1.0,0.0,0.0,1,0,-0.4758203216992444,-0.4758203216992444,0.0,2.826385207409781,0.4513849814841347,-0.13839213790881266,0.13839213790881266,6.3014440433212995,1,0,0,0,0
chr1,207580728,207580806,AAG,0,ENSG00000283044,3,78,0.32051282051282054,0.38931665062560156,2432,22145,20579,8847.0,14588,0.6064573622155196,0.0,1.0,0.07892204042348412,0.05398944117940034,26.0,1.8976270912904414,1.4149900512835218,0.3333333333333333,0.6666666666666666,1.0,0.0,0.0,1,0,-0.4928017046465695,-0.4758203216992444,-0.016981382947325152,1.461778024025413,0.16517842711296496,-0.06880383011278102,0.06880383011278102,0.6064573622155196,1,0,0,0,0
chr1,214852967,214853117,CTT,0,CENPF,3,150,0.4066666666666667,0.3972093023255814,15050,15830,15053,50000.0,61402,1.0,1.8822e-36,0.60797,0.15255813953488373,0.08317617866004963,50.0,2.1789769472931693,1.698978690138799,0.3333333333333333,0.6666666666666666,0.0,1.0,0.0,1,0,-0.389694797683377,-0.4758203216992444,0.08612552401586737,1.8341345786492524,0.2636679185181453,0.009457364341085295,0.009457364341085295,0.8143057229406209,1,0,0,0,0
chr1,215800717,215800869,CCTT,0,USH2A,4,152,0.48026315789473684,0.4033457249070632,1287,1287,1595,50000.0,800557,0.9943039658637673,1.5692e-94,0.75645,0.13894052044609664,0.0610361254466058,38.0,2.184691430817599,1.579795025268589,0.5,0.5,0.0,1.0,0.0,0,0,-0.31761738356560365,-0.30016227413275426,-0.01745510943284939,2.2763280450951013,0.35742559447679423,0.07691743298767362,0.07691743298767362,0.062456514651673775,1,0,0,0,0
chr1,216223692,216223697,AAAGG,0,USH2A,5,5,0.4,0.42094763092269327,1703,1703,50000,50000.0,800557,0.466044891244471,1.5692e-94,0.75645,0.04039900249376559,0.03199200199950013,1.0,0.7781512503836436,0.00043407747931859284,0.4,0.6,1.0,0.0,0.0,0,1,-0.39685562737981767,-0.39685562737981767,0.0,1.2627449744915091,0.10165944155261156,-0.02094763092269325,0.02094763092269325,0.062456514651673775,1,0,0,0,0
chr1,216224387,216224392,CCTTT,0,USH2A,5,5,0.4,0.40997506234413966,2398,2398,50000,50000.0,800557,0.4651767456908128,1.5692e-94,0.75645,0.04139650872817955,0.03074231442139465,1.0,0.7781512503836436,0.00043407747931859284,0.4,0.6,0.0,1.0,0.0,0,1,-0.39685562737981767,-0.39685562737981767,0.0,1.3465206828633678,0.12953543982129587,-0.00997506234413964,0.00997506234413964,0.062456514651673775,1,0,0,0,0
chr1,219648875,219649015,AAAG,0,LYPLAL1-AS1,4,140,0.25,0.4070093457943925,4585,50000,50000,50000.0,140870,0.527479236175197,0.0,1.0,0.15654205607476634,0.039721946375372394,35.0,2.14921911265538,1.5440804525867846,0.25,0.75,1.0,0.0,0.0,0,0,-0.6003262785189619,-0.6003262785189619,0.0,3.9408470508577373,0.5956997690410474,-0.15700934579439252,0.15700934579439252,0.3549371761198268,1,0,0,0,0
chr1,223613064,223613156,CTTT,0,CCDC185,4,92,0.2608695652173913,0.4134799235181644,44257,44375,44257,46353.0,2050,1.0,0.0,1.0,0.10946462715105162,0.052209834760103525,23.0,1.9684829485539352,1.3617467179758969,0.25,0.75,0.0,1.0,0.0,0,0,-0.5819149728470124,-0.6003262785189619,0.018411305671949485,2.0965883356206767,0.32172025930517195,-0.15261035830077313,0.15261035830077313,22.61121951219512,1,0,0,0,0
chr1,224201312,224201382,AATGG,0,SEPTIN7P13,5,70,0.4,0.41497584541062804,2700,50000,50000,20956.0,42263,0.49584743155952016,0.0,1.0,1.0,0.2694569008470354,14.0,1.8512583487190752,1.1461590556048185,0.4,0.6,0.8,0.2,0.0,0,1,-0.39685562737981767,-0.39685562737981767,0.0,3.7111548663317,0.5696260861325788,-0.01497584541062802,0.01497584541062802,0.49584743155952016,1,0,0,0,0
chr1,224201840,224201850,GGAGT,0,SEPTIN7P13,5,10,0.6,0.42338308457711443,3228,50000,50000,21454.0,42263,0.5076307881598562,0.0,1.0,1.0,0.27211394302848574,2.0,1.0413926851582251,0.30124708863621136,0.6,0.4,0.8,0.2,0.0,0,1,-0.22112552799726048,-0.22112552799726048,0.0,3.6749176244074087,0.5653657704871541,0.17661691542288555,0.17661691542288555,0.5076307881598562,1,0,0,0,0
chr1,234275700,234275745,AAAAT,0,SLC35F3,5,45,0.0,0.4034229828850856,50000,50000,50000,50000.0,419835,0.5604594662188717,0.0996,0.27124,0.045965770171149146,0.042254926415564976,9.0,1.662757831681574,0.9542907617011269,0.0,1.0,0.8,0.2,0.0,0,1,-3.0,-3.0,0.0,1.087794637824285,0.036945973355217245,-0.4034229828850856,0.4034229828850856,0.1190944061357438,1,0,0,0,0
chr1,239133264,239133344,CTTT,0,.,4,80,0.2625,0.3548076923076923,50000,50000,50000,50000.0,0,-1.0,0.0,1.0,0.2846153846153846,0.060059760956175295,20.0,1.9084850188786497,1.3010517098452263,0.25,0.75,0.0,1.0,0.0,0,0,-0.5792193804514346,-0.6003262785189619,0.021106898067527302,4.738790852534498,0.6757591784685674,-0.09230769230769231,0.09230769230769231,50000.0,0,0,0,0,0
chr1,246855855,246855907,CCCT,0,ENSG00000235021,4,52,0.7115384615384616,0.47612085769980506,679,26648,23958,9419.0,8714,1.0,0.0,1.0,0.15253411306042886,0.07709954119289847,13.0,1.7242758696007892,1.1139767582898465,0.75,0.25,0.0,1.0,0.0,0,0,-0.14719168825545884,-0.1243600629958316,-0.02283162525962723,1.9783792785423195,0.296529019469539,0.2354176038386565,0.2354176038386565,1.0809042919439982,1,0,0,0,0
chr1,246856019,246856071,CCCT,0,ENSG00000235021,4,52,0.7115384615384616,0.489766081871345,843,26812,24122,9583.0,8714,1.0,0.0,1.0,0.13304093567251463,0.07709954119289847,13.0,1.7242758696007892,1.1139767582898465,0.75,0.25,0.0,1.0,0.0,0,0,-0.14719168825545884,-0.1243600629958316,-0.02283162525962723,1.7255512557254096,0.2371794756760859,0.22177237966711655,0.22177237966711655,1.0997245811338077,1,0,0,0,0
chr10,2126567,2126645,CTT,0,ENSG00000226694,3,78,0.3333333333333333,0.4504331087584216,3276,50000,50000,12567.0,9252,1.0,0.0,1.0,0.21751684311838307,0.07276621177408109,26.0,1.8976270912904414,1.4149900512835218,0.3333333333333333,0.6666666666666666,0.0,1.0,0.0,1,0,-0.4758203216992444,-0.4758203216992444,0.0,2.9892150298915294,0.4757024200761004,-0.11709977542508826,0.11709977542508826,1.358300907911803,1,0,0,0,0
chr10,3972592,3972664,CTTT,0,LINC02660,4,72,0.25,0.4749034749034749,1019,50000,50000,18549.0,37467,0.4950756665865962,0.0,1.0,0.08445945945945946,0.09067357512953368,18.0,1.863322860120456,1.2552966319043402,0.25,0.75,0.0,1.0,0.0,0,0,-0.6003262785189619,-0.6003262785189619,0.0,0.9314569088281297,-0.03037122889254208,-0.2249034749034749,0.2249034749034749,0.4950756665865962,1,0,0,0,0
chr10,6387600,6387704,ATCC,0,LINC02649,4,104,0.5096153846153846,0.41730038022813687,858,50000,50000,50000.0,130202,0.5723414386875778,0.0,1.0,0.14258555133079848,0.06690210903302825,26.0,2.0211892990699383,1.4149900512835218,0.5,0.5,0.25,0.75,0.0,0,0,-0.2919061042342517,-0.30016227413275426,0.008256169898502586,2.1312245931711167,0.328832948214596,0.09231500438724771,0.09231500438724771,0.38401867866853046,1,0,0,0,0
chr10,7608935,7608941,CTCCTT,0,ITIH5,6,6,0.5,0.4581256231306082,565,565,3891,50000.0,107752,0.9284839260524167,7.095199999999999e-21,0.90553,0.16899302093718843,0.10781765470358892,1.0,0.8450980400142568,0.00043407747931859284,0.5,0.5,0.0,1.0,0.0,0,0,-0.30016227413275426,-0.30016227413275426,0.0,1.5673820212446337,0.195451855230439,0.04187437686939183,0.04187437686939183,0.46402850991164896,1,0,0,0,0
chr10,8066552,8066596,AAAG,0,GATA3-AS1,4,44,0.25,0.4354207436399217,6328,9838,7958,32432.0,40410,0.8025736203909923,0.0,1.0,0.13258317025440314,0.07967471562562363,11.0,1.6532125137753437,1.0414321646802651,0.25,0.75,1.0,0.0,0.0,0,0,-0.6003262785189619,-0.6003262785189619,0.0,1.6640348845735942,0.22142333695291327,-0.18542074363992173,0.18542074363992173,0.8025736203909923,1,0,0,0,0
chr10,8723485,8723572,CTT,0,ENSG00000297769,3,87,0.3793103448275862,0.38763775754671775,11719,50000,50000,11762.5,97453,0.0,0.0,1.0,0.23526593195975085,0.05426395180962812,29.0,1.9444826721501687,1.4624129733125506,0.3333333333333333,0.6666666666666666,0.0,1.0,0.0,1,0,-0.4198618611768126,-0.4758203216992444,0.05595846052243175,4.335504300918002,0.6371397814571195,-0.008327412719131566,0.008327412719131566,0.12069920884939407,1,0,0,0,0
chr10,26163268,26163293,AAAGG,0,ENSG00000297038,5,25,0.4,0.4202469135802469,9633,50000,50000,50000.0,81653,0.8048265219893942,0.0,1.0,0.1545679012345679,0.05473158551810237,5.0,1.414973347970818,0.6990568545476679,0.4,0.6,1.0,0.0,0.0,0,1,-0.39685562737981767,-0.39685562737981767,0.0,2.8240562687002204,0.4510271024006401,-0.020246913580246884,0.020246913580246884,0.612347372417425,1,0,0,0,0
chr10,34954770,34954830,AACAG,0,PARD3,5,60,0.4,0.441747572815534,1741,12959,13100,50000.0,705859,0.21186525920899216,0.95577,0.19581,0.12766990291262137,0.03160518444666002,12.0,1.7853298350107671,1.079217435746567,0.4,0.6,0.8,0.2,0.0,0,1,-0.39685562737981767,-0.39685562737981767,0.0,4.039396249429686,0.6064239592942553,-0.041747572815533984,0.041747572815533984,0.07083567681364125,1,0,0,0,0
chr10,36031789,36031897,CTTT,0,ENSG00000301879,4,108,0.25,0.36527514231499053,10172,50000,50000,13246.0,23652,0.5600372061559277,0.0,1.0,0.07922201138519924,0.06226377561169684,27.0,2.037426497940624,1.431379848841936,0.25,0.75,0.0,1.0,0.0,0,0,-0.6003262785189619,-0.6003262785189619,0.0,1.2723407513624265,0.10494463824418064,-0.11527514231499053,0.11527514231499053,0.5600372061559277,1,0,0,0,0
chr10,37357429,37357557,CTTT,0,ENSG00000308811,4,128,0.2578125,0.3933270676691729,5407,50000,50000,30523.0,83577,0.36520813142371705,0.0,1.0,0.14285714285714285,0.04302464228934817,32.0,2.110589710299249,1.505163549810412,0.25,0.75,0.0,1.0,0.0,0,0,-0.5870147521535467,-0.6003262785189619,0.013311526365415216,3.320279146477957,0.5213053786637992,-0.13551456766917291,0.13551456766917291,0.36520813142371705,1,0,0,0,0
chr10,38400568,38400574,AAGACC,0,ENSG00000302873,6,6,0.5,0.39282153539381853,3109,3109,7192,45808.0,73506,0.6231872228117432,0.0,1.0,0.03988035892323031,0.0934219734079776,1.0,0.8450980400142568,0.00043407747931859284,0.5,0.5,0.6666666666666666,0.3333333333333333,0.0,0,0,-0.30016227413275426,-0.30016227413275426,0.0,0.4268795722126399,-0.3686784470685327,0.10717846460618147,0.10717846460618147,0.6231872228117432,1,0,0,0,0
chr10,38401232,38401238,GGTCTT,0,ENSG00000302873,6,6,0.5,0.3938185443668993,2445,2445,6528,45144.0,73506,0.6141539466166027,0.0,1.0,0.11465603190428714,0.09177246825952215,1.0,0.8450980400142568,0.00043407747931859284,0.5,0.5,0.3333333333333333,0.6666666666666666,0.0,0,0,-0.30016227413275426,-0.30016227413275426,0.0,1.2493374618910162,0.09702724345414189,0.10618145563310072,0.10618145563310072,0.6141539466166027,1,0,0,0,0
chr10,38776444,38776514,AATGG,0,ENSG00000203496,5,70,0.42857142857142855,0.4,21340,49932,50000,34370.0,12995,1.0,0.0,1.0,1.0,0.7151968111609367,14.0,1.8512583487190752,1.1461590556048185,0.4,0.6,0.8,0.2,0.0,0,1,-0.3669646119137393,-0.39685562737981767,0.029891015466078363,1.3982145700037327,0.1458843187971476,0.028571428571428525,0.028571428571428525,2.644863409003463,1,0,0,0,0
chr10,38778086,38778156,AATGG,0,ENSG00000203496,5,70,0.4,0.3903381642512077,22982,50000,50000,36012.0,12995,1.0,0.0,1.0,1.0,0.7943697060288989,14.0,1.8512583487190752,1.1461590556048185,0.4,0.6,0.8,0.2,0.0,0,1,-0.39685562737981767,-0.39685562737981767,0.0,1.2588581029114891,0.10032163353596839,0.009661835748792313,0.009661835748792313,2.771219699884571,1,0,0,0,0
chr10,38783769,38783839,AATGG,0,ENSG00000203496,5,70,0.4,0.4,28665,50000,50000,41695.0,12995,1.0,0.0,1.0,1.0,0.9991031390134529,14.0,1.8512583487190752,1.1461590556048185,0.4,0.6,0.8,0.2,0.0,0,1,-0.39685562737981767,-0.39685562737981767,0.0,1.0008966642730874,0.0008229306626940817,0.0,0.0,3.208541746825702,1,0,0,0,0
chr10,38808826,38808906,AATGG,0,.,5,80,0.4,0.3951923076923077,50000,50000,50000,50000.0,0,-1.0,0.0,1.0,1.0,0.9952689243027888,16.0,1.9084850188786497,1.2041471252128477,0.4,0.6,0.8,0.2,0.0,0,1,-0.39685562737981767,-0.39685562737981767,0.0,1.004752555645168,0.002491144799037418,0.004807692307692346,0.004807692307692346,50000.0,0,0,0,0,0
chr10,38872085,38872150,AATGG,0,ABCD1P2,5,65,0.4307692307692308,0.3869249394673123,22399,50000,50000,22431.5,4191,0.0,0.0,1.0,1.0,0.6623972090705208,13.0,1.8195439355418688,1.1139767582898465,0.4,0.6,0.8,0.2,0.0,0,1,-0.3647483100871644,-0.39685562737981767,0.03210731729265326,1.5096659174293405,0.17916843107691535,0.04384429130191847,0.04384429130191847,5.352302553089955,1,0,0,0,0
chr10,38874525,38874590,AATGG,0,ABCD1P2,5,65,0.4153846153846154,0.3980629539951574,19959,50000,50000,19991.5,4191,0.0,0.0,1.0,1.0,0.7833540991776725,13.0,1.8195439355418688,1.1139767582898465,0.4,0.6,0.8,0.2,0.0,0,1,-0.3805053252157754,-0.39685562737981767,0.016350302164042263,1.2765602739418567,0.10638139884420479,0.01732166138945801,0.01732166138945801,4.770102600811263,1,0,0,0,0
chr10,42356417,42356532,CCATT,0,.,5,115,0.4260869565217391,0.41843971631205673,50000,50000,50000,50000.0,0,-1.0,0.0,1.0,1.0,0.575292070594084,23.0,2.0644579892269186,1.3617467179758969,0.4,0.6,0.2,0.8,0.0,0,1,-0.3694836919708214,-0.39685562737981767,0.02737193540899624,1.7382444724518178,0.24036063178677308,0.007647240209682382,0.007647240209682382,50000.0,0,0,0,0,0
chr10,42359295,42359355,CCATT,0,.,5,60,0.4,0.4053398058252427,50000,50000,50000,50000.0,0,-1.0,0.0,1.0,1.0,0.7186939182452642,12.0,1.7853298350107671,1.079217435746567,0.4,0.6,0.2,0.8,0.0,0,1,-0.39685562737981767,-0.39685562737981767,0.0,1.3914109792811096,0.14376743907533757,-0.005339805825242683,0.005339805825242683,50000.0,0,0,0,0,0
chr10,42361060,42361130,CCATT,0,.,5,70,0.38571428571428573,0.406280193236715,50000,50000,50000,50000.0,0,-1.0,0.0,1.0,1.0,0.804932735426009,14.0,1.8512583487190752,1.1461590556048185,0.4,0.6,0.2,0.8,0.0,0,1,-0.4126097842437504,-0.39685562737981767,-0.015754156863932722,1.242338289462738,0.09458930825419572,-0.02056590752242926,0.02056590752242926,50000.0,0,0,0,0,0
chr10,42362450,42362495,CCATT,0,.,5,45,0.4,0.40880195599022007,50000,50000,50000,50000.0,0,-1.0,0.0,1.0,1.0,0.8745821900723373,9.0,1.662757831681574,0.9542907617011269,0.4,0.6,0.2,0.8,0.0,0,1,-0.39685562737981767,-0.39685562737981767,0.0,1.1434018071137286,0.058578534923945776,-0.008801955990220045,0.008801955990220045,50000.0,0,0,0,0,0
chr10,42362705,42362750,CCATT,0,.,5,45,0.4,0.4078239608801956,50000,50000,50000,50000.0,0,-1.0,0.0,1.0,1.0,0.8886006485407832,9.0,1.662757831681574,0.9542907617011269,0.4,0.6,0.2,0.8,0.0,0,1,-0.39685562737981767,-0.39685562737981767,0.0,1.1253636560793574,0.051678628819671835,-0.007823960880195602,0.007823960880195602,50000.0,0,0,0,0,0
chr10,42363388,42363443,CCATT,0,.,5,55,0.4,0.40340632603406323,50000,50000,50000,50000.0,0,-1.0,0.0,1.0,1.0,0.9217651458489154,11.0,1.7481880270062005,1.0414321646802651,0.4,0.6,0.2,0.8,0.0,0,1,-0.39685562737981767,-0.39685562737981767,0.0,1.0848738636186663,0.035779380026372105,-0.0034063260340632118,0.0034063260340632118,50000.0,0,0,0,0,0
chr10,42366077,42366127,CCATT,0,.,5,50,0.42,0.4073170731707317,50000,50000,50000,50000.0,0,-1.0,0.0,1.0,1.0,0.9970573566084788,10.0,1.7075701760979363,1.0000434272768626,0.4,0.6,0.2,0.8,0.0,0,1,-0.3757179041643317,-0.39685562737981767,0.02113772321548596,1.0029503221872862,0.001712223432793674,0.012682926829268304,0.012682926829268304,50000.0,0,0,0,0,0
chr10,42366247,42366297,CCATT,0,.,5,50,0.38,0.40390243902439027,50000,50000,50000,50000.0,0,-1.0,0.0,1.0,1.0,0.9997007481296758,10.0,1.7075701760979363,1.0000434272768626,0.4,0.6,0.2,0.8,0.0,0,1,-0.4190750243243807,-0.39685562737981767,-0.02221939694456304,1.000298340851041,0.0005634965410526447,-0.023902439024390265,0.023902439024390265,50000.0,0,0,0,0,0
chr10,42372855,42372915,CCATT,0,.,5,60,0.4,0.4029126213592233,50000,50000,50000,50000.0,0,-1.0,0.0,1.0,1.0,0.999950149551346,12.0,1.7853298350107671,1.079217435746567,0.4,0.6,0.2,0.8,0.0,0,1,-0.39685562737981767,-0.39685562737981767,0.0,1.000048852835137,0.0004552722835307835,-0.0029126213592232664,0.0029126213592232664,50000.0,0,0,0,0,0
chr10,42375836,42375891,CCATT,0,.,5,55,0.38181818181818183,0.4116788321167883,50000,50000,50000,50000.0,0,-1.0,0.0,1.0,1.0,0.9986537023186238,11.0,1.7481880270062005,1.0414321646802651,0.4,0.6,0.2,0.8,0.0,0,1,-0.41700744373795995,-0.39685562737981767,-0.020151816358142283,1.001347109945262,0.0010181425182904855,-0.02986065029860646,0.02986065029860646,50000.0,0,0,0,0,0
chr10,42377839,42377924,CCATT,0,.,5,85,0.4,0.4038369304556355,50000,50000,50000,50000.0,0,-1.0,0.0,1.0,1.0,0.9994025392083644,17.0,1.9344984512435677,1.2304744673611585,0.4,0.6,0.2,0.8,0.0,0,1,-0.39685562737981767,-0.39685562737981767,0.0,1.0005968167694383,0.0006929356130952425,-0.00383693045563549,0.00383693045563549,50000.0,0,0,0,0,0
chr10,42379387,42379442,CCATT,0,.,5,55,0.4,0.4116788321167883,50000,50000,50000,50000.0,0,-1.0,0.0,1.0,1.0,0.999700822737472,11.0,1.7481880270062005,1.0414321646802651,0.4,0.6,0.2,0.8,0.0,0,1,-0.39685562737981767,-0.39685562737981767,0.0,1.0002982661987267,0.0005634641620023049,-0.011678832116788274,0.011678832116788274,50000.0,0,0,0,0,0
chr10,42380087,42380157,CCATT,0,.,5,70,0.4,0.4144927536231884,50000,50000,50000,50000.0,0,-1.0,0.0,1.0,1.0,0.9995017438963627,14.0,1.8512583487190752,1.1461590556048185,0.4,0.6,0.2,0.8,0.0,0,1,-0.39685562737981767,-0.39685562737981767,0.0,1.0004975034902843,0.0006498710317468631,-0.01449275362318836,0.01449275362318836,50000.0,0,0,0,0,0
chr10,47642613,47643165,AACTCT,0,ANTXRLP1,6,552,0.3333333333333333,0.4980407523510972,389,15334,14416,1904.0,39672,0.04799354708610607,0.0,1.0,0.2927115987460815,0.09415142078629817,92.0,2.7427251313046983,1.9637925479120948,0.3333333333333333,0.6666666666666666,0.3333333333333333,0.6666666666666666,0.0,0,0,-0.4758203216992444,-0.4758203216992444,0.0,3.108912084273029,0.49274811190311574,-0.16470741901776387,0.16470741901776387,0.04799354708610607,1,0,0,0,1
chr10,49500014,49500038,CTTT,0,ENSG00000306580,4,24,0.25,0.43626482213438733,461,17404,14644,8796.0,11463,0.767338393090814,0.0,1.0,0.037549407114624504,0.031811825809029165,6.0,1.3979400086720377,0.7782236267660966,0.25,0.75,0.0,1.0,0.0,0,0,-0.6003262785189619,-0.6003262785189619,0.0,1.1803229093835221,0.07236862631375708,-0.18626482213438733,0.18626482213438733,0.767338393090814,1,0,0,0,0
chr10,50394063,50394183,AAG,0,TMEM273,3,120,0.35,0.42547169811320756,2156,2156,2181,2507.0,33860,0.07404016538688718,0.0,1.0,0.09339622641509433,0.033449304174950296,40.0,2.0827853703164503,1.6020708485542952,0.3333333333333333,0.6666666666666666,1.0,0.0,0.0,1,0,-0.4546928835341759,-0.4758203216992444,0.021127438165068457,2.79208900243829,0.446084774817357,-0.07547169811320759,0.07547169811320759,0.07404016538688718,1,0,0,0,1
chr10,58296260,58296266,AAGGAG,0,.,6,6,0.5,0.39431704885343966,50000,50000,50000,50000.0,0,-1.0,0.0,1.0,0.04037886340977069,0.048585424372688195,1.0,0.8450980400142568,0.00043407747931859284,0.5,0.5,1.0,0.0,0.0,0,0,-0.30016227413275426,-0.30016227413275426,0.0,0.8310729577472014,-0.07983859226952375,0.10568295114656034,0.10568295114656034,50000.0,0,0,0,0,0
chr10,58296929,58296953,CTT,0,.,3,24,0.3333333333333333,0.408596837944664,50000,50000,50000,50000.0,0,-1.0,0.0,1.0,0.055830039525691696,0.049540551338393926,8.0,1.3979400086720377,0.9031442704095386,0.3333333333333333,0.6666666666666666,0.0,1.0,0.0,1,0,-0.4758203216992444,-0.4758203216992444,0.0,1.126933614661039,0.05228353968739286,-0.07526350461133069,0.07526350461133069,50000.0,0,0,0,0,0
chr10,71092116,71092148,CTTT,0,HK1,4,32,0.21875,0.4719488188976378,5628,11435,11435,50000.0,133512,0.4673137995086584,0.91459,0.18533,0.019192913385826772,0.0865615015974441,8.0,1.5185139398778875,0.9031442704095386,0.25,0.75,0.0,1.0,0.0,0,0,-0.6580711162541905,-0.6003262785189619,-0.05774483773522854,0.2217231830369546,-0.652234575327852,-0.2531988188976378,0.2531988188976378,0.3744981724489185,1,0,0,0,0
chr10,72527338,72527422,AAAG,0,TBATA,4,84,0.27380952380952384,0.43138195777351246,3572,3710,3572,17777.0,14163,1.0,4.7461e-10,0.92996,0.05854126679462572,0.030223063134833698,21.0,1.9294189257142929,1.322239974931152,0.25,0.75,1.0,0.0,0.0,0,0,-0.5609682204252565,-0.6003262785189619,0.039358058093705406,1.9369092280367826,0.28733343077151474,-0.15757243396398862,0.15757243396398862,1.2551719268516557,1,0,0,0,0
chr10,93333046,93333098,AAAG,0,HECTD2-AS1,4,52,0.25,0.4269005847953216,1538,50000,50000,40476.0,306835,0.13191454690631774,0.0,1.0,0.10477582846003898,0.03535806902054658,13.0,1.7242758696007892,1.1139767582898465,0.25,0.75,1.0,0.0,0.0,0,0,-0.6003262785189619,-0.6003262785189619,0.0,2.963195337500415,0.47190681982120414,-0.1769005847953216,0.1769005847953216,0.13191454690631774,1,0,0,0,0
chr10,98175473,98175531,CT,0,TLL2,2,58,0.5,0.4499514091350826,2400,2400,47629,50000.0,149333,0.6575639677767138,2.1374e-31,0.90932,0.028182701652089408,0.06371522584504935,29.0,1.7708520116421442,1.4624129733125506,0.5,0.5,0.0,1.0,0.0,0,0,-0.30016227413275426,-0.30016227413275426,0.0,0.44231592939334713,-0.3532866631889617,0.05004859086491742,0.05004859086491742,0.334822175942357,1,0,0,0,0
chr10,99438637,99438757,GT,0,AVPI1,2,120,0.5,0.519811320754717,619,619,906,8621.0,10139,0.8502810928099418,3.8026e-05,1.2566,0.08820754716981132,0.05934393638170974,60.0,2.0827853703164503,1.7781584885646906,0.5,0.5,0.5,0.5,0.0,0,0,-0.30016227413275426,-0.30016227413275426,0.0,1.48635338662183,0.17241416665654816,-0.019811320754717032,0.019811320754717032,0.8502810928099418,1,0,0,0,0
chr10,100891890,100891950,AAAG,0,HPSE2,4,60,0.26666666666666666,0.43980582524271844,12045,12045,50000,50000.0,778785,0.13315485018329834,0.00015083,0.41463,0.12233009708737864,0.043818544366899304,15.0,1.7853298350107671,1.1761202110560856,0.25,0.75,1.0,0.0,0.0,0,0,-0.5724057094409815,-0.6003262785189619,0.02792056907798046,2.7916788924849056,0.44602100256852784,-0.17313915857605178,0.17313915857605178,0.06420257195503253,1,0,0,0,0
chr10,105010640,105010826,ACC,0,NT5C2,3,186,0.6075268817204301,0.5086916742909423,1151,4200,2867,26629.0,190464,0.13981119791666666,2.1385e-06,0.45751,0.25892040256175664,0.08753591598137322,62.0,2.271841606536499,1.7923986941914727,0.6666666666666666,0.3333333333333333,0.3333333333333333,0.6666666666666666,0.0,1,0,-0.2157202320189938,-0.17544030542608624,-0.04027992659290755,2.95784241035921,0.4711218350038392,0.09883520742948781,0.09883520742948781,0.13981119791666666,1,0,0,0,0
chr10,111104462,111104497,CTTTT,0,.,5,35,0.2,0.3911547911547912,50000,50000,50000,50000.0,0,-1.0,0.0,1.0,0.05945945945945946,0.03354130272023958,7.0,1.5563025007672873,0.8451600776519459,0.2,0.8,0.0,1.0,0.0,0,1,-0.6968039425795112,-0.6968039425795112,0.0,1.7726707660884997,0.24887300797552997,-0.19115479115479117,0.19115479115479117,50000.0,0,0,0,0,0
chr10,118332629,118332725,AAAG,0,PNLIPP1,4,96,0.25,0.4327290076335878,4095,5319,5262,4143.0,6009,0.0,0.0,1.0,0.08301526717557252,0.08802746815286625,24.0,1.9867717342662448,1.3802293369380374,0.25,0.75,1.0,0.0,0.0,0,0,-0.6003262785189619,-0.6003262785189619,0.0,0.9430502304255933,-0.025004897421957925,-0.1827290076335878,0.1827290076335878,0.6894658012980529,1,0,0,0,1
chr10,118491839,118491863,AAAG,0,HSPA12A,4,24,0.25,0.4925889328063241,4966,10078,10078,50000.0,179059,0.6585036217112795,0.98436,0.13218,0.024703557312252964,0.0421993607670795,6.0,1.3979400086720377,0.7782236267660966,0.25,0.75,1.0,0.0,0.0,0,0,-0.6003262785189619,-0.6003262785189619,0.0,0.5853873489044721,-0.23181540801264156,-0.2425889328063241,0.2425889328063241,0.279237569739583,1,0,0,0,0
chr10,120007755,120007827,AAAG,0,LINC02944,4,72,0.25,0.47055984555984554,41,50000,49610,6888.0,26319,0.2617120711273225,0.0,1.0,0.16505791505791506,0.0424471901155839,18.0,1.863322860120456,1.2552966319043402,0.25,0.75,1.0,0.0,0.0,0,0,-0.6003262785189619,-0.6003262785189619,0.0,3.8884558943142724,0.5898888510366183,-0.22055984555984554,0.22055984555984554,0.2617120711273225,1,0,0,0,0
chr10,132158688,132158976,CT,0,LINC02646,2,288,0.5868055555555556,0.5812937062937062,249,50000,50000,50000.0,269765,0.5452152799658962,0.0,1.0,0.24082167832167833,0.0638801261829653,144.0,2.4608978427565478,2.15836550801868,0.5,0.5,0.0,1.0,0.0,0,0,-0.23076631357521332,-0.30016227413275426,0.06939596055754094,3.769840838934621,0.5764382019279783,0.005511849261849333,0.005511849261849333,0.18534650529164273,1,0,0,0,0
chr10,132769890,132769950,CCTT,0,ENSG00000300141,4,60,0.5,0.558252427184466,3381,50000,50000,50000.0,57924,1.0,0.0,1.0,0.2145631067961165,0.12871385842472582,15.0,1.7853298350107671,1.1761202110560856,0.5,0.5,0.0,1.0,0.0,0,0,-0.30016227413275426,-0.30016227413275426,0.0,1.6669645557788955,0.22218681764872655,-0.058252427184465994,0.058252427184465994,0.8632000552448036,1,0,0,0,0
chr11,22457251,22457331,AAAAT,0,ENSG00000305797,5,80,0.0,0.38798076923076924,2734,50000,50000,2930.0,40373,0.07257325440269487,0.0,1.0,0.05961538461538462,0.02654382470119522,16.0,1.9084850188786497,1.2041471252128477,0.0,1.0,0.8,0.2,0.0,0,1,-3.0,-3.0,0.0,2.2458383239087785,0.3515718229485238,-0.38798076923076924,0.38798076923076924,0.07257325440269487,1,0,0,0,1
chr11,31932831,31932961,AAAGG,0,PAUPAR,5,130,0.4,0.39624413145539905,5924,50000,50000,50000.0,190096,0.5210051763319586,0.0,1.0,0.08967136150234742,0.031048186785891704,26.0,2.1172712956557644,1.4149900512835218,0.4,0.6,1.0,0.0,0.0,0,1,-0.39685562737981767,-0.39685562737981767,0.0,2.888042193204647,0.46075388457252586,0.003755868544600971,0.003755868544600971,0.26302499789580003,1,0,0,0,0
chr11,36076376,36076432,GGAT,0,LDLRAD3,4,56,0.4642857142857143,0.44503891050583655,18577,18577,50000,50000.0,288157,0.3847659435654869,0.016213,0.39432,0.24027237354085604,0.046818907060231355,14.0,1.7558748556724915,1.1461590556048185,0.5,0.5,0.75,0.25,0.0,0,0,-0.3322802814493837,-0.30016227413275426,-0.03211800731662945,5.131842172000859,0.7103579104943647,0.019246803779877752,0.019246803779877752,0.17351652050791755,1,0,0,0,0
chr11,36076506,36076562,GGAT,0,LDLRAD3,4,56,0.5,0.4401750972762646,18707,18707,50000,50000.0,288157,0.3852170865188075,0.016213,0.39432,0.2504863813229572,0.046818907060231355,14.0,1.7558748556724915,1.1461590556048185,0.5,0.5,0.75,0.25,0.0,0,0,-0.30016227413275426,-0.30016227413275426,0.0,5.349997406033284,0.7284347404443158,0.05982490272373542,0.05982490272373542,0.17351652050791755,1,0,0,0,0
chr11,44544978,44545104,AAG,0,ENSG00000309881,3,126,0.42063492063492064,0.477892756349953,285,40928,40860,2349.0,6527,0.3598896889842194,0.0,1.0,0.13076199435559738,0.04774918016496075,42.0,2.103803720955957,1.6232596306196103,0.3333333333333333,0.6666666666666666,1.0,0.0,0.0,1,0,-0.37506342718118124,-0.4758203216992444,0.10075689451806313,2.7384607535271877,0.4376650829606651,-0.057257835715032346,0.057257835715032346,0.3598896889842194,1,0,0,0,1
chr11,44930322,44930378,AAAG,0,TSPAN18,4,56,0.25,0.5136186770428015,696,878,2355,50000.0,206106,0.8853599604087218,0.082002,0.31356,0.046206225680933855,0.031013163143199043,14.0,1.7558748556724915,1.1461590556048185,0.25,0.75,1.0,0.0,0.0,0,0,-0.6003262785189619,-0.6003262785189619,0.0,1.489842736287605,0.17343183368460605,-0.2636186770428015,0.2636186770428015,0.24259361687675274,1,0,0,0,0
chr11,47563238,47563386,AAAG,0,CELF1,4,148,0.2905405405405405,0.4483240223463687,4956,23789,4956,23809.0,99636,0.23895981372194788,0.99971,0.036,0.12756052141527002,0.07206670637284097,37.0,2.173186268412274,1.5682134615970804,0.25,0.75,1.0,0.0,0.0,0,0,-0.5353010453343189,-0.6003262785189619,0.06502523318464304,1.7700094513253686,0.24822087889052735,-0.15778348180582819,0.15778348180582819,0.23895981372194788,1,0,0,0,0
chr11,56869878,56869956,AAG,0,OR5BP1P,3,78,0.3333333333333333,0.3710298363811357,46271,50000,50000,46855.0,545,1.0,0.0,1.0,0.07988450433108758,0.036607231795995614,26.0,1.8976270912904414,1.4149900512835218,0.3333333333333333,0.6666666666666666,1.0,0.0,0.0,1,0,-0.4758203216992444,-0.4758203216992444,0.0,2.182145938548874,0.33908276831931233,-0.037696503047802365,0.037696503047802365,85.97247706422019,1,0,0,0,0
chr11,57170979,57171120,AAG,0,ENSG00000254979,3,141,0.36879432624113473,0.45539467538533396,3307,4145,3307,20482.5,36694,0.5581975254810051,0.0,1.0,0.15740308267164876,0.044982870761134004,47.0,2.1522883443830567,1.6721070981455433,0.3333333333333333,0.6666666666666666,1.0,0.0,0.0,1,0,-0.4320397565112697,-0.4758203216992444,0.043780565187974685,3.4991004555269347,0.5440805091088329,-0.08660034914419923,0.08660034914419923,0.5581975254810051,1,0,0,0,0
chr11,69081203,69081335,ATCC,0,MYEOV,4,132,0.5,0.526735459662289,2964,17344,50000,19664.0,120889,0.1626616152007213,0.0033849,1.4842,0.2903377110694184,0.048082654480429164,33.0,2.123851640967086,1.5185271001173364,0.5,0.5,0.25,0.75,0.0,0,0,-0.30016227413275426,-0.30016227413275426,0.0,6.038178965527477,0.7809778997175051,-0.026735459662288963,0.026735459662288963,0.1626616152007213,1,0,0,0,0
chr11,69628489,69628605,GGAT,0,FGF3,4,116,0.5689655172413793,0.5798676748582231,2483,2483,3417,5637.0,9448,0.5966342082980525,9.3139e-05,1.0069,0.2764650283553875,0.12099821037979717,29.0,2.0681858617461617,1.4624129733125506,0.5,0.5,0.75,0.25,0.0,0,0,-0.24415141823065362,-0.30016227413275426,0.05601085590210064,2.2848498555288748,0.3590477006625933,-0.010902157616843766,0.010902157616843766,0.5966342082980525,1,0,0,0,0
chr11,71484164,71484239,AATAT,0,ENSG00000290775,5,75,0.0,0.4530120481927711,365,48286,31804,50000.0,155389,0.9196500395780911,0.0,1.0,0.07710843373493977,0.0625653798256538,15.0,1.8808135922807914,1.1761202110560856,0.0,1.0,0.6,0.4,0.0,0,1,-3.0,-3.0,0.0,1.2324260081821667,0.09111310177709665,-0.4530120481927711,0.4530120481927711,0.3217730984818745,1,0,0,0,0
chr11,71844594,71844684,CTT,0,FOLR3,3,90,0.35555555555555557,0.39760765550239235,1641,2315,2061,18724.0,26214,0.7142748149843595,0.015409,0.47923,0.06889952153110047,0.03394723743155799,30.0,1.9590413923210936,1.4771357309611233,0.3333333333333333,0.6666666666666666,0.0,1.0,0.0,1,0,-0.4478727923438208,-0.4758203216992444,0.02794752935542355,2.029546354799913,0.30761290833185245,-0.042052099946836785,0.042052099946836785,0.7142748149843595,1,0,0,0,0
chr11,74838441,74838509,CTTT,0,ENSG00000255395,4,68,0.25,0.42311411992263054,3674,23918,23597,12721.0,42352,0.3003636191915376,0.0,1.0,0.09090909090909091,0.05571058401435121,17.0,1.8388490907372552,1.2304744673611585,0.25,0.75,0.0,1.0,0.0,0,0,-0.6003262785189619,-0.6003262785189619,0.0,1.6317807600960132,0.21292787422065257,-0.17311411992263054,0.17311411992263054,0.3003636191915376,1,0,0,0,0
chr11,76408705,76408825,CTTT,0,ENSG00000254975,4,120,0.2916666666666667,0.5212264150943396,746,31707,26793,22642.0,28116,0.8053065869967279,0.0,1.0,0.07075471698113207,0.06187872763419483,30.0,2.0827853703164503,1.4771357309611233,0.25,0.75,0.0,1.0,0.0,0,0,-0.5336267388135598,-0.6003262785189619,0.0666995397054021,1.1434232128396264,0.058586658208651055,-0.22955974842767296,0.22955974842767296,0.8053065869967279,1,0,0,0,0
chr11,76429952,76430096,ACATAT,0,GUCY2EP,6,144,0.2152777777777778,0.47341417910447764,516,50000,48040,821.0,25760,0.03187111801242236,0.0,1.0,0.4146455223880597,0.08970413026211278,24.0,2.161368002234975,1.3802293369380374,0.16666666666666666,0.8333333333333334,0.5,0.5,0.0,0,0,-0.6649881013851441,-0.7755532696637351,0.11056516827859098,4.622316707823637,0.6649536446275729,-0.25813640132669985,0.25813640132669985,0.03187111801242236,1,0,0,1,1
chr11,84213324,84213456,CTTT,0,DLG2,4,132,0.25,0.38602251407129456,32157,32157,32157,50000.0,2173324,0.5180953231087495,0.70796,0.21228,0.1801125703564728,0.05006954102920723,33.0,2.123851640967086,1.5185271001173364,0.25,0.75,0.0,1.0,0.0,0,0,-0.6003262785189619,-0.6003262785189619,0.0,3.597176436567946,0.5560824551599413,-0.13602251407129456,0.13602251407129456,0.023006233769102075,1,0,0,0,0
chr11,85544054,85544142,AAAG,0,ENSG00000307897,4,88,0.25,0.37308429118773945,10626,32025,21829,21889.0,11219,1.0,0.0,1.0,0.19061302681992337,0.04654520111509359,22.0,1.9493900066449128,1.3424424210318369,0.25,0.75,1.0,0.0,0.0,0,0,-0.6003262785189619,-0.6003262785189619,0.0,4.09513606381323,0.6123743744281793,-0.12308429118773945,0.12308429118773945,1.9510651573223996,1,0,0,0,0
chr11,90004371,90004455,AAGG,0,DISC1FP1,4,84,0.6190476190476191,0.4880038387715931,11273,48249,48126,20041.0,664445,0.030162014914703248,0.0,1.0,0.12044145873320537,0.032961561441943836,21.0,1.9294189257142929,1.322239974931152,0.5,0.5,1.0,0.0,0.0,0,0,-0.20757495583163998,-0.30016227413275426,0.09258731830111427,3.6538865144122976,0.5628738964977962,0.13104378027602598,0.13104378027602598,0.030162014914703248,1,0,0,0,0
chr11,93645311,93645375,CTTT,0,.,4,64,0.25,0.34593023255813954,50000,50000,50000,50000.0,0,-1.0,0.0,1.0,0.12112403100775193,0.046002791068580545,16.0,1.8129133566428557,1.2041471252128477,0.25,0.75,0.0,1.0,0.0,0,0,-0.6003262785189619,-0.6003262785189619,0.0,2.6329141184730895,0.4206016102304362,-0.09593023255813954,0.09593023255813954,50000.0,0,0,0,0,0
chr11,102341874,102341894,CTTT,0,ENSG00000296843,4,20,0.25,0.400990099009901,759,18520,18130,4490.0,19124,0.23478351809244927,0.0,1.0,0.09851485148514852,0.02902097902097902,5.0,1.3222192947339193,0.6990568545476679,0.25,0.75,0.0,1.0,0.0,0,0,-0.6003262785189619,-0.6003262785189619,0.0,3.39449116870822,0.5309026052529848,-0.150990099009901,0.150990099009901,0.23478351809244927,1,0,0,0,1
chr11,104692715,104692767,CTTT,0,.,4,52,0.25,0.40594541910331383,50000,50000,50000,50000.0,0,-1.0,0.0,1.0,0.2071150097465887,0.05849790544584081,13.0,1.7242758696007892,1.1139767582898465,0.25,0.75,0.0,1.0,0.0,0,0,-0.6003262785189619,-0.6003262785189619,0.0,3.5404937608335074,0.5491864810241538,-0.15594541910331383,0.15594541910331383,50000.0,0,0,0,0,0
chr11,109437542,109437617,ATTTT,0,LINC02715,5,75,0.0,0.4433734939759036,16636,50000,50000,50000.0,862611,0.6043633804808889,0.0,1.0,0.05108433734939759,0.0650560398505604,15.0,1.8808135922807914,1.1761202110560856,0.0,1.0,0.2,0.8,0.0,0,1,-3.0,-3.0,0.0,0.7852238200007428,-0.10445380261950156,-0.4433734939759036,0.4433734939759036,0.057963554835261784,1,0,0,0,0
chr11,111499141,111499177,CTTT,0,SIK2,4,36,0.25,0.37328094302554027,8015,8015,25854,26031.0,128451,0.20265315178550575,0.99651,0.14725,0.02848722986247544,0.056248752245957274,9.0,1.568201724066995,0.9542907617011269,0.25,0.75,0.0,1.0,0.0,0,0,-0.6003262785189619,-0.6003262785189619,0.0,0.506441872631054,-0.294613698915037,-0.12328094302554027,0.12328094302554027,0.20265315178550575,1,0,0,0,0
chr11,113797173,113797258,CCTTT,0,HTR3B,5,85,0.38823529411764707,0.3640287769784173,4848,4848,17176,21697.5,44283,0.48997357902581123,2.4797e-07,0.61233,0.05803357314148681,0.04854368932038835,17.0,1.9344984512435677,1.2304744673611585,0.4,0.6,0.0,1.0,0.0,0,1,-0.4097877867346784,-0.39685562737981767,-0.01293215935486075,1.1954669800948383,0.07790071752489751,0.024206517139229777,0.024206517139229777,0.48997357902581123,1,0,0,0,0
chr11,114264953,114265008,CTTTT,0,ENSG00000256195,5,55,0.2,0.39124087591240875,1833,2566,2667,1960.5,63804,0.030726913673123944,0.0,1.0,0.19318734793187348,0.05953627524308153,11.0,1.7481880270062005,1.0414321646802651,0.2,0.8,0.0,1.0,0.0,0,1,-0.6968039425795112,-0.6968039425795112,0.0,3.244813390319246,0.5113235475652987,-0.19124087591240874,0.19124087591240874,0.030726913673123944,1,0,0,0,1
chr11,116001571,116001661,CT,0,ENSG00000294837,2,90,0.5,0.47751196172248805,4954,50000,50000,27224.0,34476,0.789650771551224,0.0,1.0,0.1258373205741627,0.04066699850671976,45.0,1.9590413923210936,1.6532221646565988,0.5,0.5,0.0,1.0,0.0,0,0,-0.30016227413275426,-0.30016227413275426,0.0,3.0942590044939147,0.49069699568768677,0.022488038277511946,0.022488038277511946,0.789650771551224,1,0,0,0,0
chr11,119519072,119519150,GGT,0,USP2-AS1,3,78,0.5769230769230769,0.5534167468719923,4094,8350,12552,50000.0,302817,0.9640608023988085,0.0,1.0,0.321944177093359,0.07590397449945213,26.0,1.8976270912904414,1.4149900512835218,0.6666666666666666,0.3333333333333333,0.6666666666666666,0.3333333333333333,0.0,1,0,-0.2381299634670792,-0.17544030542608624,-0.06268965804099297,4.241410779944109,0.6276127176519672,0.0235063300510846,0.0235063300510846,0.1651162253109964,1,0,0,0,0
chr11,122860403,122860496,GGT,0,BSX,3,93,0.5806451612903226,0.43430482560917344,7861,8024,7861,7907.5,4264,0.0,0.0079075,0.58419,0.21595795508838986,0.05837853978997661,31.0,1.9731278535996988,1.4913757031077342,0.6666666666666666,0.3333333333333333,0.6666666666666666,0.3333333333333333,0.0,1,0,-0.23534188045415103,-0.17544030542608624,-0.059901575028064785,3.699206192191814,0.5682259255902536,0.14634033568114918,0.14634033568114918,1.8544793621013134,1,0,0,0,0
chr11,123327825,123327845,AAAG,0,GRAMD1B,4,20,0.25,0.4648514851485149,1235,21642,2288,50000.0,269523,0.3668555188239965,0.99929,0.11636,0.19356435643564357,0.059290709290709294,5.0,1.3222192947339193,0.6990568545476679,0.25,0.75,1.0,0.0,0.0,0,0,-0.6003262785189619,-0.6003262785189619,0.0,3.2646108326307623,0.5139644280089262,-0.21485148514851488,0.21485148514851488,0.18551292468546285,1,0,0,0,0
chr11,125048446,125048506,AAGG,0,PKNOX2,4,60,0.5,0.4970873786407767,5577,50000,5577,14043.0,269750,0.05205931417979611,0.99174,0.08631,0.14757281553398058,0.0397308075772682,15.0,1.7853298350107671,1.1761202110560856,0.5,0.5,1.0,0.0,0.0,0,0,-0.30016227413275426,-0.30016227413275426,0.0,3.7142235536852737,0.5699849513969588,0.002912621359223322,0.002912621359223322,0.05205931417979611,1,0,0,0,0
chr11,125363258,125363450,AAAG,0,FEZ1,4,192,0.3020833333333333,0.4137773722627737,398,3585,398,50000.0,149696,0.6621352607952117,0.75002,0.18078,0.11952554744525548,0.10013866877971474,48.0,2.285557309007774,1.6812502850830469,0.25,0.75,1.0,0.0,0.0,0,0,-0.518437944992913,-0.6003262785189619,0.08188833352604896,1.1935884040937406,0.07721829472166461,-0.11169403892944041,0.11169403892944041,0.3340102607952116,1,0,0,0,0
chr11,129545798,129545866,AAAG,0,ENSG00000301999,4,68,0.25,0.3853965183752418,33347,50000,50000,34882.0,1501,1.0,0.0,1.0,0.09235976789168278,0.08222045046840741,17.0,1.8388490907372552,1.2304744673611585,0.25,0.75,1.0,0.0,0.0,0,0,-0.6003262785189619,-0.6003262785189619,0.0,1.1233050179182973,0.05088414898063885,-0.1353965183752418,0.1353965183752418,23.23917388407728,1,0,0,0,0
chr11,131659441,131659528,AAG,0,NTM,3,87,0.3333333333333333,0.40967896502156204,17909,50000,50000,50000.0,966343,0.43370883837312424,0.057798,0.30972,0.16195495927168185,0.04326181112162095,29.0,1.9444826721501687,1.4624129733125506,0.3333333333333333,0.6666666666666666,1.0,0.0,0.0,1,0,-0.4758203216992444,-0.4758203216992444,0.0,3.743514465955346,0.5733955127092604,-0.07634563168822872,0.07634563168822872,0.05174146239999669,1,0,0,0,0
chr11,134310285,134310393,ATCC,0,B3GAT1-DT,4,108,0.5555555555555556,0.5180265654648957,1367,50000,28149,28178.0,119958,0.23489888127511296,0.0,1.0,0.2784629981024668,0.07355281480007957,27.0,2.037426497940624,1.431379848841936,0.5,0.5,0.25,0.75,0.0,0,0,-0.2544914777498105,-0.30016227413275426,0.045670796382943746,3.7858403246566286,0.5782769931106544,0.03752899009065991,0.03752899009065991,0.23489888127511296,1,0,0,0,0
chr12,306240,306372,ATCC,0,SLC6A12,4,132,0.49242424242424243,0.5727016885553471,144,144,6007,23004.0,30075,0.7648877805486284,1.2837e-08,0.5561,0.12054409005628518,0.06854758593284324,33.0,2.123851640967086,1.5185271001173364,0.5,0.5,0.25,0.75,0.0,0,0,-0.30677951700186035,-0.30016227413275426,-0.006617242869106088,1.7585204481735293,0.24539431833081618,-0.08027744613110466,0.08027744613110466,0.7648877805486284,1,0,0,0,0
chr12,1230806,1230842,ATCTCT,0,ERC1,6,36,0.3333333333333333,0.3762278978388998,5439,5607,19625,50000.0,505935,0.2602310573492642,1.0574e-07,0.38322,0.5103143418467584,0.09512876821720902,6.0,1.568201724066995,0.7782236267660966,0.3333333333333333,0.6666666666666666,0.16666666666666666,0.8333333333333334,0.0,0,0,-0.4758203216992444,-0.4758203216992444,0.0,5.364402241384231,0.7296022863513915,-0.0428945645055665,0.0428945645055665,0.09882692440728552,1,0,0,0,0
chr12,1230948,1230984,ATCTCT,0,ERC1,6,36,0.3333333333333333,0.3781925343811395,5581,5749,19483,50000.0,505935,0.26051172581458093,1.0574e-07,0.38322,0.5108055009823183,0.09512876821720902,6.0,1.568201724066995,0.7782236267660966,0.3333333333333333,0.6666666666666666,0.16666666666666666,0.8333333333333334,0.0,0,0,-0.4758203216992444,-0.4758203216992444,0.0,5.369565284927429,0.7300200002626906,-0.04485920104780616,0.04485920104780616,0.09882692440728552,1,0,0,0,0
chr12,1231006,1231042,ATCTCT,0,ERC1,6,36,0.3333333333333333,0.38212180746561886,5639,5807,19425,50000.0,505935,0.26062636504689335,1.0574e-07,0.38322,0.5206286836935167,0.0965262527450589,6.0,1.568201724066995,0.7782236267660966,0.3333333333333333,0.6666666666666666,0.16666666666666666,0.8333333333333334,0.0,0,0,-0.4758203216992444,-0.4758203216992444,0.0,5.393592678624814,0.7319586586382437,-0.04878847413228554,0.04878847413228554,0.09882692440728552,1,0,0,0,0
chr12,1231054,1231090,ATCTCT,0,ERC1,6,36,0.3333333333333333,0.38163064833005894,5687,5855,19377,50000.0,505935,0.26072123889432436,1.0574e-07,0.38322,0.5152259332023575,0.0965262527450589,6.0,1.568201724066995,0.7782236267660966,0.3333333333333333,0.6666666666666666,0.16666666666666666,0.8333333333333334,0.0,0,0,-0.4758203216992444,-0.4758203216992444,0.0,5.337621433846632,0.7274291257613548,-0.04829731499672563,0.04829731499672563,0.09882692440728552,1,0,0,0,0
chr12,1231796,1231832,ATCTCT,0,ERC1,6,36,0.3333333333333333,0.36394891944990176,6429,6597,18635,50000.0,505935,0.26218783045252847,1.0574e-07,0.38322,0.5658153241650294,0.09937113196246755,6.0,1.568201724066995,0.7782236267660966,0.3333333333333333,0.6666666666666666,0.16666666666666666,0.8333333333333334,0.0,0,0,-0.4758203216992444,-0.4758203216992444,0.0,5.693903441447101,0.7554863649028785,-0.03061558611656845,0.03061558611656845,0.09882692440728552,1,0,0,0,0
chr12,2829799,2829947,AC,0,ITFG2-AS1,2,148,0.5,0.46694599627560524,5420,29434,22683,50000.0,144444,0.638565810971726,0.0,1.0,0.63268156424581,0.08879293230097281,74.0,2.173186268412274,1.8692375885356722,0.5,0.5,0.5,0.5,0.0,0,0,-0.30016227413275426,-0.30016227413275426,0.0,7.125279260088344,0.8528628372037435,0.033054003724394765,0.033054003724394765,0.34615491124588077,1,0,0,0,0
chr12,3854946,3854991,AAAAT,0,CRACR2A,5,45,0.0,0.4669926650366748,6693,48781,7190,19016.5,158186,0.1202160747474492,0.0,1.0,0.10709046454767726,0.056073833873783986,9.0,1.662757831681574,0.9542907617011269,0.0,1.0,0.8,0.2,0.0,0,1,-3.0,-3.0,0.0,1.9097776515704314,0.28121015313863457,-0.4669926650366748,0.4669926650366748,0.1202160747474492,1,0,0,0,0
chr12,6073387,6073463,ACAT,0,VWF,4,76,0.2894736842105263,0.45375722543352603,3189,3189,15207,50000.0,175893,0.9125491065591013,3.2187e-25,0.48136,0.057321772639691716,0.024257820282924884,19.0,1.8864907251724818,1.2787764579556449,0.25,0.75,0.5,0.5,0.0,0,0,-0.5368932068875654,-0.6003262785189619,0.06343307163139655,2.3629249885675163,0.3736336915120667,-0.1642835412229997,0.1642835412229997,0.28426372851676873,1,0,0,0,0
chr12,7045880,7045938,CAG ,1,ATN1,4,58,0.6206896551724138,0.6467444120505345,0,0,2716,12283.0,17859,0.6877764712469903,0.99992,0.074967,0.08503401360544217,0.09078671851630273,14.5,1.7708520116421442,1.161397952545797,0.6666666666666666,0.3333333333333333,0.6666666666666666,0.3333333333333333,0.0,0,0,-0.20642635917023194,-0.17544030542608624,-0.030986053744145703,0.9366246337622488,-0.027970991165493744,-0.026054756878120644,0.026054756878120644,0.6877764712469903,1,1,1,0,0
chr12,7300752,7300808,AAAG,0,CLSTN3,4,56,0.25,0.48346303501945526,339,760,7656,20107.0,30868,0.6513865491771413,0.97016,0.16776,0.0627431906614786,0.027522935779816515,14.0,1.7558748556724915,1.1461590556048185,0.25,0.75,1.0,0.0,0.0,0,0,-0.6003262785189619,-0.6003262785189619,0.0,2.2795864357265576,0.3580465369355215,-0.23346303501945526,0.23346303501945526,0.6513865491771413,1,0,0,0,0
chr12,7781324,7781345,CCG,0,ENSG00000303381,3,21,1.0,0.5274616526472043,272,20798,20651,11552.5,36010,0.3208136628714246,0.0,1.0,0.06481939633844631,0.03806003696119075,7.0,1.3424226808222062,0.8451600776519459,1.0,0.0,0.3333333333333333,0.6666666666666666,1.0,1,0,0.00043407747931859284,0.00043407747931859284,0.0,1.7030381070421161,0.2314793025744975,0.47253834735279565,0.47253834735279565,0.3208136628714246,1,0,0,0,0
chr12,9373983,9374015,AAAG,0,LINC00987,4,32,0.25,0.375,7114,13046,12988,50000.0,116655,0.6562513394196563,0.0,1.0,0.04084645669291338,0.02630790734824281,8.0,1.5185139398778875,0.9031442704095386,0.25,0.75,1.0,0.0,0.0,0,0,-0.6003262785189619,-0.6003262785189619,0.0,1.5525713839895194,0.19133121314972917,-0.125,0.125,0.4286142900004286,1,0,0,0,0
chr12,13076888,13076960,CTTT,0,GPRC5D-AS1,4,72,0.25,0.48214285714285715,3656,11415,6017,3692.0,94374,0.0,0.0,1.0,0.23407335907335908,0.0967018732562774,18.0,1.863322860120456,1.2552966319043402,0.25,0.75,0.0,1.0,0.0,0,0,-0.6003262785189619,-0.6003262785189619,0.0,2.420541925915985,0.38409199270377814,-0.23214285714285715,0.23214285714285715,0.03912094432788692,1,0,0,0,1
chr12,15199235,15199259,CCTT,0,LINC01489,4,24,0.4583333333333333,0.36709486166007904,39302,50000,50000,44546.0,5232,1.0,0.0,1.0,0.07460474308300395,0.02556931681981622,6.0,1.3979400086720377,0.7782236267660966,0.5,0.5,0.0,1.0,0.0,0,0,-0.33787203714805547,-0.30016227413275426,-0.03770976301530121,2.917630767296068,0.46517915635538687,0.09123847167325427,0.09123847167325427,8.51414373088685,1,0,0,0,0
chr12,15314072,15314160,AAAG,0,RERG,4,88,0.25,0.38936781609195403,5855,23209,22975,50000.0,240892,0.7783280474237417,1.2001e-05,0.73524,0.06273946360153257,0.04072082835523696,22.0,1.9493900066449128,1.3424424210318369,0.25,0.75,1.0,0.0,0.0,0,0,-0.6003262785189619,-0.6003262785189619,0.0,1.5406838576653465,0.18799532511057115,-0.13936781609195403,0.13936781609195403,0.2075618949570762,1,0,0,0,0
chr12,26669220,26669295,AAAGG,0,ITPR2,5,75,0.4,0.3797590361445783,20727,21027,29398,50000.0,497842,0.6364860738949305,5.7127e-29,0.50451,0.1493975903614458,0.04423412204234122,15.0,1.8808135922807914,1.1761202110560856,0.4,0.6,1.0,0.0,0.0,0,1,-0.39685562737981767,-0.39685562737981767,0.0,3.37735228171055,0.5287049341710094,0.020240963855421734,0.020240963855421734,0.10043347086023277,1,0,0,0,0
chr12,53311941,53312040,AAG,0,KRT8,3,99,0.35353535353535354,0.4849928537398761,1301,8156,1301,31747.5,52772,0.6015974380353217,2.36e-08,0.69292,0.5245354930919486,0.15130105975421662,33.0,2.0,1.5185271001173364,0.3333333333333333,0.6666666666666666,1.0,0.0,0.0,1,0,-0.4503404513701461,-0.4758203216992444,0.025479870329098264,3.4668099954754936,0.540055294058756,-0.13145750020452257,0.13145750020452257,0.6015974380353217,1,0,0,0,0
chr12,56055326,56055406,AAAG,0,ENSG00000304548,4,80,0.25,0.4,715,20133,20114,1923.0,7999,0.24040505063132891,0.0,1.0,0.11634615384615385,0.07385458167330677,20.0,1.9084850188786497,1.3010517098452263,0.25,0.75,1.0,0.0,0.0,0,0,-0.6003262785189619,-0.6003262785189619,0.0,1.5753197146398512,0.19764430720294546,-0.15000000000000002,0.15000000000000002,0.24040505063132891,1,0,0,0,1
chr12,59830657,59830701,AAAG,0,ENSG00000286279,4,44,0.2727272727272727,0.38111545988258316,2,50000,50000,50000.0,114129,1.0,0.0,1.0,0.18199608610567514,0.054729594891239276,11.0,1.6532125137753437,1.0414321646802651,0.25,0.75,1.0,0.0,0.0,0,0,-0.5626819296454657,-0.6003262785189619,0.037644348873496214,3.3253080195334626,0.5219624628599994,-0.10838818715531046,0.10838818715531046,0.4381007456474691,1,0,0,0,0
chr12,65790484,65790532,AAAG,0,MSRB3,4,48,0.25,0.34326171875,21979,27678,27678,50000.0,212787,0.5549446159774798,0.003766,0.55097,0.0595703125,0.025139664804469275,12.0,1.6901960800285136,1.079217435746567,0.25,0.75,1.0,0.0,0.0,0,0,-0.6003262785189619,-0.6003262785189619,0.0,2.3694804001129732,0.3748363687847067,-0.09326171875,0.09326171875,0.23497676079835705,1,0,0,0,0
chr12,70285420,70285464,CTTT,0,MYRFL,4,44,0.25,0.39823874755381605,474,474,36277,50000.0,133870,0.49626503324120413,3.0843e-09,0.89722,0.11252446183953033,0.03602075434045101,11.0,1.6532125137753437,1.0414321646802651,0.25,0.75,0.0,1.0,0.0,0,0,-0.6003262785189619,-0.6003262785189619,0.0,3.123791828016821,0.4948210901745006,-0.14823874755381605,0.14823874755381605,0.3734966758795847,1,0,0,0,0
chr12,96049051,96049107,GGGATGTT,0,PGAM1P5,8,56,0.5,0.45476653696498054,2476,3755,2476,50000.0,197666,0.5247285825584572,0.0,1.0,0.48492217898832685,0.08585959313921021,7.0,1.7558748556724915,0.8451600776519459,0.5,0.5,0.625,0.375,0.0,0,0,-0.30016227413275426,-0.30016227413275426,0.0,5.647785104420342,0.7519550532741859,0.04523346303501946,0.04523346303501946,0.2529519492477209,1,0,0,0,0
chr12,96192684,96192777,AAG,0,LINC02410,3,93,0.3655913978494624,0.36407071189679885,3249,8597,7754,43439.5,67801,0.6406911402486689,0.0,1.0,0.10797897754419493,0.05041556761061066,31.0,1.9731278535996988,1.4913757031077342,0.3333333333333333,0.6666666666666666,1.0,0.0,0.0,1,0,-0.43581773007304414,-0.4758203216992444,0.040002591626200235,2.1417359939725387,0.3309686650110223,0.0015206859526635252,0.0015206859526635252,0.6406911402486689,1,0,0,0,0
chr12,97768433,97768525,CTTT,0,RMST,4,92,0.2608695652173913,0.4173040152963671,11818,50000,50000,11864.0,211850,0.0,0.0,1.0,0.17351816443594648,0.04872586103921959,23.0,1.9684829485539352,1.3617467179758969,0.25,0.75,0.0,1.0,0.0,0,0,-0.5819149728470124,-0.6003262785189619,0.018411305671949485,3.5610371925309137,0.5516984497781557,-0.15643445007897583,0.15643445007897583,0.056001888128392734,1,0,0,0,0
chr12,99533159,99533219,CTTT,0,ANKS1B,4,60,0.25,0.4077669902912621,14848,14848,14881,50000.0,1258479,0.6718626214660713,0.99998,0.11454,0.19902912621359223,0.05259222333000997,15.0,1.7853298350107671,1.1761202110560856,0.25,0.75,0.0,1.0,0.0,0,0,-0.6003262785189619,-0.6003262785189619,0.0,3.7843112403423493,0.5781015943792945,-0.15776699029126212,0.15776699029126212,0.03973050007191221,1,0,0,0,0
chr12,101985534,101985678,CTT,0,MYBPC1,3,144,0.4305555555555556,0.36100746268656714,2949,3171,2949,23475.0,117828,0.19923108259496894,4.835e-05,0.31662,0.07929104477611941,0.028693407466243052,48.0,2.161368002234975,1.6812502850830469,0.3333333333333333,0.6666666666666666,0.0,1.0,0.0,1,0,-0.3649632882033576,-0.4758203216992444,0.11085703349588677,2.76329263356979,0.4415840164219097,0.06954809286898844,0.06954809286898844,0.19923108259496894,1,0,0,0,0
chr12,102835097,102835103,CTCCTT,0,LINC02456,6,6,0.5,0.419740777666999,18139,21629,23502,50000.0,206289,0.892480936937985,0.0,1.0,0.054336989032901295,0.026442067379786063,1.0,0.8450980400142568,0.00043407747931859284,0.5,0.5,0.0,1.0,0.0,0,0,-0.30016227413275426,-0.30016227413275426,0.0,2.054867094368872,0.31299503539722123,0.08025922233300098,0.08025922233300098,0.24237841087018697,1,0,0,0,0
chr12,102835459,102835465,AAGGAG,0,LINC02456,6,6,0.5,0.4057826520438684,18501,21991,23864,50000.0,206289,0.8942357566326852,0.0,1.0,0.05583250249252243,0.026442067379786063,1.0,0.8450980400142568,0.00043407747931859284,0.5,0.5,1.0,0.0,0.0,0,0,-0.30016227413275426,-0.30016227413275426,0.0,2.1114230694432448,0.32478090170473306,0.09421734795613163,0.09421734795613163,0.24237841087018697,1,0,0,0,0
chr12,102835684,102835735,CTT,0,LINC02456,3,51,0.35294117647058826,0.4105314480741102,18726,22216,24089,50000.0,206289,0.8954355297664927,0.0,1.0,0.05460750853242321,0.02638272405366316,17.0,1.7160033436347992,1.2304744673611585,0.3333333333333333,0.6666666666666666,0.0,1.0,0.0,1,0,-0.4510689098866181,-0.4758203216992444,0.0247514118126263,2.069742255541875,0.3161260457973674,-0.057590271603521925,0.057590271603521925,0.24237841087018697,1,0,0,0,0
chr12,104415645,104415834,AAG,0,GLT8D2,3,189,0.3544973544973545,0.4161717679305619,376,2219,376,42506.5,75856,0.560357783168108,1.7287e-14,1.0131,0.17724988579259937,0.06409430878201,63.0,2.278753600952829,1.7993474429620764,0.3333333333333333,0.6666666666666666,1.0,0.0,0.0,1,0,-0.449163626808971,-0.4758203216992444,0.02665669489027339,2.7654112159039808,0.4419167367002833,-0.0616744134332074,0.0616744134332074,0.560357783168108,1,0,0,0,0
chr12,110073236,110073341,ACC,0,ENSG00000309187,3,105,0.6,0.5387173396674584,10235,38854,37306,10287.5,10899,0.0,0.0,1.0,0.8703087885985749,0.161153941805521,35.0,2.0253058652647704,1.5440804525867846,0.6666666666666666,0.3333333333333333,0.3333333333333333,0.6666666666666666,0.0,1,0,-0.22112552799726048,-0.17544030542608624,-0.045685222571174244,5.400447413203428,0.7325101522927919,0.061282660332541594,0.061282660332541594,0.943893935223415,1,0,0,0,0
chr12,110825020,110825140,AG,0,ANAPC7,2,120,0.5,0.44481132075471697,0,404,404,16455.0,30830,0.533733376581252,0.8485,0.17728,0.1179245283018868,0.10004970178926441,60.0,2.0827853703164503,1.7781584885646906,0.5,0.5,1.0,0.0,0.0,0,0,-0.30016227413275426,-0.30016227413275426,0.0,1.1786476875521554,0.07175232069744317,0.055188679245283034,0.055188679245283034,0.533733376581252,1,1,0,0,0
chr12,112036754,112036823,CAG ,1,ATXN2,4,69,0.6521739130434783,0.7293378443692605,0,0,0,691.5,156191,0.0044272717378081965,0.85289,0.2009,0.1333977767037216,0.12217848422940854,17.25,1.845098040014257,1.2368142751712723,0.6666666666666666,0.3333333333333333,0.6666666666666666,0.3333333333333333,0.0,0,0,-0.18497116877233447,-0.17544030542608624,-0.009530863346248225,1.0918181357947887,0.03854789370408082,-0.07716393132578225,0.07716393132578225,0.0044272717378081965,1,1,1,1,1
chr12,112761849,112761905,CTTT,0,HECTD4,4,56,0.25,0.35116731517509725,956,4303,4303,50000.0,222251,0.2626129916175855,1.0,0.084692,0.129863813229572,0.0463203031511767,14.0,1.7558748556724915,1.1461590556048185,0.25,0.75,0.0,1.0,0.0,0,0,-0.6003262785189619,-0.6003262785189619,0.0,2.8035440368709286,0.4478622636787122,-0.10116731517509725,0.10116731517509725,0.22497086627281768,1,0,0,0,0
chr12,113150799,113150907,CTT,0,RPH3A,3,108,0.3888888888888889,0.40512333965844405,4904,50000,4904,50000.0,328502,0.43430176985223834,0.0016609,0.30321,0.15037950664136623,0.037795902128506066,36.0,2.037426497940624,1.5563145643353469,0.3333333333333333,0.6666666666666666,0.0,1.0,0.0,1,0,-0.4090591412239187,-0.4758203216992444,0.0667611804753257,3.978619891389232,0.5998415929391164,-0.016234450769555153,0.016234450769555153,0.15220607484885937,1,0,0,0,0
chr12,113150853,113150859,CTCCTT,0,RPH3A,6,6,0.5,0.4047856430707876,4952,50000,4952,50000.0,328502,0.4343109022167293,0.0016609,0.30321,0.1580259222333001,0.03353993801859442,1.0,0.8450980400142568,0.00043407747931859284,0.5,0.5,0.0,1.0,0.0,0,0,-0.30016227413275426,-0.30016227413275426,0.0,4.7114341926183965,0.6732452984961302,0.09521435692921237,0.09521435692921237,0.15220607484885937,1,0,0,0,0
chr12,113151650,113151656,AAGGAG,0,RPH3A,6,6,0.5,0.4252243270189432,4155,50000,4155,50000.0,328502,0.43673706704982007,0.0016609,0.30321,0.1106679960119641,0.03353993801859442,1.0,0.8450980400142568,0.00043407747931859284,0.5,0.5,1.0,0.0,0.0,0,0,-0.30016227413275426,-0.30016227413275426,0.0,3.2994901916759747,0.5185784464627501,0.0747756729810568,0.0747756729810568,0.15220607484885937,1,0,0,0,0
chr12,116347533,116347568,GTTTT,0,ENSG00000308306,5,35,0.2,0.487960687960688,2609,50000,48813,7588.5,4962,1.0,0.0,1.0,0.15184275184275184,0.11749438482655353,7.0,1.5563025007672873,0.8451600776519459,0.2,0.8,0.2,0.8,0.0,0,1,-0.6968039425795112,-0.6968039425795112,0.0,1.2923294992982222,0.11170918342395693,-0.28796068796068797,0.28796068796068797,1.529322853688029,1,0,0,0,0
chr12,117238618,117238663,AAAAT,0,RNFT2,5,45,0.0,0.4444987775061125,165,9216,9372,50000.0,115453,0.5427100205278338,1.2018e-05,0.4959,0.21124694376528116,0.055924170616113746,9.0,1.662757831681574,0.9542907617011269,0.0,1.0,0.8,0.2,0.0,0,1,-3.0,-3.0,0.0,3.777314247556618,0.5772980759532543,-0.4444987775061125,0.4444987775061125,0.43307666323092514,1,0,0,0,0
chr12,118570142,118570147,CATTT,0,VSIG10,5,5,0.2,0.47381546134663344,3297,3868,3729,3686.5,72433,0.05089531014868914,3.4841e-06,0.51379,0.07481296758104738,0.060884778805298675,1.0,0.7781512503836436,0.00043407747931859284,0.2,0.8,0.2,0.8,0.0,0,1,-0.6968039425795112,-0.6968039425795112,0.0,1.228742886254034,0.0898143189568785,-0.2738154613466334,0.2738154613466334,0.05089531014868914,1,0,0,0,1
chr12,118570216,118570221,AAATG,0,VSIG10,5,5,0.2,0.47281795511221947,3223,3794,3655,3612.5,72433,0.049873676362983725,3.4841e-06,0.51379,0.07481296758104738,0.060884778805298675,1.0,0.7781512503836436,0.00043407747931859284,0.2,0.8,0.8,0.2,0.0,0,1,-0.6968039425795112,-0.6968039425795112,0.0,1.228742886254034,0.0898143189568785,-0.27281795511221946,0.27281795511221946,0.049873676362983725,1,0,0,0,1
chr12,119195471,119195589,CT,0,LINC02423,2,118,0.5,0.47922568460812087,433,50000,50000,4014.0,3522,1.0,0.0,1.0,0.20254957507082152,0.07103091758624118,59.0,2.0755469613925306,1.7708593725031863,0.5,0.5,0.0,1.0,0.0,0,0,-0.30016227413275426,-0.30016227413275426,0.0,2.851529030240558,0.45523007293569595,0.020774315391879128,0.020774315391879128,1.1396933560477003,1,0,0,0,1
chr12,120358803,120358809,GCCTCT,0,ENSG00000307806,6,6,0.6666666666666666,0.46061814556331004,18404,44831,43667,18407.0,35793,0.0,0.0,1.0,0.05782652043868395,0.11421573527941617,1.0,0.8450980400142568,0.00043407747931859284,0.6666666666666666,0.3333333333333333,0.16666666666666666,0.8333333333333334,0.0,0,0,-0.17544030542608624,-0.17544030542608624,0.0,0.5062876319938492,-0.29474572593866033,0.20604852110335659,0.20604852110335659,0.5142625653060654,1,0,0,0,0
chr12,125255396,125255401,CCTTT,0,ENSG00000302981,5,5,0.4,0.5102244389027432,1172,7612,6001,1174.5,2619,0.0,0.0,1.0,0.11321695760598503,0.04218945263684079,1.0,0.7781512503836436,0.00043407747931859284,0.4,0.6,0.0,1.0,0.0,0,1,-0.39685562737981767,-0.39685562737981767,0.0,2.683473405239643,0.42885910581652886,-0.11022443890274314,0.11022443890274314,0.4484536082474227,1,0,0,0,1
chr12,125255740,125255785,CTTTT,0,ENSG00000302981,5,45,0.2,0.5222493887530563,788,7228,5617,810.5,2619,0.0,0.0,1.0,0.11100244498777506,0.043751558992267396,9.0,1.662757831681574,0.9542907617011269,0.2,0.8,0.0,1.0,0.0,0,1,-0.6968039425795112,-0.6968039425795112,0.0,2.5370503473269546,0.40450023294757476,-0.32224938875305625,0.32224938875305625,0.3094692630775105,1,0,0,1,1
chr12,125256332,125256337,AAAGG,0,ENSG00000302981,5,5,0.4,0.543142144638404,236,6676,5065,238.5,2619,0.0,0.0,1.0,0.06134663341645885,0.04448887778055486,1.0,0.7781512503836436,0.00043407747931859284,0.4,0.6,1.0,0.0,0.0,0,1,-0.39685562737981767,-0.39685562737981767,0.0,1.378889681806938,0.13984436720007298,-0.14314214463840402,0.14314214463840402,0.09106529209621993,1,0,0,1,1
chr12,129363926,129364006,CTTT,0,GLT1D1,4,80,0.25,0.40576923076923077,3319,3319,15237,25994.0,131541,0.19761139112520051,6.1378e-08,0.8762,0.07067307692307692,0.10104581673306773,20.0,1.9084850188786497,1.3010517098452263,0.25,0.75,0.0,1.0,0.0,0,0,-0.6003262785189619,-0.6003262785189619,0.0,0.6994092363124295,-0.15464813549968126,-0.15576923076923077,0.15576923076923077,0.19761139112520051,1,0,0,0,0
chr13,21839927,21839979,AAAG,0,ENSG00000293265,4,52,0.25,0.3961988304093567,0,50000,50000,5811.0,35000,0.16602857142857144,0.0,1.0,0.08430799220272904,0.06926989826451227,13.0,1.7242758696007892,1.1139767582898465,0.25,0.75,1.0,0.0,0.0,0,0,-0.6003262785189619,-0.6003262785189619,0.0,1.217076641345076,0.08567461495210062,-0.14619883040935672,0.14619883040935672,0.16602857142857144,1,1,0,0,0
chr13,22300112,22300235,ACC,0,ENSG00000303388,3,123,0.5691056910569106,0.437588318417334,1328,24538,21475,1508.5,28118,0.05364890817270076,0.0,1.0,0.16062176165803108,0.039954281170799584,41.0,2.093421685162235,1.6127944491388992,0.6666666666666666,0.3333333333333333,0.3333333333333333,0.6666666666666666,0.0,1,0,-0.2440446236471992,-0.17544030542608624,-0.06860431822111296,4.020038326633473,0.6043382126120135,0.13151737263957658,0.13151737263957658,0.05364890817270076,1,0,0,0,1
chr13,27133928,27133948,CTTT,0,WASF3,4,20,0.25,0.38613861386138615,1626,50000,1626,2140.0,131287,0.01630016681011829,0.54018,0.20388,0.0504950495049505,0.03766233766233766,5.0,1.3222192947339193,0.6990568545476679,0.25,0.75,0.0,1.0,0.0,0,0,-0.6003262785189619,-0.6003262785189619,0.0,1.340695027022106,0.1276538100704589,-0.13613861386138615,0.13613861386138615,0.01630016681011829,1,0,0,0,1
chr13,28413619,28413674,AAAAT,0,PLUT,5,55,0.0,0.424330900243309,5313,45534,44714,50000.0,97922,0.7943924756438798,0.0,1.0,0.028223844282238442,0.05943654948890551,11.0,1.7481880270062005,1.0414321646802651,0.0,1.0,0.8,0.2,0.0,0,1,-3.0,-3.0,0.0,0.4748487197896112,-0.32253109476495334,-0.424330900243309,0.424330900243309,0.5106104858969384,1,0,0,0,0
chr13,28564975,28565065,ATAGGT,0,RN7SL272P,6,90,0.3,0.39952153110047844,1254,2201,2145,1299.0,286,0.0,0.0,1.0,0.3526315789473684,0.12414136386261822,15.0,1.9590413923210936,1.1761202110560856,0.3333333333333333,0.6666666666666666,0.6666666666666666,0.3333333333333333,0.0,0,0,-0.5214335044061567,-0.4758203216992444,-0.04561318270691228,2.840541842248204,0.45355405549731176,-0.09952153110047846,0.09952153110047846,4.541958041958042,1,0,0,0,1
chr13,29161504,29161594,CTT,0,ENSG00000293993,3,90,0.34444444444444444,0.42392344497607654,3229,50000,50000,12528.0,9254,1.0,0.0,1.0,0.10143540669856459,0.06809357889497263,30.0,1.9590413923210936,1.4771357309611233,0.3333333333333333,0.6666666666666666,0.0,1.0,0.0,1,0,-0.4616217873961331,-0.4758203216992444,0.014198534303111299,1.4896252880132501,0.17336848463303184,-0.0794790005316321,0.0794790005316321,1.3537929543980982,1,0,0,0,0
chr13,44716270,44716445,CGGCT,0,LINC00390,5,175,0.8,0.5117241379310344,0,50000,50000,19268.5,66668,0.2890217195656087,0.0,1.0,0.08183908045977012,0.03033457249070632,35.0,2.24551266781415,1.5440804525867846,0.8,0.2,0.4,0.6,1.0,0,1,-0.09636748391576232,-0.09636748391576232,0.0,2.697792516849403,0.43116949728305054,0.2882758620689656,0.2882758620689656,0.2890217195656087,1,1,0,0,0
chr13,49033498,49033503,AAAAG,0,RB1,5,5,0.2,0.36957605985037406,321,321,321,50000.0,295701,0.5263069790092019,1.0,0.048569,0.04937655860349127,0.027893026743314172,1.0,0.7781512503836436,0.00043407747931859284,0.2,0.8,1.0,0.0,0.0,0,1,-0.6968039425795112,-0.6968039425795112,0.0,1.7701481058243473,0.24825487900647744,-0.16957605985037405,0.16957605985037405,0.1690897223884938,1,0,0,0,0
chr13,49033909,49033914,CTTTT,0,RB1,5,5,0.2,0.36708229426433914,0,0,0,50000.0,295701,0.5276968965272353,1.0,0.048569,0.05685785536159601,0.027893026743314172,1.0,0.7781512503836436,0.00043407747931859284,0.2,0.8,0.0,1.0,0.0,0,1,-0.6968039425795112,-0.6968039425795112,0.0,2.0383523642825816,0.3094922707228907,-0.16708229426433913,0.16708229426433913,0.1690897223884938,1,1,1,0,0
chr13,49034024,49034088,CTTT,0,RB1,4,64,0.25,0.3856589147286822,55,55,55,50000.0,295701,0.528185565824938,1.0,0.048569,0.055232558139534885,0.027811004784688995,16.0,1.8129133566428557,1.2041471252128477,0.25,0.75,0.0,1.0,0.0,0,0,-0.6003262785189619,-0.6003262785189619,0.0,1.9859250912376296,0.29818149414786915,-0.1356589147286822,0.1356589147286822,0.1690897223884938,1,0,0,0,0
chr13,50837338,50837378,CTTT,0,DLEU1,4,40,0.25,0.37745098039215685,11690,50000,50000,50000.0,825131,0.21996143642645835,0.47033,0.0,0.07990196078431372,0.035229540918163674,10.0,1.6127838567197355,1.0000434272768626,0.25,0.75,0.0,1.0,0.0,0,0,-0.6003262785189619,-0.6003262785189619,0.0,2.267974283162907,0.3558295735650881,-0.12745098039215685,0.12745098039215685,0.06059643862610906,1,0,0,0,0
chr13,53908426,53908522,AAAG,0,ENSG00000287722,4,96,0.25,0.3616412213740458,3226,50000,50000,50000.0,593783,0.21305426393143623,0.0,1.0,0.07395038167938932,0.05185111464968153,24.0,1.9867717342662448,1.3802293369380374,0.25,0.75,1.0,0.0,0.0,0,0,-0.6003262785189619,-0.6003262785189619,0.0,1.4261787041667646,0.154478356698623,-0.11164122137404581,0.11164122137404581,0.08420584624349299,1,0,0,0,0
chr13,63318292,63318312,CTTT,0,LINC00448,4,20,0.25,0.32425742574257427,1754,50000,50000,50000.0,124441,0.42234472561294106,0.0,1.0,0.08415841584158416,0.03731268731268731,5.0,1.3222192947339193,0.6990568545476679,0.25,0.75,0.0,1.0,0.0,0,0,-0.6003262785189619,-0.6003262785189619,0.0,2.2554301625658106,0.353421896472758,-0.07425742574257427,0.07425742574257427,0.401796835448124,1,0,0,0,0
chr13,70713516,70713561,CTG,1,ATXN8OS,3,45,0.6666666666666666,0.30220048899755503,0,31685,30891,32193.5,64525,0.49893064703603257,0.0,1.0,0.06259168704156479,0.034272886006485405,15.0,1.662757831681574,1.1761202110560856,0.6666666666666666,0.3333333333333333,0.3333333333333333,0.6666666666666666,0.0,1,0,-0.17544030542608624,-0.17544030542608624,0.0,1.8262209026931175,0.26179105475333814,0.3644661776691116,0.3644661776691116,0.49893064703603257,1,1,0,0,0
chr13,72228521,72228651,AAAAT,0,DACH1,5,130,0.007692307692307693,0.3568075117370892,20431,23672,20431,50000.0,429244,0.49565282217107287,0.99954,0.0,0.07370892018779343,0.05007451564828614,26.0,2.1172712956557644,1.4149900512835218,0.0,1.0,0.8,0.2,0.0,0,1,-2.060864908823417,-3.0,0.939135091176583,1.471955290595518,0.16818956466860455,-0.34911520404478147,0.34911520404478147,0.11648386465506798,1,0,0,0,0
chr13,74834715,74834765,AAAAT,0,LINC00402,5,50,0.0,0.35365853658536583,602,50000,50000,29202.0,324114,0.09009792850663656,0.0,1.0,0.06195121951219512,0.044389027431421445,10.0,1.7075701760979363,1.0000434272768626,0.0,1.0,0.8,0.2,0.0,0,1,-3.0,-3.0,0.0,1.395611201365084,0.14507552092964138,-0.35365853658536583,0.35365853658536583,0.09009792850663656,1,0,0,0,0
chr13,79233447,79233471,AAAG,0,ENSG00000296519,4,24,0.25,0.47677865612648224,146,192,146,823.0,9208,0.08937880104257168,0.0,1.0,0.021739130434782608,0.031112664802237316,6.0,1.3979400086720377,0.7782236267660966,0.25,0.75,1.0,0.0,0.0,0,0,-0.6003262785189619,-0.6003262785189619,0.0,0.698700412598756,-0.15508786999337582,-0.22677865612648224,0.22677865612648224,0.08937880104257168,1,0,0,1,1
chr13,90371049,90371109,AAAAT,0,LINC02336,5,60,0.0,0.3650485436893204,23196,50000,50000,50000.0,431876,0.7326802137650622,0.0,1.0,0.09223300970873786,0.04646061814556331,12.0,1.7853298350107671,1.079217435746567,0.0,1.0,0.8,0.2,0.0,0,1,-3.0,-3.0,0.0,1.9851441553278173,0.2980107666122177,-0.3650485436893204,0.3650485436893204,0.11577397215867517,1,0,0,0,0
chr13,100115284,100115412,GGAT,0,TM9SF2,4,128,0.5625,0.4558270676691729,1905,38449,4348,16783.0,117737,0.14254652318302657,1.0,0.0,0.16306390977443608,0.06165540540540541,32.0,2.110589710299249,1.505163549810412,0.5,0.5,0.75,0.25,0.0,0,0,-0.24910607961787465,-0.30016227413275426,0.05105619451487961,2.644719696230301,0.4225438304679399,0.10667293233082709,0.10667293233082709,0.14254652318302657,1,0,0,0,0
chr13,100637703,100637748,GCN,1,ZIC2,3,45,0.9555555555555556,0.5555012224938876,0,0,189,3687.5,4981,0.7403131901224653,0.97362,0.0,0.1466992665036675,0.05901721127463208,15.0,1.662757831681574,1.1761202110560856,1.0,0.0,0.5,0.5,0.0,1,0,-0.01928980162146677,0.00043407747931859284,-0.019723879100785362,2.4856610076002683,0.3956165844001487,0.40005433306166804,0.40005433306166804,0.7403131901224653,1,1,1,0,1
chr13,100711282,100711290,AGGG,0,PCCA-DT,4,8,0.75,0.4601593625498008,581,30085,29979,30079.0,36037,0.834669922579571,0.0,1.0,0.1100597609561753,0.07706917233106757,2.0,0.9542425094393249,0.30124708863621136,0.75,0.25,1.0,0.0,0.0,0,0,-0.1243600629958316,-0.1243600629958316,0.0,1.4280461250741148,0.15504624666492361,0.2898406374501992,0.2898406374501992,0.834669922579571,1,0,0,0,0
chr13,100711314,100711322,AGGG,0,PCCA-DT,4,8,0.75,0.45617529880478086,613,30053,29947,30047.0,36037,0.8337819463329356,0.0,1.0,0.12201195219123506,0.07706917233106757,2.0,0.9542425094393249,0.30124708863621136,0.75,0.25,1.0,0.0,0.0,0,0,-0.1243600629958316,-0.1243600629958316,0.0,1.5831280572088604,0.19979028602319737,0.29382470119521914,0.29382470119521914,0.8337819463329356,1,0,0,0,0
chr13,102813924,102814074,AAG,0,FGF14,3,150,0.3333333333333333,0.3530232558139535,50000,50000,50000,50000.0,691653,0.34816302394408755,0.90887,0.082552,0.07674418604651163,0.03096774193548387,50.0,2.1789769472931693,1.698978690138799,0.3333333333333333,0.6666666666666666,1.0,0.0,0.0,1,0,-0.4758203216992444,-0.4758203216992444,0.0,2.4781176518694297,0.3942971376372183,-0.01968992248062018,0.01968992248062018,0.07229058501878832,1,0,0,0,0
chr14,23749951,23749996,ATTTT,0,HOMEZ,5,45,0.0,0.45330073349633254,3555,3555,5166,19031.5,27374,0.6952400087674435,0.015814,0.32751,0.05281173594132029,0.08460962833624346,9.0,1.662757831681574,0.9542907617011269,0.0,1.0,0.2,0.8,0.0,0,1,-3.0,-3.0,0.0,0.624173782653474,-0.20399924288520235,-0.45330073349633254,0.45330073349633254,0.6952400087674435,1,0,0,0,0
chr14,23790673,23790721,GCG,1,BCL2L2-PABPN1,3,48,0.875,0.61328125,0,0,0,14655.0,19342,0.7576775928032261,0.27913,0.24017,0.1083984375,0.057063048683160415,16.0,1.6901960800285136,1.2041471252128477,1.0,0.0,0.6666666666666666,0.3333333333333333,1.0,1,0,-0.05749589383191927,0.00043407747931859284,-0.05792997131123786,1.8995924754982965,0.27888900554741053,0.26171875,0.26171875,0.7576775928032261,1,1,1,0,0
chr14,24875407,24875457,AAAAT,0,NYNRIN,5,50,0.0,0.4634146341463415,1618,1618,6955,7223.0,20301,0.3557952810206394,1.4848e-09,0.40755,0.06390243902439025,0.03167082294264339,10.0,1.7075701760979363,1.0000434272768626,0.0,1.0,0.8,0.2,0.0,0,1,-3.0,-3.0,0.0,2.0176432262871455,0.30505956879683316,-0.4634146341463415,0.4634146341463415,0.3557952810206394,1,0,0,0,0
chr14,27688437,27688493,CTTT,0,NOVA1-DT,4,56,0.25,0.4285019455252918,12113,50000,50000,50000.0,697147,0.8906156090465855,0.0,1.0,0.10116731517509728,0.04417630634224173,14.0,1.7558748556724915,1.1461590556048185,0.25,0.75,0.0,1.0,0.0,0,0,-0.6003262785189619,-0.6003262785189619,0.0,2.2900290568047263,0.3600305973211872,-0.1785019455252918,0.1785019455252918,0.071720885265231,1,0,0,0,0
chr14,44474488,44474563,AAG,0,LINC02307,3,75,0.3333333333333333,0.38650602409638557,9442,50000,50000,50000.0,395525,0.9626230958852159,0.0,1.0,0.09060240963855422,0.05320049813200498,25.0,1.8808135922807914,1.3979573801038874,0.3333333333333333,0.6666666666666666,1.0,0.0,0.0,1,0,-0.4758203216992444,-0.4758203216992444,0.0,1.703004855497661,0.23147082793821455,-0.053172690763052255,0.053172690763052255,0.12641425952847482,1,0,0,0,0
chr14,54361872,54362008,CTTT,0,ENSG00000295303,4,136,0.25,0.4199438202247191,4390,50000,50000,48408.0,88098,0.5494789893073623,0.0,1.0,0.16432584269662923,0.045192689709972186,34.0,2.1367205671564067,1.5314916902215299,0.25,0.75,0.0,1.0,0.0,0,0,-0.6003262785189619,-0.6003262785189619,0.0,3.636035113556351,0.5607474939472469,-0.1699438202247191,0.1699438202247191,0.5494789893073623,1,0,0,0,0
chr14,55382218,55382243,AAAAG,0,ENSG00000305238,5,25,0.2,0.42320987654320985,549,12837,12220,749.5,8306,0.09023597399470262,0.0,1.0,0.10962962962962963,0.05902621722846442,5.0,1.414973347970818,0.6990568545476679,0.2,0.8,1.0,0.0,0.0,0,1,-0.6968039425795112,-0.6968039425795112,0.0,1.8572725392984213,0.26910940913733905,-0.22320987654320984,0.22320987654320984,0.09023597399470262,1,0,0,1,1
chr14,76766016,76766043,CTT,0,ENSG00000258402,3,27,0.3333333333333333,0.4444992599901332,3693,11215,11012,10992.5,84647,0.12986284215624888,0.0,1.0,0.15392205229403058,0.03135766714934838,9.0,1.4471580313422192,0.9542907617011269,0.3333333333333333,0.6666666666666666,0.0,1.0,0.0,1,0,-0.4758203216992444,-0.4758203216992444,0.0,4.908437324869817,0.6910317200848516,-0.11116592665679986,0.11116592665679986,0.12986284215624888,1,0,0,0,0
chr14,76824666,76824754,AAAG,0,ESRRB,4,88,0.25,0.4099616858237548,3314,17991,12936,47655.0,191125,0.2493394375408764,0.12609,0.2628,0.06992337164750957,0.033950617283950615,22.0,1.9493900066449128,1.3424424210318369,0.25,0.75,1.0,0.0,0.0,0,0,-0.6003262785189619,-0.6003262785189619,0.0,2.05950046687653,0.31397271726481857,-0.1599616858237548,0.1599616858237548,0.2493394375408764,1,0,0,0,0
chr14,79723687,79723786,GGT,0,NRXN3,3,99,0.6363636363636364,0.4287756074321105,2153,22849,21896,50000.0,1697918,0.6402078898980987,1.0,0.023512,0.18532634587899,0.08288969600477636,33.0,2.0,1.5185271001173364,0.6666666666666666,0.3333333333333333,0.6666666666666666,0.3333333333333333,0.0,1,0,-0.19561271804633573,-0.17544030542608624,-0.02017241262024949,2.2357918899403506,0.34962557942300027,0.20758802893152584,0.20758802893152584,0.029447829636060165,1,0,0,0,0
chr14,84864492,84864642,AG,0,.,2,150,0.5,0.41953488372093023,50000,50000,50000,50000.0,0,-1.0,0.0,1.0,0.3144186046511628,0.05161290322580645,75.0,2.1789769472931693,1.8750670539461884,0.5,0.5,1.0,0.0,0.0,0,0,-0.30016227413275426,-0.30016227413275426,0.0,6.09174243760655,0.7848128193044285,0.08046511627906977,0.08046511627906977,50000.0,0,0,0,0,0
chr14,89827189,89827261,ACC,0,FOXN3,3,72,0.6666666666666666,0.612934362934363,3477,10037,27623,50000.0,494400,0.5226334951456311,0.93167,0.11524,0.7654440154440154,0.16067158230370665,24.0,1.863322860120456,1.3802293369380374,0.6666666666666666,0.3333333333333333,0.3333333333333333,0.6666666666666666,0.0,1,0,-0.17544030542608624,-0.17544030542608624,0.0,4.763998962792278,0.678062810440528,0.05373230373230364,0.05373230373230364,0.1011326860841424,1,0,0,0,0
chr14,91672099,91672138,CTT,0,DGLUCY,3,39,0.3333333333333333,0.5022069641981364,888,888,930,50000.0,166885,0.8732390568355455,0.0,1.0,0.053948013732221675,0.1404261689705075,13.0,1.6020599913279625,1.1139767582898465,0.3333333333333333,0.6666666666666666,0.0,1.0,0.0,1,0,-0.4758203216992444,-0.4758203216992444,0.0,0.3841707707114129,-0.4143466774155916,-0.16887363086480306,0.16887363086480306,0.29960751415645503,1,0,0,0,0
chr14,92537355,92537396,CAG ,1,ENSG00000303901,4,41,0.5853658536585366,0.3993140617344439,0,0,0,31479.5,65901,0.47767863917087755,0.0,1.0,0.05291523762861342,0.10628212165061623,10.25,1.6232492903979006,1.0107662335184253,0.6666666666666666,0.3333333333333333,0.6666666666666666,0.3333333333333333,0.0,0,0,-0.23183132827050587,-0.17544030542608624,-0.05639102284441963,0.4978705631413548,-0.302012121722168,0.18605179192409266,0.18605179192409266,0.47767863917087755,1,1,1,0,0
chr14,93613079,93613151,CTTT,0,CYB5AP3,4,72,0.25,0.472007722007722,8269,31571,30276,8704.0,399,1.0,0.0,1.0,0.10714285714285714,0.08539258668792347,18.0,1.863322860120456,1.2552966319043402,0.25,0.75,0.0,1.0,0.0,0,0,-0.6003262785189619,-0.6003262785189619,0.0,1.2546944249386995,0.09888396606586458,-0.222007722007722,0.222007722007722,21.81453634085213,1,0,0,0,0
chr14,99695334,99695446,GGAT,0,BCL11B,4,112,0.48214285714285715,0.5236742424242424,2236,2236,42110,43144.0,102910,0.4192401127198523,0.98881,0.089479,0.12831439393939395,0.046439936356404136,28.0,2.05307844348342,1.4471735415824631,0.5,0.5,0.75,0.25,0.0,0,0,-0.3159244367525339,-0.30016227413275426,-0.01576216261977964,2.7629588032993997,0.4415315656077039,-0.04153138528138528,0.04153138528138528,0.4192401127198523,1,0,0,0,0
chr14,100394253,100394583,GGT,0,EML1,3,330,0.6333333333333333,0.467381974248927,3985,3985,7039,50000.0,204367,0.9315985457534729,0.99608,0.15494,0.22103004291845493,0.04495818986719134,110.0,2.519827993775719,2.041396633271933,0.6666666666666666,0.3333333333333333,0.6666666666666666,0.3333333333333333,0.0,1,0,-0.19768246643264198,-0.17544030542608624,-0.02224216100655574,4.916237226946789,0.6917211608768425,0.16595135908440628,0.16595135908440628,0.24465789486560943,1,0,0,0,0
chr14,100419341,100419383,GGT,0,ENSG00000307417,3,42,0.5714285714285714,0.48334965719882467,3770,12892,10944,3791.0,7372,0.0,0.0,1.0,0.30852105778648387,0.09275521405049396,14.0,1.6334684555795866,1.1461590556048185,0.6666666666666666,0.3333333333333333,0.6666666666666666,0.3333333333333333,0.0,1,0,-0.24227869758155707,-0.17544030542608624,-0.06683839215547083,3.32614974581146,0.5220723477026331,0.08807891422974673,0.08807891422974673,0.5142430819316333,1,0,0,0,1
chr14,101262896,101262940,CTTT,0,MEG3,4,44,0.25,0.45499021526418787,5693,50000,50000,17375.0,81825,0.2123434158264589,0.0,1.0,0.2563600782778865,0.060017960486928756,11.0,1.6532125137753437,1.0414321646802651,0.25,0.75,0.0,1.0,0.0,0,0,-0.6003262785189619,-0.6003262785189619,0.0,4.271318200083088,0.6306635912568866,-0.20499021526418787,0.20499021526418787,0.2123434158264589,1,0,0,0,0
chr14,101504928,101505000,GGT,0,MEG8,3,72,0.625,0.5048262548262549,102,50000,50000,50000.0,155802,0.9985109305400444,0.0,1.0,0.2557915057915058,0.09909326424870467,24.0,1.863322860120456,1.3802293369380374,0.6666666666666666,0.3333333333333333,0.6666666666666666,0.3333333333333333,0.0,1,0,-0.2034256667895703,-0.17544030542608624,-0.027985361363484063,2.5812947674703524,0.41200581522671076,0.12017374517374513,0.12017374517374513,0.32092014223180704,1,0,0,0,0
chr14,104766706,104766709,CCG,0,LINC02691,3,3,1.0,0.5307039440838742,45,50000,50000,50000.0,92175,0.8340059669107676,0.0,1.0,0.16375436844732902,0.09268609708543718,1.0,0.6020599913279624,0.00043407747931859284,1.0,0.0,0.3333333333333333,0.6666666666666666,1.0,1,0,0.00043407747931859284,0.00043407747931859284,0.0,1.7667439546238393,0.24741936070714415,0.4692960559161258,0.4692960559161258,0.5424464334147003,1,0,0,0,0
chr14,104766734,104766737,CGG,0,LINC02691,3,3,1.0,0.5336994508237644,73,50000,50000,50000.0,92175,0.8343097369134798,0.0,1.0,0.16375436844732902,0.09268609708543718,1.0,0.6020599913279624,0.00043407747931859284,1.0,0.0,0.6666666666666666,0.3333333333333333,1.0,1,0,0.00043407747931859284,0.00043407747931859284,0.0,1.7667439546238393,0.24741936070714415,0.46630054917623565,0.46630054917623565,0.5424464334147003,1,0,0,0,0
chr14,106026084,106026150,GCCCCT,0,ELK2BP,6,66,0.8333333333333334,0.6897386253630203,10053,27124,29542,10086.0,3084,0.0,0.0,1.0,0.07744433688286544,0.2455895544702482,11.0,1.8260748027008264,1.0414321646802651,0.8333333333333334,0.16666666666666666,0.16666666666666666,0.8333333333333334,0.0,0,0,-0.07866040511143918,-0.07866040511143918,0.0,0.3153392322026267,-0.49984694380186073,0.14359470797031304,0.14359470797031304,3.2704280155642023,1,0,0,0,0
chr14,106057050,106057165,AGCCC,0,AL928742.2,5,115,0.7652173913043478,0.6865248226950355,242,2318,9113,358.5,59,1.0,0.0,1.0,0.782033096926714,0.3308476261496396,23.0,2.0644579892269186,1.3617467179758969,0.8,0.2,0.4,0.6,0.0,0,1,-0.11564799479382623,-0.09636748391576232,-0.019280510878063914,2.3637187375625013,0.3737794926473356,0.0786925686093124,0.0786925686093124,6.076271186440678,1,0,0,1,1
chr14,106178248,106178308,AGCCC,0,AL901608.1,5,60,0.75,0.6883495145631068,0,3246,4744,51.0,69,0.7391304347826086,0.0,1.0,0.6936893203883495,0.40663010967098706,12.0,1.7853298350107671,1.079217435746567,0.8,0.2,0.4,0.6,0.0,0,1,-0.1243600629958316,-0.09636748391576232,-0.027992579080069288,1.7059425702810262,0.23221890961525082,0.06165048543689322,0.06165048543689322,0.7391304347826086,1,1,0,1,1
chr15,29261334,29261386,CTTT,0,APBA2,4,52,0.25,0.48148148148148145,1013,50000,7076,50000.0,280925,0.46903977930052504,0.74272,0.19454,0.04093567251461988,0.06313584679832436,13.0,1.7242758696007892,1.1139767582898465,0.25,0.75,0.0,1.0,0.0,0,0,-0.6003262785189619,-0.6003262785189619,0.0,0.6483642213774018,-0.18751164377657886,-0.23148148148148145,0.23148148148148145,0.17798344753937884,1,0,0,0,0
chr15,30242322,30242400,ACC,0,TJP1,3,78,0.6282051282051282,0.5505293551491819,6035,6035,18643,18757.0,269547,0.06958712209744497,1.0,0.022625,0.6819056785370549,0.11096722781153501,26.0,1.8976270912904414,1.4149900512835218,0.6666666666666666,0.3333333333333333,0.3333333333333333,0.6666666666666666,0.0,1,0,-0.20120774640775702,-0.17544030542608624,-0.025767440981670775,6.145053336304355,0.7885963248045373,0.0776757730559463,0.0776757730559463,0.06958712209744497,1,0,0,0,0
chr15,41324111,41324311,ACAGC,0,INO80,5,200,0.6,0.4354545454545454,4020,4177,4177,50000.0,137688,0.614105804427401,1.0,0.031343,0.24181818181818182,0.06297029702970297,40.0,2.303196057420489,1.6020708485542952,0.6,0.4,0.6,0.4,0.0,0,1,-0.22112552799726048,-0.22112552799726048,0.0,3.8401334135474205,0.5844593917163919,0.16454545454545455,0.16454545454545455,0.363139852419964,1,0,0,0,0
chr15,44580594,44580790,AG,0,ENSG00000289277,2,196,0.5459183673469388,0.5241347905282332,0,438,107,161.0,47064,0.003420873703892572,0.0,1.0,0.1029143897996357,0.13913646266587443,98.0,2.294466226161593,1.9912305072462309,0.5,0.5,1.0,0.0,0.0,0,0,-0.26207749132004626,-0.30016227413275426,0.038084782812707996,0.7396598143145312,-0.13038121805246441,0.021783576818705574,0.021783576818705574,0.003420873703892572,1,1,0,1,1
chr15,50856445,50856510,AAAAT,0,TRPM7,5,65,0.0,0.37336561743341407,2440,2440,2571,50000.0,134324,0.9120968702540126,5.2086e-16,0.43364,0.04067796610169491,0.0692250186892599,13.0,1.8195439355418688,1.1139767582898465,0.0,1.0,0.8,0.2,0.0,0,1,-3.0,-3.0,0.0,0.5876109427047826,-0.23017166831162184,-0.37336561743341407,0.37336561743341407,0.37223429915726153,1,0,0,0,0
chr15,57367959,57368003,CTTT,0,TCF12,4,44,0.25,0.37426614481409004,3047,3047,16013,50000.0,381608,0.4132093666799438,0.67602,0.20623,0.0821917808219178,0.038565156655358215,11.0,1.6532125137753437,1.0414321646802651,0.25,0.75,0.0,1.0,0.0,0,0,-0.6003262785189619,-0.6003262785189619,0.0,2.131189310783926,0.328825761789258,-0.12426614481409004,0.12426614481409004,0.13102450682375633,1,0,0,0,0
chr15,69615010,69615109,AAG,0,PAQR5,3,99,0.35353535353535354,0.4873749404478323,2523,37311,7877,23832.5,108892,0.21886364471219188,0.037162,0.33526,0.11624583134826108,0.04239016866510772,33.0,2.0,1.5185271001173364,0.3333333333333333,0.6666666666666666,1.0,0.0,0.0,1,0,-0.4503404513701461,-0.4758203216992444,0.025479870329098264,2.742218131955945,0.4382603426895607,-0.13383958691247877,0.13383958691247877,0.21886364471219188,1,0,0,0,0
chr15,73953458,73953582,AAAG,0,CD276,4,124,0.25,0.4114877589453861,22725,27902,22725,22787.0,30552,0.0,2.4699e-09,0.75642,0.14077212806026365,0.10743390975949116,31.0,2.0969100130080562,1.4913757031077342,0.25,0.75,1.0,0.0,0.0,0,0,-0.6003262785189619,-0.6003262785189619,0.0,1.3103015432823721,0.11770257233462866,-0.16148775894538608,0.16148775894538608,0.7458431526577638,1,0,0,0,0
chr15,75186380,75186448,GT,0,MPI,2,68,0.5,0.5140232108317214,253,594,253,4068.0,12214,0.3330604224660226,1.1715e-07,0.73548,0.05560928433268859,0.07399840542156667,34.0,1.8388490907372552,1.5314916902215299,0.5,0.5,0.5,0.5,0.0,0,0,-0.30016227413275426,-0.30016227413275426,0.0,0.7514828533538677,-0.12350339178546892,-0.014023210831721422,0.014023210831721422,0.3330604224660226,1,0,0,0,1
chr15,75283336,75283516,CTTT,0,SCAMP5,4,180,0.25,0.4463302752293578,4311,20665,4311,33866.0,64278,0.5268676685646722,0.65099,0.16605,0.12293577981651377,0.12472745292368682,45.0,2.2576785748691846,1.6532221646565988,0.25,0.75,0.0,1.0,0.0,0,0,-0.6003262785189619,-0.6003262785189619,0.0,0.98562739242609,-0.005846831085157176,-0.1963302752293578,0.1963302752293578,0.5268676685646722,1,0,0,0,0
chr15,75389543,75389595,CTTT,0,PPCDC,4,52,0.25,0.5160818713450293,17007,47967,46476,50000.0,93876,0.7844603519536409,0.00047853,0.70095,0.06481481481481481,0.19733692399760622,13.0,1.7242758696007892,1.1139767582898465,0.25,0.75,0.0,1.0,0.0,0,0,-0.6003262785189619,-0.6003262785189619,0.0,0.32844581265383654,-0.4822160080827208,-0.26608187134502925,0.26608187134502925,0.5326174954194896,1,0,0,0,0
chr15,78068795,78068859,AAGGCAGG,0,LINGO1,8,64,0.609375,0.5552325581395349,8093,50000,10352,44415.0,207873,0.21366411222236653,0.99413,0.0,0.1312984496124031,0.039972089314194575,8.0,1.8129133566428557,0.9031442704095386,0.625,0.375,0.875,0.125,0.0,0,0,-0.21440326270782006,-0.2034256667895703,-0.01097759591824976,3.284671059081205,0.5166240824171641,0.05414244186046513,0.05414244186046513,0.21366411222236653,1,0,0,0,0
chr15,78924514,78924554,CTTT,0,ENSG00000259555,4,40,0.25,0.47058823529411764,840,840,840,12091.0,14025,0.8621033868092691,0.0,1.0,0.10882352941176471,0.0344810379241517,10.0,1.6127838567197355,1.0000434272768626,0.25,0.75,0.0,1.0,0.0,0,0,-0.6003262785189619,-0.6003262785189619,0.0,3.1559483128908457,0.4992674714677478,-0.22058823529411764,0.22058823529411764,0.8621033868092691,1,0,0,0,0
chr15,86439512,86439810,CT,0,.,2,298,0.4161073825503356,0.45430809399477806,50000,50000,50000,50000.0,0,-1.0,0.0,1.0,0.5831157528285466,0.08986107005616317,149.0,2.4756711883244296,2.1731891831305594,0.5,0.5,0.0,1.0,0.0,0,0,-0.37975212333446345,-0.30016227413275426,-0.0795898492017092,6.489008682574341,0.8122452778160245,-0.03820071144444248,0.03820071144444248,50000.0,0,0,0,0,0
chr15,89868342,89868478,GAGT,0,POLG,4,136,0.5,0.5472846441947565,203,203,203,9682.0,29663,0.32639989212149817,2.0756e-09,0.40211,0.1451310861423221,0.03491259435836313,34.0,2.1367205671564067,1.5314916902215299,0.5,0.5,0.75,0.25,0.0,0,0,-0.30016227413275426,-0.30016227413275426,0.0,4.156864648556521,0.6188703475876137,-0.04728464419475653,0.04728464419475653,0.32639989212149817,1,0,0,0,0
chr15,93174115,93174122,ACGTATT,0,FAM174B,7,7,0.2857142857142857,0.31988041853512705,540,540,540,50000.0,192436,0.9301559999168555,0.0016376,0.99377,0.4235176880916791,0.07402409156795121,1.0,0.9030899869919435,0.00043407747931859284,0.2857142857142857,0.7142857142857143,0.42857142857142855,0.5714285714285714,1.0,0,0,-0.5425506675267713,-0.5425506675267713,0.0,5.721272059527434,0.7575685020436436,-0.034166132820841355,0.034166132820841355,0.2598266436633478,1,0,0,0,0
chr15,97668148,97668223,AAAAT,0,LINC02253,5,75,0.0,0.3089156626506024,18056,50000,50000,50000.0,517310,0.2716465948850786,0.0,1.0,0.07951807228915662,0.03491905354919054,15.0,1.8808135922807914,1.1761202110560856,0.0,1.0,0.8,0.2,0.0,0,1,-3.0,-3.0,0.0,2.277146344496367,0.3575816190256969,-0.3089156626506024,0.3089156626506024,0.09665384392337283,1,0,0,0,0
chr16,3247931,3248129,AGAGGG,0,OR1F1,6,198,0.6060606060606061,0.521383075523203,6106,6118,6106,9826.0,36575,0.26865345181134653,3.5616e-06,1.4949,0.4494995450409463,0.08441429844539063,33.0,2.298853076409707,1.5185271001173364,0.6666666666666666,0.3333333333333333,1.0,0.0,0.0,0,0,-0.2167679488526314,-0.17544030542608624,-0.04132764342654516,5.3248588030726856,0.7263896484230039,0.08467753053740312,0.08467753053740312,0.26865345181134653,1,0,0,0,0
chr16,16092648,16092653,AAAGG,0,ABCC1,5,5,0.4,0.5017456359102245,9020,9020,49040,49655.5,194119,0.2557992777626095,0.0011727,0.27593,0.06134663341645885,0.10667333166708323,1.0,0.7781512503836436,0.00043407747931859284,0.4,0.6,1.0,0.0,0.0,0,1,-0.39685562737981767,-0.39685562737981767,0.0,0.5750833631460073,-0.23951466669018012,-0.10174563591022445,0.10174563591022445,0.2557992777626095,1,0,0,0,0
chr16,16092668,16092673,CCTTT,0,ABCC1,5,5,0.4,0.5027431421446384,9000,9000,49060,49675.5,194119,0.25590230734755487,0.0011727,0.27593,0.0688279301745636,0.10667333166708323,1.0,0.7781512503836436,0.00043407747931859284,0.4,0.6,0.0,1.0,0.0,0,1,-0.39685562737981767,-0.39685562737981767,0.0,0.6452154806028375,-0.18962264232602077,-0.10274314214463842,0.10274314214463842,0.25590230734755487,1,0,0,0,0
chr16,16092837,16092842,CTTTT,0,ABCC1,5,5,0.2,0.5022443890274314,8831,8831,49229,49844.5,194119,0.2567729073403428,0.0011727,0.27593,0.0882793017456359,0.10957260684828793,1.0,0.7781512503836436,0.00043407747931859284,0.2,0.8,0.0,1.0,0.0,0,1,-0.6968039425795112,-0.6968039425795112,0.0,0.8056620958719062,-0.09330834957794983,-0.3022443890274314,0.3022443890274314,0.2567729073403428,1,0,0,0,0
chr16,16093472,16093477,AAAAG,0,ABCC1,5,5,0.2,0.485785536159601,8196,8196,49864,50000.0,194119,0.2600440966623566,0.0011727,0.27593,0.09725685785536159,0.10822294426393402,1.0,0.7781512503836436,0.00043407747931859284,0.2,0.8,1.0,0.0,0.0,0,1,-0.6968039425795112,-0.6968039425795112,0.0,0.8986630317055702,-0.04592012486496346,-0.285785536159601,0.285785536159601,0.2575739623632926,1,0,0,0,0
chr16,17564705,17564804,GGC,1,XYLT1,3,99,0.8787878787878788,0.6612672701286327,0,52,0,62.5,369191,0.00016928906717661048,0.92418,0.17902,0.10528823249166269,0.05109706950594557,33.0,2.0,1.5185271001173364,1.0,0.0,0.6666666666666666,0.3333333333333333,0.0,1,0,-0.055622025777889036,0.00043407747931859284,-0.056056103257207626,2.0605129217144253,0.31418606133562316,0.21752060865924605,0.21752060865924605,0.00016928906717661048,1,1,0,1,1
chr16,22830423,22830523,CCTT,0,HS3ST2,4,100,0.53,0.45095238095238094,4007,4007,4492,4990.0,102176,0.0488373003445036,0.10028,0.29982,0.27,0.05562189054726368,25.0,2.0043213737826426,1.3979573801038874,0.5,0.5,0.0,1.0,0.0,0,0,-0.2749054789185309,-0.30016227413275426,0.02525679521422336,4.854116665702165,0.6861996702197023,0.07904761904761909,0.07904761904761909,0.0488373003445036,1,0,0,0,1
chr16,24844884,24845004,GGAT,0,TNRC6A,4,120,0.5083333333333333,0.4990566037735849,5931,6035,5931,50000.0,217423,1.0,1.0,0.091024,0.17169811320754716,0.09995029821073559,30.0,2.0827853703164503,1.4771357309611233,0.5,0.5,0.75,0.25,0.0,0,0,-0.29299790047999136,-0.30016227413275426,0.007164373652762901,1.717817740051178,0.23522982742202164,0.009276729559748398,0.009276729559748398,0.22996647088854444,1,0,0,0,0
chr16,26568629,26568717,CTTT,0,ENSG00000286712,4,88,0.2840909090909091,0.42432950191570884,6400,50000,50000,10567.0,60638,0.1742636630495729,0.0,1.0,0.11973180076628352,0.04375746714456392,22.0,1.9493900066449128,1.3424424210318369,0.25,0.75,0.0,1.0,0.0,0,0,-0.5450166311458242,-0.6003262785189619,0.055309647373137705,2.736197325439397,0.4373061069681873,-0.14023859282479972,0.14023859282479972,0.1742636630495729,1,0,0,0,0
chr16,26821265,26821461,AAGG,0,.,4,196,0.45408163265306123,0.4335154826958106,50000,50000,50000,50000.0,0,-1.0,0.0,1.0,0.3292349726775956,0.20226777579718755,49.0,2.294466226161593,1.6902049430907664,0.5,0.5,1.0,0.0,0.0,0,0,-0.3419106925059018,-0.30016227413275426,-0.04174841837314752,1.6277103145554979,0.21184384675315984,0.020566149957250646,0.020566149957250646,50000.0,0,0,0,0,0
chr16,27150449,27150566,GGT,0,EEF1A1P38,3,117,0.6410256410256411,0.500236183278224,3949,50000,50000,4007.5,1696,0.0,0.0,1.0,0.4884270193670288,0.07342049013272357,39.0,2.0718820073061255,1.5910757426396818,0.6666666666666666,0.3333333333333333,0.6666666666666666,0.3333333333333333,0.0,1,0,-0.19244762686327277,-0.17544030542608624,-0.01700732143718653,6.652371376338213,0.8230417654711477,0.14078945774741713,0.14078945774741713,2.3629127358490565,1,0,0,0,1
chr16,33899846,33899911,CCATT,0,ENSG00000262561,5,65,0.4153846153846154,0.46440677966101696,23026,50000,50000,23058.5,207,0.0,0.0,1.0,1.0,0.9995016197358585,13.0,1.8195439355418688,1.1139767582898465,0.4,0.6,0.2,0.8,0.0,0,1,-0.3805053252157754,-0.39685562737981767,0.016350302164042263,1.0004976277743753,0.0006499249269302066,-0.04902216427640155,0.04902216427640155,111.39371980676329,1,0,0,0,0
chr16,50509580,50509792,CTTT,0,ENSG00000260573,4,212,0.25,0.4719710669077758,17725,50000,50000,50000.0,139176,0.4929298154854285,0.0,1.0,0.1442133815551537,0.07104690283000198,53.0,2.3283796034387376,1.7242840637589936,0.25,0.75,0.0,1.0,0.0,0,0,-0.6003262785189619,-0.6003262785189619,0.0,2.029804903604495,0.3076682033862027,-0.2219710669077758,0.2219710669077758,0.3592573432200954,1,0,0,0,0
chr16,51081060,51081129,AAG,0,ENSG00000260620,3,69,0.34782608695652173,0.4944417593040116,7510,50000,50000,9215.5,1671,1.0,0.0,1.0,0.17544707588206862,0.054910558572923415,23.0,1.845098040014257,1.3617467179758969,0.3333333333333333,0.6666666666666666,1.0,0.0,0.0,1,0,-0.4573910438150979,-0.4758203216992444,0.0184292778841465,3.195084613179794,0.5046182683111202,-0.14661567234748984,0.14661567234748984,5.514961101137044,1,0,0,0,0
chr16,55359483,55359511,AAAG,0,ENSG00000259283,4,28,0.2857142857142857,0.5734714003944773,52,435,480,8003.0,73619,0.10870834974666865,0.0,1.0,0.14102564102564102,0.04189135210705013,7.0,1.462397997898956,0.8451600776519459,0.25,0.75,1.0,0.0,0.0,0,0,-0.5425506675267713,-0.6003262785189619,0.05777561099219064,3.366381545377768,0.52729232745557,-0.2877571146801916,0.2877571146801916,0.10870834974666865,1,0,0,0,0
chr16,57893926,57893996,AAAAT,0,KIFC3,5,70,0.0,0.4227053140096618,2637,2637,2637,2996.0,107377,0.027901692168713972,0.0056474,0.28859,0.044444444444444446,0.11255605381165919,14.0,1.8512583487190752,1.1461590556048185,0.0,1.0,0.8,0.2,0.0,0,1,-3.0,-3.0,0.0,0.3948614763745769,-0.40245675996033525,-0.4227053140096618,0.4227053140096618,0.027901692168713972,1,0,0,0,1
chr16,61459674,61460018,CTTT,0,.,4,344,0.25290697674418605,0.36177474402730375,50000,50000,50000,50000.0,0,-1.0,0.0,1.0,0.2393344709897611,0.10047188360204483,86.0,2.537819095073274,1.934503501150044,0.25,0.75,0.0,1.0,0.0,0,0,-0.5953253656096441,-0.6003262785189619,0.005000912909317812,2.382080243040722,0.37713866614967506,-0.1088677672831177,0.1088677672831177,50000.0,0,0,0,0,0
chr16,63793252,63793282,ATTTT,0,LINC02165,5,30,0.0,0.33497536945812806,3464,50000,50000,29193.0,25714,1.0,0.0,1.0,0.05073891625615764,0.05471792311532701,6.0,1.4913616938342726,0.7782236267660966,0.0,1.0,0.2,0.8,0.0,0,1,-3.0,-3.0,0.0,0.9272645250934306,-0.032328246390979906,-0.33497536945812806,0.33497536945812806,1.1352959477327527,1,0,0,0,0
chr16,66524300,66524369,TGGAA,1,BEAN1,5,69,0.0,0.5210246495891735,2496,7414,2496,50000.0,66234,0.9532339885859227,6.7615e-06,0.96524,0.06138231029482842,0.05217001345358513,13.8,1.845098040014257,1.1399105558756826,0.4,0.6,0.8,0.2,0.0,0,1,-3.0,-0.39685562737981767,-2.603144372620182,1.1765596685109114,0.07098292263616111,-0.5210246495891735,0.5210246495891735,0.7548992964338557,1,0,0,0,0
chr16,71866096,71866207,AAG,0,ATXN1L,3,111,0.35135135135135137,0.4471814306016106,1483,17437,13105,23809.5,76829,0.30990251077067255,0.97897,0.096904,0.35812411179535764,0.20272487693302174,37.0,2.0492180226701815,1.5682134615970804,0.3333333333333333,0.6666666666666666,1.0,0.0,0.0,1,0,-0.45302405854074557,-0.4758203216992444,0.02279626315849881,1.766543655961975,0.24737014909368849,-0.09583007925025921,0.09583007925025921,0.30990251077067255,1,0,0,0,0
chr16,78757453,78757528,CTTTT,0,WWOX,5,75,0.2,0.4163855421686747,7925,32279,32264,50000.0,1113267,0.5606862504682165,1.2376e-15,1.0742,0.08048192771084338,0.05594022415940224,15.0,1.8808135922807914,1.1761202110560856,0.2,0.8,0.0,1.0,0.0,0,1,-0.6968039425795112,-0.6968039425795112,0.0,1.43868728152093,0.15826816802662266,-0.21638554216867467,0.21638554216867467,0.04491285558630589,1,0,0,0,0
chr16,86923198,86923298,GGAT,0,ENSG00000289423,4,100,0.46,0.41523809523809524,7438,50000,50000,50000.0,207100,0.811487204249155,0.0,1.0,0.3538095238095238,0.11343283582089553,25.0,2.0043213737826426,1.3979573801038874,0.5,0.5,0.75,0.25,0.0,0,0,-0.33629907461035186,-0.30016227413275426,-0.0361368004775976,3.1190827785120963,0.49416611638194397,0.04476190476190478,0.04476190476190478,0.24142926122646063,1,0,0,0,0
chr16,87637889,87637935,CTG,1,JPH3,3,46,0.6739130434782609,0.6412512218963832,0,755,1137,2471.0,96321,0.025653803428120556,0.99855,0.042681,0.04105571847507331,0.09473211613289434,15.333333333333334,1.6720978579357175,1.1856648995915253,0.6666666666666666,0.3333333333333333,0.3333333333333333,0.6666666666666666,0.0,1,0,-0.17075217853234845,-0.17544030542608624,0.004688126893737793,0.4333829620623813,-0.36212721755227806,0.03266182158187769,0.03266182158187769,0.025653803428120556,1,1,0,0,1
chr17,4365393,4365925,ATCC,0,SPNS3,4,532,0.5,0.4707740916271722,8893,8893,8893,28424.0,54268,0.5237709147195401,1.7173e-12,0.8609,0.5560821484992101,0.18566140658484317,133.0,2.7267272090265724,2.1238549063268546,0.5,0.5,0.25,0.75,0.0,0,0,-0.30016227413275426,-0.30016227413275426,0.0,2.9951251776169032,0.4765599541584718,0.02922590837282779,0.02922590837282779,0.5237709147195401,1,0,0,0,0
chr17,5766325,5766385,CTTT,0,ENSG00000284837,4,60,0.26666666666666666,0.46067961165048543,25692,50000,25692,50000.0,158462,0.5730143504436395,0.0,1.0,0.14514563106796116,0.03708873379860419,15.0,1.7853298350107671,1.1761202110560856,0.25,0.75,0.0,1.0,0.0,0,0,-0.5724057094409815,-0.6003262785189619,0.02792056907798046,3.9133640552961713,0.5926612147439623,-0.19401294498381877,0.19401294498381877,0.31553306155418964,1,0,0,0,0
chr17,6654871,6654901,AAG,0,ENSG00000304305,3,30,0.3333333333333333,0.41773399014778323,820,4497,3795,835.0,4644,0.0,0.0,1.0,0.05517241379310345,0.10504243634548177,10.0,1.4913616938342726,1.0000434272768626,0.3333333333333333,0.6666666666666666,1.0,0.0,0.0,1,0,-0.4758203216992444,-0.4758203216992444,0.0,0.5252342812895475,-0.2788208634150235,-0.08440065681444991,0.08440065681444991,0.179801894918174,1,0,0,1,1
chr17,8011131,8011279,AAAG,0,ALOXE3,4,148,0.25,0.4920856610800745,507,507,507,11160.0,23147,0.4821359139413315,5.1284e-20,0.79538,0.5027932960893855,0.09961286480047647,37.0,2.173186268412274,1.5682134615970804,0.25,0.75,1.0,0.0,0.0,0,0,-0.6003262785189619,-0.6003262785189619,0.0,5.047422837136829,0.7031557226514358,-0.2420856610800745,0.2420856610800745,0.4821359139413315,1,0,0,0,0
chr17,9534307,9534347,AAAG,0,CFAP52,4,40,0.25,0.4965686274509804,1858,1858,1858,50000.0,66820,0.8138730918886561,0.0,1.0,0.1,0.07065868263473053,10.0,1.6127838567197355,1.0000434272768626,0.25,0.75,1.0,0.0,0.0,0,0,-0.6003262785189619,-0.6003262785189619,0.0,1.4152342081260376,0.1511350802504772,-0.2465686274509804,0.2465686274509804,0.7482789583956899,1,0,0,0,0
chr17,12929453,12929529,CTTT,0,ELAC2,4,76,0.25,0.4918111753371869,8071,8189,8071,8109.0,26797,0.0,1.7245e-20,0.79182,0.42003853564547206,0.10450288902171748,19.0,1.8864907251724818,1.2787764579556449,0.25,0.75,0.0,1.0,0.0,0,0,-0.6003262785189619,-0.6003262785189619,0.0,4.01935793564756,0.6042647203870849,-0.24181117533718688,0.24181117533718688,0.3026085009515991,1,0,0,0,0
chr17,34422966,34423102,CTTT,0,CCL3,4,136,0.25,0.4812734082397004,5451,5562,5477,5519.0,1913,0.0,0.34981,0.22134,0.16151685393258428,0.06391537544696067,34.0,2.1367205671564067,1.5314916902215299,0.25,0.75,0.0,1.0,0.0,0,0,-0.6003262785189619,-0.6003262785189619,0.0,2.527002709448298,0.4027775350762549,-0.23127340823970038,0.23127340823970038,2.884997386304234,1,0,0,0,0
chr17,37655127,37655459,CTTT,0,CDK12,4,332,0.25,0.4365351629502573,2044,2044,32111,37603.0,106122,0.3543374606584874,1.0,0.048648,0.4305317324185249,0.18906157780838087,83.0,2.5224442335063197,1.9190833248081907,0.25,0.75,0.0,1.0,0.0,0,0,-0.6003262785189619,-0.6003262785189619,0.0,2.277191697105063,0.3575902647352634,-0.1865351629502573,0.1865351629502573,0.3543374606584874,1,0,0,0,0
chr17,43253399,43253404,AAAGG,0,HEXIM2-AS2,5,5,0.4,0.48877805486284287,0,6223,5331,73.5,7308,0.010057471264367816,0.0,1.0,0.11920199501246882,0.15731067233191703,1.0,0.7781512503836436,0.00043407747931859284,0.4,0.6,1.0,0.0,0.0,0,1,-0.39685562737981767,-0.39685562737981767,0.0,0.7577441218790214,-0.11990466045756715,-0.08877805486284285,0.08877805486284285,0.010057471264367816,1,1,0,1,1
chr17,43254234,43254314,CTTT,0,HEXIM2-AS2,4,80,0.25,0.5173076923076924,759,7058,6166,799.0,7308,0.0,0.0,1.0,0.08605769230769231,0.12749003984063745,20.0,1.9084850188786497,1.3010517098452263,0.25,0.75,0.0,1.0,0.0,0,0,-0.6003262785189619,-0.6003262785189619,0.0,0.6750097294308963,-0.17004705345519397,-0.26730769230769236,0.26730769230769236,0.10933223864258347,1,0,0,1,1
chr17,43254622,43254627,CCTTT,0,HEXIM2-AS2,5,5,0.4,0.5211970074812967,1147,7446,6554,1149.5,7308,0.0,0.0,1.0,0.08927680798004987,0.12706823294176456,1.0,0.7781512503836436,0.00043407747931859284,0.4,0.6,0.0,1.0,0.0,0,1,-0.39685562737981767,-0.39685562737981767,0.0,0.7025839844407117,-0.15268405487146375,-0.12119700748129669,0.12119700748129669,0.15729337712096333,1,0,0,0,1
chr17,46935336,46935406,AATAG,0,ENSG00000293025,5,70,0.2,0.4647342995169082,1358,1358,2277,50000.0,88428,0.5768308680508436,0.0,1.0,0.08550724637681159,0.11669157947184854,14.0,1.8512583487190752,1.1461590556048185,0.2,0.8,0.8,0.2,0.0,0,1,-0.6968039425795112,-0.6968039425795112,0.0,0.7327565022884747,-0.1344480371644422,-0.2647342995169082,0.2647342995169082,0.5654317636947573,1,0,0,0,0
chr17,47425841,47425901,AAAAG,0,ZNF652,5,60,0.2,0.420873786407767,4127,30754,4127,13964.0,73267,0.1905905796606931,0.82299,0.15883,0.09029126213592233,0.07313060817547358,12.0,1.7853298350107671,1.079217435746567,0.2,0.8,1.0,0.0,0.0,0,1,-0.6968039425795112,-0.6968039425795112,0.0,1.234640730438684,0.09189221551903852,-0.220873786407767,0.220873786407767,0.1905905796606931,1,0,0,0,0
chr17,49587489,49587541,AAAG,0,LINC02073,4,52,0.25,0.4137426900584795,6895,50000,50000,50000.0,184758,0.9391203628530294,0.0,1.0,0.08382066276803118,0.03002194294833433,13.0,1.7242758696007892,1.1139767582898465,0.25,0.75,1.0,0.0,0.0,0,0,-0.6003262785189619,-0.6003262785189619,0.0,2.7918869549955807,0.4460533575358799,-0.16374269005847952,0.16374269005847952,0.2706242760800615,1,0,0,0,0
chr17,49909027,49909090,AGC,0,CA10,3,63,0.6666666666666666,0.4367426078526418,50000,50000,50000,50000.0,529703,0.6198161988888112,0.56746,0.20086,0.045564711585070285,0.040322982604794895,21.0,1.806179973983887,1.322239974931152,0.6666666666666666,0.3333333333333333,0.6666666666666666,0.3333333333333333,0.0,1,0,-0.17544030542608624,-0.17544030542608624,0.0,1.1299655599904017,0.05344938005024853,0.22992405881402483,0.22992405881402483,0.09439251807144758,1,0,0,0,0
chr17,50871310,50871365,CTTTT,0,ENSG00000303078,5,55,0.2,0.3781021897810219,11370,50000,50000,34798.5,23401,1.0,0.0,1.0,0.040875912408759124,0.03590127150336574,11.0,1.7481880270062005,1.0414321646802651,0.2,0.8,0.0,1.0,0.0,0,1,-0.6968039425795112,-0.6968039425795112,0.0,1.1385327640042808,0.05672681659116565,-0.17810218978102188,0.17810218978102188,1.48705183539165,1,0,0,0,0
chr17,54955454,54955562,AAG,0,TRIM25,3,108,0.3611111111111111,0.4644212523719165,6438,13499,8526,35933.0,77693,0.46249983911034453,0.0041202,0.33882,0.13614800759013282,0.061119952257807836,36.0,2.037426497940624,1.5563145643353469,0.3333333333333333,0.6666666666666666,1.0,0.0,0.0,1,0,-0.4411581489741807,-0.4758203216992444,0.03466217272506367,2.2275177751789808,0.3480161024703707,-0.1033101412608054,0.1033101412608054,0.46249983911034453,1,0,0,0,0
chr17,55527616,55527680,AAAG,0,MSI2,4,64,0.25,0.4331395348837209,0,17641,36742,50000.0,428838,0.45340198396597314,0.99478,0.050011,0.09447674418604651,0.04759768740031898,16.0,1.8129133566428557,1.2041471252128477,0.25,0.75,1.0,0.0,0.0,0,0,-0.6003262785189619,-0.6003262785189619,0.0,1.984860283887017,0.2979486902462891,-0.18313953488372092,0.18313953488372092,0.11659414510840924,1,1,0,0,0
chr17,64220811,64220901,AAAGG,0,APOH,5,90,0.4,0.4416267942583732,919,919,3298,31787.0,44930,0.7074782995771199,1.5614e-15,1.1617,0.20861244019138755,0.0772523643603783,18.0,1.9590413923210936,1.2552966319043402,0.4,0.6,1.0,0.0,0.0,0,1,-0.39685562737981767,-0.39685562737981767,0.0,2.7003670573909746,0.4315835994294712,-0.04162679425837318,0.04162679425837318,0.7074782995771199,1,0,0,0,0
chr17,64794658,64795228,GGT,0,PRKCA,3,570,0.6350877192982456,0.5712062256809338,2045,2045,4928,50000.0,508130,0.9765453722472596,0.3677,0.22621,0.5136186770428015,0.09450656295576082,190.0,2.756636108245848,2.278755886707245,0.6666666666666666,0.3333333333333333,0.6666666666666666,0.3333333333333333,0.0,1,0,-0.19648298909960477,-0.17544030542608624,-0.021042683673518525,5.434683330933287,0.7352541479070002,0.06388149361731177,0.06388149361731177,0.09840001574400252,1,0,0,0,0
chr17,70142918,70143113,AAG,0,ENSG00000288605,3,195,0.40512820512820513,0.43097949886104786,4996,22390,20361,50000.0,187176,0.3957425097234688,0.0,1.0,0.29248291571753987,0.07600891309730132,65.0,2.292256071356476,1.812920038045028,0.3333333333333333,0.6666666666666666,1.0,0.0,0.0,1,0,-0.39133684821944315,-0.4758203216992444,0.08448347347980123,3.8479575071100074,0.5853431164649435,-0.02585129373284273,0.02585129373284273,0.26712826430738984,1,0,0,0,0
chr17,72297982,72298258,AAGG,0,DNAI2,4,276,0.4746376811594203,0.531634446397188,675,675,675,27747.0,40652,0.6825494440617927,9.5317e-13,0.69843,0.14586994727592267,0.06233971197474847,69.0,2.4424797690644486,1.8388553848145723,0.5,0.5,1.0,0.0,0.0,0,0,-0.32272374683853394,-0.30016227413275426,-0.022561472705779684,2.3398826008757854,0.3693796336580442,-0.056996765237767755,0.056996765237767755,0.6825494440617927,1,0,0,0,0
chr17,72478836,72478872,CTTT,0,CD300A,4,36,0.25,0.5574656188605108,864,864,1394,16316.0,18399,0.8867873253981194,1.1537e-06,0.73772,0.054027504911591355,0.0352365741665003,9.0,1.568201724066995,0.9542907617011269,0.25,0.75,0.0,1.0,0.0,0,0,-0.6003262785189619,-0.6003262785189619,0.0,1.5332356494322554,0.1858920697747532,-0.3074656188605108,0.3074656188605108,0.8867873253981194,1,0,0,0,0
chr17,77867489,77867897,ATC,0,LINC01979,3,408,0.35784313725490197,0.4883720930232558,21154,46761,38245,32831.0,11473,1.0,0.0,1.0,0.34717607973421927,0.09069972559780479,136.0,2.611723308007342,2.133542101700256,0.3333333333333333,0.6666666666666666,0.3333333333333333,0.6666666666666666,0.0,1,0,-0.4450953550769951,-0.4758203216992444,0.030724966622249272,3.827710059054058,0.5830524792960783,-0.13052895576835383,0.13052895576835383,2.861588076353177,1,0,0,0,0
chr17,78639131,78639301,CCTTT,0,RPTOR,5,170,0.4,0.4543778801843318,21521,21521,42363,50000.0,421552,0.2860785857972445,1.0,0.039042,0.2304147465437788,0.04987605354486862,34.0,2.232996110392154,1.5314916902215299,0.4,0.6,0.0,1.0,0.0,0,1,-0.39685562737981767,-0.39685562737981767,0.0,4.6196543333599545,0.6647034805876475,-0.05437788018433176,0.05437788018433176,0.1186093293354082,1,0,0,0,0
chr18,626867,626943,AAAG,0,CLUL1,4,76,0.27631578947368424,0.41522157996146436,154,154,8867,29917.0,53346,0.5608105574925956,1.6121e-11,0.88322,0.09778420038535646,0.04746961546124726,19.0,1.8864907251724818,1.2787764579556449,0.25,0.75,1.0,0.0,0.0,0,0,-0.5570254023800406,-0.6003262785189619,0.04330087613892131,2.059889037360023,0.31405460907200544,-0.13890579048778012,0.13890579048778012,0.5608105574925956,1,0,0,0,0
chr18,667280,667454,GATGGT,0,TYMS,6,174,0.5,0.4521619135234591,267,1618,2864,9852.0,19098,0.515865535658184,0.72247,0.17303,0.3486660533578657,0.06662040249826509,29.0,2.2430380486862944,1.4624129733125506,0.5,0.5,0.6666666666666666,0.3333333333333333,0.0,0,0,-0.30016227413275426,-0.30016227413275426,0.0,5.2335441807450005,0.7188788697004355,0.04783808647654092,0.04783808647654092,0.515865535658184,1,0,0,0,0
chr18,2158902,2158970,AAAG,0,ENSG00000263745,4,68,0.25,0.3902321083172147,9172,50000,50000,50000.0,606171,0.5452075404465077,0.0,1.0,0.08752417794970986,0.044299382100857085,17.0,1.8388490907372552,1.2304744673611585,0.25,0.75,1.0,0.0,0.0,0,0,-0.6003262785189619,-0.6003262785189619,0.0,1.975698036880285,0.29594033095618405,-0.14023210831721472,0.14023210831721472,0.08248497536173786,1,0,0,0,0
chr18,2614564,2614652,AAAG,0,NDC80,4,88,0.25,0.4013409961685824,301,301,319,43089.0,45115,0.9550925412833869,1.1423e-07,0.47146,0.1556513409961686,0.08029669454400637,22.0,1.9493900066449128,1.3424424210318369,0.25,0.75,1.0,0.0,0.0,0,0,-0.6003262785189619,-0.6003262785189619,0.0,1.9384285175319123,0.2876737772263323,-0.15134099616858238,0.15134099616858238,0.9550925412833869,1,0,0,0,0
chr18,5566790,5566805,CCATT,0,EPB41L3,5,15,0.4,0.40248138957816376,324,10524,10579,50000.0,238321,0.26813205718337874,4.3188e-05,0.32503,0.11116625310173697,0.04571571321508868,3.0,1.2041199826559248,0.4772659954248526,0.4,0.6,0.2,0.8,0.0,0,1,-0.39685562737981767,-0.39685562737981767,0.0,2.43163266306395,0.3860765337361105,-0.0024813895781637396,0.0024813895781637396,0.20980106662862275,1,0,0,0,0
chr18,6185962,6185992,ATTTT,0,L3MBTL4,5,30,0.0,0.48472906403940885,14021,14021,50000,50000.0,462717,0.49598134496895513,3.1e-11,0.60001,0.07635467980295567,0.040838741887169246,6.0,1.4913616938342726,0.7782236267660966,0.0,1.0,0.2,0.8,0.0,0,1,-3.0,-3.0,0.0,1.8696171002722293,0.2719849001365961,-0.48472906403940885,0.48472906403940885,0.10805740874011545,1,0,0,0,0
chr18,6909248,6909303,CTTTT,0,ARHGAP28,5,55,0.21818181818181817,0.44330900243309,225,225,2851,50000.0,186036,0.9653857317938463,2.629e-09,0.58337,0.03844282238442823,0.02916978309648467,11.0,1.7481880270062005,1.0414321646802651,0.2,0.8,0.0,1.0,0.0,0,1,-0.6591954747807713,-0.6968039425795112,0.03760846779873983,1.3178536296840422,0.12019659892174225,-0.22512718425127184,0.22512718425127184,0.26876518523296566,1,0,0,0,0
chr18,19931388,19931468,ATTTT,0,ENSG00000303759,5,80,0.0,0.4269230769230769,1917,50000,50000,1957.0,676,0.0,0.0,1.0,0.08509615384615385,0.05104581673306773,16.0,1.9084850188786497,1.2041471252128477,0.0,1.0,0.2,0.8,0.0,0,1,-3.0,-3.0,0.0,1.667021751642923,0.22220170970513703,-0.4269230769230769,0.4269230769230769,2.8949704142011834,1,0,0,0,1
chr18,20602565,20602600,AAAAT,0,RBBP8,5,35,0.0,0.3597051597051597,332,332,462,50000.0,228227,0.9830497706231077,3.0764e-12,0.54292,0.04373464373464373,0.08460194659346144,7.0,1.5563025007672873,0.8451600776519459,0.0,1.0,0.8,0.2,0.0,0,1,-3.0,-3.0,0.0,0.5169399588976464,-0.28572058201298334,-0.3597051597051597,0.3597051597051597,0.21908012636541688,1,0,0,0,0
chr18,21261321,21261385,AAAG,0,LAMA3,4,64,0.28125,0.40939922480620156,8032,8263,8032,8064.0,266769,0.0,8.8349e-46,0.58647,0.05377906976744186,0.040271132376395534,16.0,1.8129133566428557,1.2041471252128477,0.25,0.75,1.0,0.0,0.0,0,0,-0.5493660494029945,-0.6003262785189619,0.050960229115967426,1.3353916615292778,0.1259337571762703,-0.12814922480620156,0.12814922480620156,0.030228399851556963,1,0,0,0,0
chr18,24307046,24307078,CTTT,0,AQP4-AS1,4,32,0.25,0.35679133858267714,1946,50000,50000,50000.0,535193,0.13377043421718893,0.0,1.0,0.08759842519685039,0.03134984025559105,8.0,1.5185139398778875,0.9031442704095386,0.25,0.75,0.0,1.0,0.0,0,0,-0.6003262785189619,-0.6003262785189619,0.0,2.794133250742083,0.44640251658114394,-0.10679133858267714,0.10679133858267714,0.09342424134844814,1,0,0,0,0
chr18,28136512,28136626,AAG,0,.,3,114,0.40350877192982454,0.31598864711447494,50000,50000,50000,50000.0,0,-1.0,0.0,1.0,0.13859981078524125,0.051307546982201455,38.0,2.060697840353612,1.579795025268589,0.3333333333333333,0.6666666666666666,1.0,0.0,0.0,1,0,-0.393072056105079,-0.4758203216992444,0.08274826559416537,2.701300639702786,0.43173366404231717,0.0875201248153496,0.0875201248153496,50000.0,0,0,0,0,0
chr18,29725565,29725657,CTTT,0,GAREM1,4,92,0.25,0.44120458891013387,9142,9142,9187,50000.0,346005,0.9399690755913932,0.0,1.0,0.15296367112810708,0.07799124029464463,23.0,1.9684829485539352,1.3617467179758969,0.25,0.75,0.0,1.0,0.0,0,0,-0.6003262785189619,-0.6003262785189619,0.0,1.9612678203655907,0.2927582818253086,-0.19120458891013387,0.19120458891013387,0.14450658227482263,1,0,0,0,0
chr18,40685418,40685458,AAGGGAGG,0,RIT2,8,40,0.6,0.3558823529411765,9924,9924,10027,10246.0,372501,0.027505966426935768,0.00063244,0.65995,0.08480392156862746,0.04236526946107785,5.0,1.6127838567197355,0.6990568545476679,0.625,0.375,1.0,0.0,0.0,0,0,-0.22112552799726048,-0.2034256667895703,-0.017699861207690182,2.0016848933687057,0.3016126218663784,0.2441176470588235,0.2441176470588235,0.027505966426935768,1,0,0,0,0
chr18,45050064,45050088,CTTT,0,MIR4527HG,4,24,0.25,0.4575098814229249,11747,50000,50000,50000.0,308891,0.7706472509720257,0.0,1.0,0.026185770750988144,0.037754694366759885,6.0,1.3979400086720377,0.7782236267660966,0.25,0.75,0.0,1.0,0.0,0,0,-0.6003262785189619,-0.6003262785189619,0.0,0.6935581821544274,-0.15829136816935577,-0.20750988142292492,0.20750988142292492,0.1618693972954861,1,0,0,0,0
chr18,51661243,51661343,AAAG,0,ENSG00000264296,4,100,0.25,0.36857142857142855,7160,24804,16633,7210.0,444,0.0,0.0,1.0,0.25761904761904764,0.04945273631840796,25.0,2.0043213737826426,1.3979573801038874,0.25,0.75,1.0,0.0,0.0,0,0,-0.6003262785189619,-0.6003262785189619,0.0,5.209293913818098,0.7168622226371526,-0.11857142857142855,0.11857142857142855,16.23873873873874,1,0,0,0,0
chr18,53253385,53253460,CTG,1,TCF4,3,75,0.6666666666666666,0.40674698795180725,0,240,0,50000.0,442602,0.17757601637588624,0.99981,0.094955,0.10409638554216867,0.06097135740971357,25.0,1.8808135922807914,1.3979573801038874,0.6666666666666666,0.3333333333333333,0.3333333333333333,0.6666666666666666,0.0,1,0,-0.17544030542608624,-0.17544030542608624,0.0,1.7072717861747784,0.232556968136217,0.2599196787148594,0.2599196787148594,0.11296831012964244,1,1,0,0,0
chr18,60753977,60754073,CTTT,0,ENSG00000299452,4,96,0.2708333333333333,0.39837786259541985,1567,41785,36506,50000.0,136620,0.6951764016981409,0.0,1.0,0.09446564885496184,0.08902269108280254,24.0,1.9867717342662448,1.3802293369380374,0.25,0.75,0.0,1.0,0.0,0,0,-0.5656972893433678,-0.6003262785189619,0.034628989175594094,1.061129320813014,0.02617739800367331,-0.12754452926208654,0.12754452926208654,0.36597862684819205,1,0,0,0,0
chr18,62056750,62056875,CCTTT,0,LINC01924,5,125,0.4,0.42258823529411765,17481,50000,50000,50000.0,382047,0.9109442032001298,0.0,1.0,0.10541176470588236,0.029217391304347827,25.0,2.100370545117563,1.3979573801038874,0.4,0.6,0.0,1.0,0.0,0,1,-0.39685562737981767,-0.39685562737981767,0.0,3.6077196587546765,0.557353145460772,-0.02258823529411763,0.02258823529411763,0.13087395006373562,1,0,0,0,0
chr18,64842926,64842996,AAAAT,0,RPL31P9,5,70,0.0,0.36666666666666664,37938,50000,50000,37973.0,140,0.0,0.0,1.0,0.05652173913043478,0.04902840059790733,14.0,1.8512583487190752,1.1461590556048185,0.0,1.0,0.8,0.2,0.0,0,1,-3.0,-3.0,0.0,1.1528131782391653,0.06213549493055358,-0.36666666666666664,0.36666666666666664,271.23571428571427,1,0,0,0,0
chr18,67878547,67878602,AAAAT,0,ENSG00000303817,5,55,0.0,0.33771289537712895,227,5653,5283,39645.5,40163,0.9871150063491273,0.0,1.0,0.09829683698296837,0.02931937172774869,11.0,1.7481880270062005,1.0414321646802651,0.0,1.0,0.8,0.2,0.0,0,1,-3.0,-3.0,0.0,3.3525099168487213,0.5254995949546812,-0.33771289537712895,0.33771289537712895,0.9871150063491273,1,0,0,0,0
chr18,72833795,72833887,CTTT,0,ENSG00000285915,4,92,0.25,0.4789674952198853,2043,50000,50000,3949.0,13701,0.28822713670535,0.0,1.0,0.06453154875717017,0.1369699382838941,23.0,1.9684829485539352,1.3617467179758969,0.25,0.75,0.0,1.0,0.0,0,0,-0.6003262785189619,-0.6003262785189619,0.0,0.4711331437579719,-0.3259355110155783,-0.2289674952198853,0.2289674952198853,0.28822713670535,1,0,0,0,1
chr18,74687138,74687173,CTTTT,0,MBP-AS1,5,35,0.2,0.4928746928746929,129,4722,2281,509.5,9472,0.05379011824324324,0.0,1.0,0.046191646191646195,0.0638881956575992,7.0,1.5563025007672873,0.8451600776519459,0.2,0.8,0.0,1.0,0.0,0,1,-0.6968039425795112,-0.6968039425795112,0.0,0.7229962079848472,-0.14026370846524114,-0.29287469287469287,0.29287469287469287,0.05379011824324324,1,0,0,1,1
chr18,74964811,74965012,ACC,0,GALR1,3,201,0.6169154228855721,0.45252158109950025,684,1641,2307,3107.5,28052,0.11077641522886068,0.00053174,0.68515,0.09950022716946842,0.11618236720954409,67.0,2.305351369446624,1.8260812846596464,0.6666666666666666,0.3333333333333333,0.3333333333333333,0.6666666666666666,0.0,1,0,-0.2090709648590455,-0.17544030542608624,-0.03363065943295926,0.856406812431365,-0.06681307017271935,0.16439384178607186,0.16439384178607186,0.11077641522886068,1,0,0,0,1
chr18,77393852,77393897,GGT,0,ENSG00000301485,3,45,0.6,0.5154034229828851,866,46051,45906,1191.5,9970,0.1195085255767302,0.0,1.0,0.3535452322738386,0.10685956597655276,15.0,1.662757831681574,1.1761202110560856,0.6666666666666666,0.3333333333333333,0.6666666666666666,0.3333333333333333,0.0,1,0,-0.22112552799726048,-0.17544030542608624,-0.045685222571174244,3.308472391503271,0.5197587624395433,0.08459657701711487,0.08459657701711487,0.1195085255767302,1,0,0,0,1
chr19,1692730,1692794,CTTT,0,ENSG00000309855,4,64,0.25,0.5494186046511628,33196,42483,39820,50000.0,21232,1.0,0.0,1.0,0.03343023255813953,0.1480761562998405,16.0,1.8129133566428557,1.2041471252128477,0.25,0.75,0.0,1.0,0.0,0,0,-0.6003262785189619,-0.6003262785189619,0.0,0.225762253905301,-0.6444292349860145,-0.29941860465116277,0.29941860465116277,2.354935945742276,1,0,0,0,0
chr19,5796141,5796210,CTT,0,DUS3L,3,69,0.3333333333333333,0.4987916868052199,4905,4989,4905,4939.5,6393,0.0,2.1445e-11,0.66073,0.4475592073465442,0.13443619512681249,23.0,1.845098040014257,1.3617467179758969,0.3333333333333333,0.6666666666666666,0.0,1.0,0.0,1,0,-0.4758203216992444,-0.4758203216992444,0.0,3.32913229054183,0.5224614863324879,-0.1654583534718866,0.1654583534718866,0.7726419521351479,1,0,0,0,1
chr19,6814682,6814742,CTTT,0,VAV1,4,60,0.25,0.39854368932038836,1705,1705,30469,42007.0,84672,0.49611441798941797,0.99993,0.12033,0.10582524271844661,0.13010967098703888,15.0,1.7853298350107671,1.1761202110560856,0.25,0.75,0.0,1.0,0.0,0,0,-0.6003262785189619,-0.6003262785189619,0.0,0.8133479130930661,-0.08919001224170207,-0.14854368932038836,0.14854368932038836,0.49611441798941797,1,0,0,0,0
chr19,8195524,8195544,AAAGG,0,FBN3,5,20,0.4,0.5183168316831683,575,575,16821,19043.0,84291,0.22591973045758149,5.439e-42,0.62353,0.1094059405940594,0.09955044955044955,4.0,1.3222192947339193,0.6021685513789972,0.4,0.6,1.0,0.0,0.0,0,1,-0.39685562737981767,-0.39685562737981767,0.0,1.0989889257073642,0.04138831285968607,-0.11831683168316831,0.11831683168316831,0.22591973045758149,1,0,0,0,0
chr19,8250009,8250024,AAAAG,0,ENSG00000269651,5,15,0.2,0.4635235732009926,9558,37645,21596,11860.5,2295,1.0,0.0,1.0,0.22034739454094293,0.19000749437921557,3.0,1.2041199826559248,0.4772659954248526,0.2,0.8,1.0,0.0,0.0,0,1,-0.6968039425795112,-0.6968039425795112,0.0,1.1596712834384,0.06470923954685981,-0.26352357320099257,0.26352357320099257,5.167973856209151,1,0,0,0,0
chr19,8608521,8608953,GGT,0,MYO1F,3,432,0.6805555555555556,0.5904605263157895,0,228,1736,33611.0,60001,0.5601739971000483,2.3663e-07,0.36046,0.2060032894736842,0.19112176977290524,144.0,2.6364878963533656,2.15836550801868,0.6666666666666666,0.3333333333333333,0.6666666666666666,0.3333333333333333,0.0,1,0,-0.16649873779285818,-0.17544030542608624,0.008941567633228065,1.0778584347561528,0.03296446133003626,0.09009502923976609,0.09009502923976609,0.5601739971000483,1,1,0,0,0
chr19,8830510,8830554,ATCC,0,OR2Z1,4,44,0.5,0.41340508806262233,1444,10837,1444,1466.0,10524,0.0,6.0814e-07,1.4939,0.23581213307240703,0.05517860706445819,11.0,1.6532125137753437,1.0414321646802651,0.5,0.5,0.25,0.75,0.0,0,0,-0.30016227413275426,-0.30016227413275426,0.0,4.27353773644931,0.6308891554702208,0.08659491193737767,0.08659491193737767,0.13930064614215126,1,0,0,0,1
chr19,13318673,13318712,CAG ,1,ENSG00000300728,4,39,0.6666666666666666,0.6542422756253066,0,0,0,45008.5,55538,0.81040908927221,0.0,1.0,0.13781265326140266,0.12939767453465742,9.75,1.6020599913279625,0.9890491564382203,0.6666666666666666,0.3333333333333333,0.6666666666666666,0.3333333333333333,0.0,0,0,-0.17544030542608624,-0.17544030542608624,0.0,1.0650236855748603,0.02776685422168437,0.012424391041360061,0.012424391041360061,0.81040908927221,1,1,1,0,0
chr19,13713907,13713979,AAG,0,CACNA1A,3,72,0.3333333333333333,0.4768339768339768,3037,3037,3037,21360.0,418047,0.051094733367300804,1.0,0.07669,0.11631274131274132,0.18622957353527303,24.0,1.863322860120456,1.3802293369380374,0.3333333333333333,0.6666666666666666,1.0,0.0,0.0,1,0,-0.4758203216992444,-0.4758203216992444,0.0,0.6245630838413924,-0.20372888807644857,-0.1435006435006435,0.1435006435006435,0.051094733367300804,1,0,0,0,0
chr19,14606854,14606897,CGG,1,GIPC1,3,43,0.9534883720930233,0.6206558981889378,0,13066,0,93.5,18398,0.005082074138493315,0.0083114,0.45616,0.07293196279980421,0.19587886045003244,14.333333333333334,1.6434526764861874,1.1563774994180265,1.0,0.0,0.6666666666666666,0.3333333333333333,1.0,1,0,-0.020229357963447967,0.00043407747931859284,-0.02066343544276656,0.3723300733022966,-0.4279070244236015,0.33283247390408544,0.33283247390408544,0.005082074138493315,1,1,0,1,1
chr19,14885489,14885501,CTTT,0,ADGRE2,4,12,0.25,0.5387673956262425,371,371,2068,3877.0,46168,0.08397591405302374,0.0,1.0,0.3364811133200795,0.08854687187687388,3.0,1.1139433523068367,0.4772659954248526,0.25,0.75,0.0,1.0,0.0,0,0,-0.6003262785189619,-0.6003262785189619,0.0,3.7999909674617327,0.5798968375625386,-0.28876739562624254,0.28876739562624254,0.08397591405302374,1,0,0,0,1
chr19,16848776,16848821,AAAAG,0,NWD1,5,45,0.2,0.4288508557457213,216,216,249,18140.5,98116,0.1848882954869746,1.49e-26,0.77447,0.15256723716381418,0.16148665502619108,9.0,1.662757831681574,0.9542907617011269,0.2,0.8,1.0,0.0,0.0,0,1,-0.6968039425795112,-0.6968039425795112,0.0,0.9447609920341581,-0.024218602451778527,-0.22885085574572128,0.22885085574572128,0.1848882954869746,1,0,0,0,0
chr19,17574606,17574720,AAGGAG,0,NXNL1,6,114,0.5,0.47587511825922424,2871,2928,2871,2928.0,5501,0.0,0.011891,0.74085,0.39403973509933776,0.1702794073779457,19.0,2.060697840353612,1.2787764579556449,0.5,0.5,1.0,0.0,0.0,0,0,-0.30016227413275426,-0.30016227413275426,0.0,2.314063850133664,0.36456297348715466,0.02412488174077576,0.02412488174077576,0.5322668605708053,1,0,0,0,1
chr19,19854989,19855084,CCTTT,0,ENSG00000275540,5,95,0.4,0.5393794749403341,109,11222,11068,3343.5,9243,0.3617332035053554,0.0,1.0,0.09116945107398568,0.0887783030604628,19.0,1.9822712330395684,1.2787764579556449,0.4,0.6,0.0,1.0,0.0,0,1,-0.39685562737981767,-0.39685562737981767,0.0,1.0269223561249976,0.011960311565907857,-0.1393794749403341,0.1393794749403341,0.3617332035053554,1,0,0,0,1
chr19,19976379,19976487,AAAG,0,ENSG00000296159,4,108,0.25,0.4928842504743833,203,319,203,1138.0,44203,0.025744858946225368,0.0,1.0,0.10863377609108159,0.04212253829321663,27.0,2.037426497940624,1.431379848841936,0.25,0.75,1.0,0.0,0.0,0,0,-0.6003262785189619,-0.6003262785189619,0.0,2.5789328364321054,0.4116084000924571,-0.24288425047438328,0.24288425047438328,0.025744858946225368,1,0,0,0,1
chr19,21666973,21667048,CTCTT,0,ENSG00000269237,5,75,0.4,0.5604819277108434,165,5419,5502,50000.0,86107,0.9180380224604271,0.0,1.0,0.18072289156626506,0.09648816936488169,15.0,1.8808135922807914,1.1761202110560856,0.4,0.6,0.0,1.0,0.0,0,1,-0.39685562737981767,-0.39685562737981767,0.0,1.872986292200803,0.27276640979438294,-0.16048192771084335,0.16048192771084335,0.5806728837376752,1,0,0,0,0
chr19,21890130,21890178,ATCCCT,0,MTDHP4,6,48,0.5,0.53662109375,2146,19307,15395,2170.0,669,0.0,0.0,1.0,0.29052734375,0.05915802075019952,8.0,1.6901960800285136,0.9031442704095386,0.5,0.5,0.16666666666666666,0.8333333333333334,0.0,0,0,-0.30016227413275426,-0.30016227413275426,0.0,4.910955929726409,0.691254461642375,-0.03662109375,0.03662109375,3.2436472346786247,1,0,0,0,1
chr19,23943987,23943991,CCTT,0,RPSA2,4,4,0.5,0.4251497005988024,1755,2436,1783,1757.0,108218,0.0,0.0,1.0,0.0968063872255489,0.04364127174565087,1.0,0.6989700043360189,0.00043407747931859284,0.5,0.5,0.0,1.0,0.0,0,0,-0.30016227413275426,-0.30016227413275426,0.0,2.218179378693687,0.3461924081483017,0.07485029940119758,0.07485029940119758,0.016235746363821177,1,0,0,0,1
chr19,23944040,23944044,AAGG,0,RPSA2,4,4,0.5,0.4226546906187625,1702,2489,1730,1704.0,108218,0.0,0.0,1.0,0.0968063872255489,0.04364127174565087,1.0,0.6989700043360189,0.00043407747931859284,0.5,0.5,1.0,0.0,0.0,0,0,-0.30016227413275426,-0.30016227413275426,0.0,2.218179378693687,0.3461924081483017,0.07734530938123751,0.07734530938123751,0.01574599419689885,1,0,0,0,1
chr19,31495494,31495730,CCTT,0,ENSG00000301379,4,236,0.4957627118644068,0.45796064400715564,18431,50000,50000,18549.0,7364,0.0,0.0,1.0,0.14355992844364937,0.07190156157343348,59.0,2.374748346010104,1.7708593725031863,0.5,0.5,0.0,1.0,0.0,0,0,-0.3038510107366569,-0.30016227413275426,-0.0036887366039026204,1.996589903087567,0.3005063341868856,0.037802067857251154,0.037802067857251154,2.5188756110809343,1,0,0,0,0
chr19,32510056,32510196,AAAG,0,LINC01837,4,140,0.2714285714285714,0.4383177570093458,1027,50000,50000,50000.0,280286,0.18871081680854557,0.0,1.0,0.2014018691588785,0.03520357497517378,35.0,2.14921911265538,1.5440804525867846,0.25,0.75,1.0,0.0,0.0,0,0,-0.5647473469682512,-0.6003262785189619,0.03557893155071068,5.720900459696128,0.7575402983869793,-0.16688918558077437,0.16688918558077437,0.17838921672862718,1,0,0,0,0
chr19,34248295,34248427,AAAG,0,CHST8,4,132,0.25,0.5440900562851783,12906,13891,15542,50000.0,151566,0.894085744824037,0.00010793,0.62018,0.11960600375234522,0.08990661633220744,33.0,2.123851640967086,1.5185271001173364,0.25,0.75,1.0,0.0,0.0,0,0,-0.6003262785189619,-0.6003262785189619,0.0,1.330321152219214,0.12428283219345362,-0.29409005628517826,0.29409005628517826,0.32988928915455973,1,0,0,0,0
chr19,39720796,39720866,AAAGG,0,ENSG00000296032,5,70,0.4,0.4647342995169082,6207,13406,13229,27257.0,40591,0.6715035352664384,0.0,1.0,0.21739130434782608,0.1336322869955157,14.0,1.8512583487190752,1.1461590556048185,0.4,0.6,1.0,0.0,0.0,0,1,-0.39685562737981767,-0.39685562737981767,0.0,1.626775103983793,0.21159440187644546,-0.06473429951690818,0.06473429951690818,0.6715035352664384,1,0,0,0,0
chr19,46273463,46273524,CTG,1,DM1-AS,3,61,0.6557377049180327,0.6729742843279961,0,215,0,2439.5,4708,0.518160577740017,0.0,1.0,0.053372149442018436,0.1601615074024226,20.333333333333332,1.792391689498254,1.3082299385109184,0.6666666666666666,0.3333333333333333,0.3333333333333333,0.6666666666666666,0.0,1,0,-0.1826080490881212,-0.17544030542608624,-0.007167743662034959,0.3332374742855152,-0.4759448591613015,-0.01723657940996337,0.01723657940996337,0.518160577740017,1,1,0,0,1
chr19,46746564,46746704,CCTTT,0,ENSG00000305735,5,140,0.37142857142857144,0.3813084112149533,2806,12477,12064,6831.0,16656,0.41012247838616717,0.0,1.0,0.09719626168224299,0.07264150943396226,28.0,2.14921911265538,1.4471735415824631,0.4,0.6,0.0,1.0,0.0,0,1,-0.4289570088459279,-0.39685562737981767,-0.032101381466110246,1.3380080401903243,0.1267831847788557,-0.00987983978638185,0.00987983978638185,0.41012247838616717,1,0,0,0,0
chr19,49172528,49172711,ACC,0,SEC1P,3,183,0.5956284153005464,0.5501603298213468,902,902,1533,31291.5,44174,0.7083691764386291,0.0,1.0,0.5428309665597801,0.10791259971262944,61.0,2.2648178230095364,1.785336954534081,0.6666666666666666,0.3333333333333333,0.3333333333333333,0.6666666666666666,0.0,1,0,-0.22429606657175274,-0.17544030542608624,-0.048855761145666504,5.030236856200906,0.7016747631456086,0.04546808547919967,0.04546808547919967,0.7083691764386291,1,0,0,0,0
chr19,51002553,51002679,AG,0,MYREM,2,126,0.5634920634920635,0.5714957666980245,854,6751,6573,2655.0,15454,0.17180018118286527,0.0,1.0,0.9082784571966134,0.37349696909470337,63.0,2.103803720955957,1.7993474429620764,0.5,0.5,1.0,0.0,0.0,0,0,-0.24834215968380058,-0.30016227413275426,0.05182011444895368,2.431816321245678,0.38610932073487503,-0.008003703205961,0.008003703205961,0.17180018118286527,1,0,0,0,1
chr19,51211137,51211222,CTTTT,0,SHANK1,5,85,0.2,0.5026378896882494,3062,3366,8955,11879.5,60547,0.1962029497745553,1.0,0.097941,0.12038369304556355,0.07099825740602439,17.0,1.9344984512435677,1.2304744673611585,0.2,0.8,0.0,1.0,0.0,0,1,-0.6968039425795112,-0.6968039425795112,0.0,1.6955627064818966,0.22956991619203043,-0.3026378896882494,0.3026378896882494,0.1962029497745553,1,0,0,0,0
chr19,54691899,54691915,AAAG,0,MBOAT7,4,16,0.25,0.5674603174603174,156,156,270,1826.0,16627,0.10982137487219583,0.113,0.27637,0.049107142857142856,0.1169564348521183,4.0,1.2304489213782739,0.6021685513789972,0.25,0.75,1.0,0.0,0.0,0,0,-0.6003262785189619,-0.6003262785189619,0.0,0.41987192109021737,-0.3758500476954377,-0.31746031746031744,0.31746031746031744,0.10982137487219583,1,0,0,0,1
chr19,56443088,56443108,AAAG,0,NLRP13,4,20,0.25,0.47227722772277225,251,251,570,604.0,40637,0.014863301916972218,9.0301e-16,0.70663,0.0504950495049505,0.08151848151848153,5.0,1.3222192947339193,0.6990568545476679,0.25,0.75,1.0,0.0,0.0,0,0,-0.6003262785189619,-0.6003262785189619,0.0,0.6194230945090422,-0.2073120444639082,-0.22227722772277225,0.22227722772277225,0.014863301916972218,1,0,0,1,1
chr19,57253570,57253690,CTTT,0,ZIM2-AS1,4,120,0.275,0.41132075471698115,1996,32366,32225,50000.0,204289,0.7193191997611227,0.0,1.0,0.15943396226415094,0.14647117296222664,30.0,2.0827853703164503,1.4771357309611233,0.25,0.75,0.0,1.0,0.0,0,0,-0.5590909179347823,-0.6003262785189619,0.04123536058417965,1.088493186383375,0.03722451854248087,-0.13632075471698113,0.13632075471698113,0.2447513081957423,1,0,0,0,0
chr19,57649207,57649451,AAGG,0,ZIM3,4,244,0.45081967213114754,0.49866310160427807,389,389,2922,7241.0,11106,0.6519899153610661,1.7915e-05,0.82807,0.24598930481283424,0.11519462556806954,61.0,2.3891660843645326,1.785336954534081,0.5,0.5,1.0,0.0,0.0,0,0,-0.345034863915853,-0.30016227413275426,-0.044872589783098715,2.135404913162073,0.32968356805984234,-0.04784342947313053,0.04784342947313053,0.6519899153610661,1,0,0,0,0
chr2,3698910,3699032,GT,0,ENSG00000289136,2,122,0.5,0.5876531573986805,0,7202,6671,734.0,1554,0.4723294723294723,0.0,1.0,0.0768143261074458,0.05884106947619521,61.0,2.089905111439398,1.785336954534081,0.5,0.5,0.5,0.5,0.0,0,0,-0.30016227413275426,-0.30016227413275426,0.0,1.3054320963086001,0.11608684156823508,-0.08765315739868051,0.08765315739868051,0.4723294723294723,1,1,0,1,1
chr2,7723411,7723595,AAGG,0,ENSG00000230515,4,184,0.45108695652173914,0.38873626373626374,340,50000,50000,50000.0,198029,0.6986148493402482,0.0,1.0,0.1684981684981685,0.04255846214823623,46.0,2.2671717284030137,1.6627672727633431,0.5,0.5,1.0,0.0,0.0,0,0,-0.34477802292003223,-0.30016227413275426,-0.044615748787277976,3.9591235413474672,0.597708734533742,0.06235069278547539,0.06235069278547539,0.2524882719197693,1,0,0,0,0
chr2,9233572,9233664,AAAG,0,ENSG00000296532,4,92,0.30434782608695654,0.4947418738049713,685,50000,50000,16868.0,39372,0.4284262927969115,0.0,1.0,0.15248565965583175,0.0513139558033048,23.0,1.9684829485539352,1.3617467179758969,0.25,0.75,1.0,0.0,0.0,0,0,-0.5152051676013061,-0.6003262785189619,0.08512111091765584,2.9715636946141797,0.4731311692362622,-0.19039404771801477,0.19039404771801477,0.4284262927969115,1,0,0,0,0
chr2,10539335,10539491,ACC,0,HPCAL1,3,156,0.6217948717948718,0.5858070500927643,1356,20393,1356,50000.0,126479,0.7742866404699594,0.89103,0.0,0.19155844155844157,0.04519745981345505,52.0,2.1958996524092336,1.716011695371454,0.6666666666666666,0.3333333333333333,0.3333333333333333,0.6666666666666666,0.0,1,0,-0.20565497214816683,-0.17544030542608624,-0.03021466672208059,4.238163033631001,0.6272801193860452,0.03598782170210746,0.03598782170210746,0.39532254366337494,1,0,0,0,0
chr2,10946748,10946772,AAAG,0,PDIA6,4,24,0.2916666666666667,0.40365612648221344,3597,3597,3607,31343.0,54599,0.5740581329328376,0.24911,0.23946,0.04594861660079051,0.041300439472632844,6.0,1.3979400086720377,0.7782236267660966,0.25,0.75,1.0,0.0,0.0,0,0,-0.5336267388135598,-0.6003262785189619,0.0666995397054021,1.1125185268963078,0.04669744729003587,-0.11198945981554675,0.11198945981554675,0.5740581329328376,1,0,0,0,0
chr2,11094068,11094248,GGATGT,0,ENSG00000302613,6,180,0.5,0.5110091743119266,3008,40031,39717,7410.0,4312,1.0,0.0,1.0,0.2646788990825688,0.07195242814667988,30.0,2.2576785748691846,1.4771357309611233,0.5,0.5,0.6666666666666666,0.3333333333333333,0.0,0,0,-0.30016227413275426,-0.30016227413275426,0.0,3.6784751734553987,0.5657858769542262,-0.011009174311926606,0.011009174311926606,1.7184601113172542,1,0,0,0,0
chr2,12293412,12293528,CTTT,0,MIR3681HG,4,116,0.2672413793103448,0.39744801512287337,13336,50000,50000,50000.0,873229,0.3706404620093927,0.0,1.0,0.1956521739130435,0.06870153111950686,29.0,2.0681858617461617,1.4624129733125506,0.25,0.75,0.0,1.0,0.0,0,0,-0.5714742264099422,-0.6003262785189619,0.028852052109019755,2.8478160953445797,0.45466441436585625,-0.13020663581252856,0.13020663581252856,0.057258748850530616,1,0,0,0,0
chr2,12607552,12607584,CCTT,0,MIR3681HG,4,32,0.5,0.4660433070866142,33861,50000,50000,50000.0,873229,0.730337631938472,0.0,1.0,0.2249015748031496,0.08072084664536741,8.0,1.5185139398778875,0.9031442704095386,0.5,0.5,0.0,1.0,0.0,0,0,-0.30016227413275426,-0.30016227413275426,0.0,2.7861302008017996,0.4451572572561743,0.03395669291338582,0.03395669291338582,0.057258748850530616,1,0,0,0,0
chr2,26811848,26812013,CTT,0,CIB4,3,165,0.36363636363636365,0.525635103926097,5082,5082,7618,50000.0,60161,0.8693921311148418,1.115e-07,0.94757,0.17829099307159355,0.05945945945945946,55.0,2.220108088040055,1.7403705856857679,0.3333333333333333,0.6666666666666666,0.0,1.0,0.0,1,0,-0.43814002317657824,-0.4758203216992444,0.037680298522666134,2.9984799090419663,0.4770459573148367,-0.16199874028973338,0.16199874028973338,0.8311032063961703,1,0,0,0,0
chr2,30054072,30054186,AAG,0,ALK,3,114,0.39473684210526316,0.43519394512771997,9867,50000,50000,50000.0,728812,0.12393182329599403,3.2299e-06,0.3206,0.21996215704824976,0.04176195684597792,38.0,2.060697840353612,1.579795025268589,0.3333333333333333,0.6666666666666666,1.0,0.0,0.0,1,0,-0.40259351612720085,-0.4758203216992444,0.07322680557204353,5.266920104806557,0.72163917967153,-0.04045710302245681,0.04045710302245681,0.06860479794514909,1,0,0,0,0
chr2,37194041,37194071,AC,0,STRN,2,30,0.5,0.5832512315270936,273,435,273,288.0,128927,0.0,0.66061,0.20923,0.10197044334975369,0.11377933100349476,15.0,1.4913616938342726,1.1761202110560856,0.5,0.5,0.5,0.5,0.0,0,0,-0.30016227413275426,-0.30016227413275426,0.0,0.896204488512357,-0.04710856240597519,-0.08325123152709357,0.08325123152709357,0.002233822240492682,1,0,0,1,1
chr2,46887798,46887842,CTTT,0,CRIPT,4,44,0.25,0.3972602739726027,8167,12573,10071,44265.0,68621,0.6450649218169365,0.00097752,0.7789,0.12964774951076322,0.03292755936938735,11.0,1.6532125137753437,1.0414321646802651,0.25,0.75,0.0,1.0,0.0,0,0,-0.6003262785189619,-0.6003262785189619,0.0,3.937243292559366,0.5953025420083614,-0.14726027397260272,0.14726027397260272,0.6450649218169365,1,0,0,0,0
chr2,48791621,48791717,CTT,0,STON1,3,96,0.3541666666666667,0.4747137404580153,661,16056,661,35154.0,69546,0.5054783884047969,1.4867e-11,0.77115,0.20372137404580154,0.17242237261146498,32.0,1.9867717342662448,1.505163549810412,0.3333333333333333,0.6666666666666666,0.0,1.0,0.0,1,0,-0.44956780066944163,-0.4758203216992444,0.026252521029802744,1.1815183229530186,0.07280787879313644,-0.1205470737913486,0.1205470737913486,0.5054783884047969,1,0,0,0,0
chr2,48791738,48791786,CTCCTT,0,STON1,6,48,0.4791666666666667,0.4697265625,592,15987,592,35247.0,69546,0.5068156328185661,1.4867e-11,0.77115,0.20849609375,0.17283519553072627,8.0,1.6901960800285136,0.9031442704095386,0.5,0.5,0.0,1.0,0.0,0,0,-0.31860799210323065,-0.30016227413275426,-0.018445717970476394,1.2063219345332918,0.08182309093314706,0.009440104166666685,0.009440104166666685,0.5068156328185661,1,0,0,0,0
chr2,49354892,49355039,CTT,0,MIR548BAHG,3,147,0.3401360544217687,0.415929203539823,26366,26366,26518,50000.0,609672,0.5223899080161136,0.0,1.0,0.11178388448998602,0.03221323273936566,49.0,2.1702617153949575,1.6902049430907664,0.3333333333333333,0.6666666666666666,0.0,1.0,0.0,1,0,-0.46707237789855593,-0.4758203216992444,0.00874794380068844,3.4700154243744126,0.5404565435780125,-0.07579314911805429,0.07579314911805429,0.08201131100001312,1,0,0,0,0
chr2,52032460,52032577,GGT,0,NRXN1-DT,3,117,0.6239316239316239,0.39773264052905055,517,50000,50000,50000.0,1375316,0.5618923214737559,0.0,1.0,0.08030231459612659,0.024804891385395437,39.0,2.0718820073061255,1.5910757426396818,0.6666666666666666,0.3333333333333333,0.6666666666666666,0.3333333333333333,0.0,1,0,-0.20416749781379587,-0.17544030542608624,-0.028727192387709627,3.237227533915789,0.5103073611722392,0.22619898340257338,0.22619898340257338,0.03635528125899793,1,0,0,0,0
chr2,60616171,60616326,AAAGG,0,MIR4432HG,5,155,0.4,0.4779582366589327,1591,50000,50000,50000.0,128555,0.3945976430321652,0.0,1.0,0.12668213457076566,0.042123542545274124,31.0,2.1931245983544616,1.4913757031077342,0.4,0.6,1.0,0.0,0.0,0,1,-0.39685562737981767,-0.39685562737981767,0.0,3.007323686295506,0.4783245631725995,-0.0779582366589327,0.0779582366589327,0.3889385865971763,1,0,0,0,0
chr2,60694235,60694334,GGT,0,BCL11A,3,99,0.6060606060606061,0.5107193901858028,1533,1533,1533,50000.0,103947,0.8400194329802688,0.96998,0.12463,0.5445450214387804,0.09443255883377283,33.0,2.0,1.5185271001173364,0.6666666666666666,0.3333333333333333,0.6666666666666666,0.3333333333333333,0.0,1,0,-0.2167679488526314,-0.17544030542608624,-0.04132764342654516,5.766435451165392,0.7609827426193025,0.09534121587480326,0.09534121587480326,0.48101436308888185,1,0,0,0,0
chr2,65679363,65679391,AAAG,0,LINC02934,4,28,0.25,0.4368836291913215,1470,20242,19592,16391.0,764519,0.021439624129681537,0.0,1.0,0.041913214990138066,0.04518673856600759,7.0,1.462397997898956,0.8451600776519459,0.25,0.75,1.0,0.0,0.0,0,0,-0.6003262785189619,-0.6003262785189619,0.0,0.9275351305512601,-0.03220166035076492,-0.1868836291913215,0.1868836291913215,0.021439624129681537,1,0,0,0,0
chr2,66301400,66301444,CTTT,0,LINC02934,4,44,0.25,0.44960861056751467,1614,50000,50000,50000.0,764519,0.8350819273294712,0.0,1.0,0.0949119373776908,0.038016363999201754,11.0,1.6532125137753437,1.0414321646802651,0.25,0.75,0.0,1.0,0.0,0,0,-0.6003262785189619,-0.6003262785189619,0.0,2.496541774429275,0.3975127610631415,-0.19960861056751467,0.19960861056751467,0.06540059828467311,1,0,0,0,0
chr2,66520680,66520756,AAAG,0,ENSG00000225815,4,76,0.25,0.43111753371868977,33725,50000,50000,33763.0,32832,0.0,0.0,1.0,0.13728323699421965,0.028840406455469217,19.0,1.8864907251724818,1.2787764579556449,0.25,0.75,1.0,0.0,0.0,0,0,-0.6003262785189619,-0.6003262785189619,0.0,4.759935587960431,0.6776923058217939,-0.18111753371868977,0.18111753371868977,1.0283564814814814,1,0,0,0,0
chr2,67103397,67103457,CCTT,0,LINC01798,4,60,0.5,0.312621359223301,4762,50000,50000,50000.0,431257,0.7009300718597031,0.0,1.0,0.050970873786407765,0.0321036889332004,15.0,1.7853298350107671,1.1761202110560856,0.5,0.5,0.0,1.0,0.0,0,0,-0.30016227413275426,-0.30016227413275426,0.0,1.5876457763681147,0.20102707246343304,0.18737864077669902,0.18737864077669902,0.11594014705848253,1,0,0,0,0
chr2,68133677,68133867,AAAGG,0,.,5,190,0.4,0.46757990867579907,50000,50000,50000,50000.0,0,-1.0,0.0,1.0,0.14292237442922373,0.041604754829123326,38.0,2.2810333672477277,1.579795025268589,0.4,0.6,1.0,0.0,0.0,0,1,-0.39685562737981767,-0.39685562737981767,0.0,3.4351587903214886,0.5360732250564578,-0.06757990867579905,0.06757990867579905,50000.0,0,0,0,0,0
chr2,74430971,74431031,AGTTT,0,MTHFD2,5,60,0.2,0.4325242718446602,0,1801,1801,17702.0,31393,0.563883668333705,0.0023975,0.42865,0.06019417475728155,0.06435692921236291,12.0,1.7853298350107671,1.079217435746567,0.2,0.8,0.4,0.6,0.0,0,1,-0.6968039425795112,-0.6968039425795112,0.0,0.9353031630128721,-0.028583509481910505,-0.23252427184466018,0.23252427184466018,0.563883668333705,1,1,0,0,0
chr2,88703902,88704010,AAAG,0,RNU6-1007P,4,108,0.25925925925925924,0.3889943074003795,10407,43716,42296,10461.0,106,0.0,0.0,1.0,0.11385199240986717,0.0745971752536304,27.0,2.037426497940624,1.431379848841936,0.25,0.75,1.0,0.0,0.0,0,0,-0.5845938106217685,-0.6003262785189619,0.015732467897193403,1.5262034496524288,0.18389689637259454,-0.12973504814112025,0.12973504814112025,98.68867924528301,1,0,0,0,0
chr2,89877424,89877549,AATGG,0,IGKV2D-40,5,125,0.408,0.3915294117647059,13019,13019,23743,13081.5,735,0.0,0.0,1.0,1.0,0.6414409937888199,25.0,2.100370545117563,1.3979573801038874,0.4,0.6,0.8,0.2,0.0,0,1,-0.38827669199265824,-0.39685562737981767,0.008578935387159425,1.5589874215956416,0.19312109658931587,0.01647058823529407,0.01647058823529407,17.79795918367347,1,0,0,0,0
chr2,95704166,95704398,GAGT,0,MAL,4,232,0.5129310344827587,0.5044802867383512,5643,9306,12629,12860.0,29255,0.43958297726884293,0.83197,0.0,1.0,0.20096876235666272,58.0,2.367355921026019,1.7634354813342825,0.5,0.5,0.75,0.25,0.0,0,0,-0.28909515601076985,-0.30016227413275426,0.01106711812198441,4.975872928710995,0.696956552324466,0.00845074774440746,0.00845074774440746,0.43958297726884293,1,0,0,0,0
chr2,96862597,96862602,AGTTT,0,STARD7,5,5,0.2,0.4538653366583541,77,77,1310,11987.5,23990,0.4996873697373906,0.47179,0.21178,0.06433915211970075,0.08142964258935266,1.0,0.7781512503836436,0.00043407747931859284,0.2,0.8,0.4,0.6,0.0,0,1,-0.6968039425795112,-0.6968039425795112,0.0,0.7901098416250655,-0.10176321270991816,-0.2538653366583541,0.2538653366583541,0.4996873697373906,1,0,0,0,0
chr2,96862792,96862797,AAACT,0,STARD7,5,5,0.2,0.4319201995012469,21,21,1505,11792.5,23990,0.49155898290954564,0.47179,0.21178,0.09576059850374065,0.08142964258935266,1.0,0.7781512503836436,0.00043407747931859284,0.2,0.8,0.6,0.4,0.0,0,1,-0.6968039425795112,-0.6968039425795112,0.0,1.175977438697772,0.0707681379980887,-0.23192019950124687,0.23192019950124687,0.49155898290954564,1,0,0,0,0
chr2,96862804,96862859,AAAAT,0,STARD7,5,55,0.0,0.4345498783454988,33,33,1517,11755.5,23990,0.49001667361400586,0.47179,0.21178,0.09343065693430656,0.081226626776365,11.0,1.7481880270062005,1.0414321646802651,0.0,1.0,0.8,0.2,0.0,0,1,-3.0,-3.0,0.0,1.1502325088425742,0.06116304483716691,-0.4345498783454988,0.4345498783454988,0.49001667361400586,1,0,0,0,0
chr2,97147695,97147803,AAAG,0,ENSG00000304592,4,108,0.25,0.38140417457305503,1411,16178,15578,4602.0,32767,0.14044618060853908,0.0,1.0,0.3899430740037951,0.08951661030435648,27.0,2.037426497940624,1.431379848841936,0.25,0.75,1.0,0.0,0.0,0,0,-0.6003262785189619,-0.6003262785189619,0.0,4.356048744800083,0.6391924186640714,-0.13140417457305503,0.13140417457305503,0.14044618060853908,1,0,0,0,1
chr2,97325101,97325245,CTTT,0,FER1L5,4,144,0.25,0.457089552238806,833,833,16528,16699.0,62150,0.2686886564762671,0.0,1.0,0.12733208955223882,0.05545075456711676,36.0,2.161368002234975,1.5563145643353469,0.25,0.75,0.0,1.0,0.0,0,0,-0.6003262785189619,-0.6003262785189619,0.0,2.296267999926328,0.36121166306607255,-0.20708955223880599,0.20708955223880599,0.2686886564762671,1,0,0,0,0
chr2,102401691,102401696,AAAAG,0,MAP4K4,5,5,0.2,0.4194513715710723,5486,5486,50000,50000.0,197840,0.446732207844723,1.0,0.093011,0.10723192019950124,0.0379905023744064,1.0,0.7781512503836436,0.00043407747931859284,0.2,0.8,1.0,0.0,0.0,0,1,-0.6968039425795112,-0.6968039425795112,0.0,2.8225238144764657,0.4507914550628404,-0.2194513715710723,0.2194513715710723,0.2527294783663567,1,0,0,0,0
chr2,102401852,102401857,CTTTT,0,MAP4K4,5,5,0.2,0.41546134663341644,5325,5325,50000,50000.0,197840,0.4475459967650627,1.0,0.093011,0.10423940149625935,0.0379905023744064,1.0,0.7781512503836436,0.00043407747931859284,0.2,0.8,0.0,1.0,0.0,0,1,-0.6968039425795112,-0.6968039425795112,0.0,2.7437557080259594,0.4385036969181545,-0.21546134663341643,0.21546134663341643,0.2527294783663567,1,0,0,0,0
chr2,105440822,105440888,GGT,0,PANTR1,3,66,0.6363636363636364,0.44482090997095836,138,31081,28857,32611.0,200996,0.1622470098907441,0.0,1.0,0.2362052274927396,0.051729293332004385,22.0,1.8260748027008264,1.3424424210318369,0.6666666666666666,0.3333333333333333,0.6666666666666666,0.3333333333333333,0.0,1,0,-0.19561271804633573,-0.17544030542608624,-0.02017241262024949,4.566091013185975,0.6596396663323354,0.191542726392678,0.191542726392678,0.1622470098907441,1,0,0,0,0
chr2,107408283,107408355,CTT,0,ST6GAL2,3,72,0.3333333333333333,0.4594594594594595,9701,14779,9701,50000.0,85684,1.0,0.005662,0.37616,0.12258687258687259,0.026654045436428856,24.0,1.863322860120456,1.3802293369380374,0.3333333333333333,0.6666666666666666,0.0,1.0,0.0,1,0,-0.4758203216992444,-0.4758203216992444,0.0,4.59901195363696,0.6627589602450144,-0.12612612612612617,0.12612612612612617,0.5835395172961113,1,0,0,0,0
chr2,109815955,109816305,AATGG,0,SH3RF3,5,350,0.40285714285714286,0.4957446808510638,37285,50000,50000,50000.0,516550,0.13642241796534701,0.028368,0.29221,0.2578723404255319,0.046339066339066336,70.0,2.5453071164658243,1.845104244176826,0.4,0.6,0.8,0.2,0.0,0,1,-0.3937722315247373,-0.39685562737981767,0.003083395855080384,5.5647814256177766,0.7455261471090594,-0.09288753799392097,0.09288753799392097,0.09679605072113058,1,0,0,0,0
chr2,114579070,114579166,CTTT,0,ACTR3-AS1,4,96,0.25,0.47185114503816794,1615,50000,50000,50000.0,130787,0.531574239029873,0.0,1.0,0.10257633587786259,0.0758359872611465,24.0,1.9867717342662448,1.3802293369380374,0.25,0.75,0.0,1.0,0.0,0,0,-0.6003262785189619,-0.6003262785189619,0.0,1.3525898058771573,0.13148707495915513,-0.22185114503816794,0.22185114503816794,0.3823009932179804,1,0,0,0,0
chr2,117815301,117815357,CTTT,0,MTCO1P43,4,56,0.2857142857142857,0.4464980544747082,30701,50000,50000,31216.0,487,1.0,0.0,1.0,0.18482490272373542,0.06556641404068608,14.0,1.7558748556724915,1.1461590556048185,0.25,0.75,0.0,1.0,0.0,0,0,-0.5425506675267713,-0.6003262785189619,0.05777561099219064,2.818853014533215,0.4502264712126866,-0.1607837687604225,0.1607837687604225,64.09856262833675,1,0,0,0,0
chr2,119330197,119330356,CTT,0,.,3,159,0.37735849056603776,0.49282075034738304,50000,50000,50000,50000.0,0,-1.0,0.0,1.0,0.11996294580824456,0.028176000793690162,53.0,2.204119982655925,1.7242840637589936,0.3333333333333333,0.6666666666666666,0.0,1.0,0.0,1,0,-0.42209651578758767,-0.4758203216992444,0.05372380591165671,4.257477461373694,0.6292543530193834,-0.11546225978134528,0.11546225978134528,50000.0,0,0,0,0,0
chr2,119744165,119744229,AAAG,0,MARCO,4,64,0.25,0.39244186046511625,2298,2298,7868,44449.0,52492,0.8467766516802561,7.7683e-21,0.99276,0.1434108527131783,0.045205342902711325,16.0,1.8129133566428557,1.2041471252128477,0.25,0.75,1.0,0.0,0.0,0,0,-0.6003262785189619,-0.6003262785189619,0.0,3.172361299426789,0.5015195210177164,-0.14244186046511625,0.14244186046511625,0.8467766516802561,1,0,0,0,0
chr2,125617991,125618123,CCTT,0,CNTNAP5,4,132,0.48484848484848486,0.4333958724202627,4760,4760,50000,50000.0,895932,0.9322057924038878,0.99167,0.17846,0.10553470919324578,0.0490760977548182,33.0,2.123851640967086,1.5185271001173364,0.5,0.5,0.0,1.0,0.0,0,0,-0.3134991473088837,-0.30016227413275426,-0.013336873176129416,2.1503861071916135,0.3327183597946116,0.05145261242822219,0.05145261242822219,0.055807806842483584,1,0,0,0,0
chr2,127327341,127327473,AAAG,0,YWHAZP2,4,132,0.25757575757575757,0.39352720450281425,11602,50000,50000,11668.0,727,0.0,0.0,1.0,0.24155722326454035,0.06179217166699781,33.0,2.123851640967086,1.5185271001173364,0.25,0.75,1.0,0.0,0.0,0,0,-0.5874121942452487,-0.6003262785189619,0.012914084273713211,3.909124855514578,0.5921906252207476,-0.13595144692705668,0.13595144692705668,16.049518569463547,1,0,0,0,0
chr2,135874981,135875161,CTT,0,RAB3GAP1,3,180,0.40555555555555556,0.3504587155963303,2030,2030,2030,50000.0,124384,0.5243278878312323,1.4523e-07,0.37787,0.21651376146788992,0.06387512388503469,60.0,2.2576785748691846,1.7781584885646906,0.3333333333333333,0.6666666666666666,0.0,1.0,0.0,1,0,-0.3908800999527174,-0.4758203216992444,0.08494022174652699,3.389588289007251,0.5302750576436984,0.05509683995922526,0.05509683995922526,0.4019809621816311,1,0,0,0,0
chr2,137647873,137648035,CTT,0,THSD7B,3,162,0.3765432098765432,0.37650323774283073,7866,7986,8125,50000.0,912173,0.1368589072467613,2.6474000000000004e-19,0.49779,0.11702127659574468,0.06566808848328538,54.0,2.2121876044039577,1.7324018022389076,0.3333333333333333,0.6666666666666666,0.0,1.0,0.0,1,0,-0.42303333612212923,-0.4758203216992444,0.05278698557711514,1.781984177007876,0.2511474890706667,3.997213371248476e-05,3.997213371248476e-05,0.05481416354134577,1,0,0,0,0
chr2,158410715,158410783,AAAG,0,ACVR1C,4,68,0.25,0.40522243713733075,1822,1822,20286,50000.0,102118,0.7309974735110363,0.00085157,0.37385,0.16489361702127658,0.05805262108829978,17.0,1.8388490907372552,1.2304744673611585,0.25,0.75,1.0,0.0,0.0,0,0,-0.6003262785189619,-0.6003262785189619,0.0,2.8403674728656934,0.4535274044788063,-0.15522243713733075,0.15522243713733075,0.48962964413717464,1,0,0,0,0
chr2,163609413,163609538,AAAAG,0,KCNH7,5,125,0.2,0.32282352941176473,15530,50000,50000,50000.0,467360,0.18358759842519684,0.28183,0.23061,0.08376470588235294,0.05828571428571429,25.0,2.100370545117563,1.3979573801038874,0.2,0.8,1.0,0.0,0.0,0,1,-0.6968039425795112,-0.6968039425795112,0.0,1.437114905323856,0.15779358754507317,-0.12282352941176472,0.12282352941176472,0.10698390961999316,1,0,0,0,0
chr2,173102589,173102688,CTT,0,DLX2-DT,3,99,0.3333333333333333,0.376846117198666,638,50000,3604,50000.0,225589,0.598010098010098,0.0,1.0,0.11624583134826108,0.03388228270063187,33.0,2.0,1.5185271001173364,0.3333333333333333,0.6666666666666666,0.0,1.0,0.0,1,0,-0.4758203216992444,-0.4758203216992444,0.0,3.4307724070104126,0.5355184779945561,-0.043512783865332694,0.043512783865332694,0.22164201268678882,1,0,0,0,0
chr2,176957786,176957827,GCN,1,HOXD13,3,41,0.9512195121951219,0.6344928956393925,0,0,168,357.5,3223,0.11092150170648464,0.0086055,0.45257,0.10093091621754043,0.03477870365750212,13.666666666666666,1.6232492903979006,1.1356943784825502,1.0,0.0,0.5,0.5,0.0,1,0,-0.02126292352119235,0.00043407747931859284,-0.021697001000510942,2.9020062163689313,0.4628479658116371,0.3167266165557294,0.3167266165557294,0.11092150170648464,1,1,1,1,1
chr2,178162673,178162708,ATTTT,0,NFE2L2,5,35,0.0,0.4466830466830467,1258,1258,8074,50000.0,174089,0.5445117152720734,0.0035719,0.36741,0.036855036855036855,0.05051160469178937,7.0,1.5563025007672873,0.8451600776519459,0.0,1.0,0.2,0.8,0.0,0,1,-3.0,-3.0,0.0,0.7296205982628232,-0.13630808796070595,-0.4466830466830467,0.4466830466830467,0.28720941587348997,1,0,0,0,0
chr2,184148558,184148642,CTTT,0,ENSG00000287621,4,84,0.25,0.43138195777351246,8309,50000,50000,30220.0,272405,0.11093775811750886,0.0,1.0,0.07149712092130518,0.06975702051384186,21.0,1.9294189257142929,1.322239974931152,0.25,0.75,0.0,1.0,0.0,0,0,-0.6003262785189619,-0.6003262785189619,0.0,1.0249304724338937,0.011117929526817649,-0.18138195777351246,0.18138195777351246,0.11093775811750886,1,0,0,0,0
chr2,191745599,191745646,GCA,1,ENSG00000228509,3,47,0.6595744680851063,0.63019052271617,0,165,0,1176.5,209776,0.005608363206467851,0.0,1.0,0.0449438202247191,0.035416770589115576,15.666666666666666,1.6812412373755872,1.195004323255759,0.6666666666666666,0.3333333333333333,0.6666666666666666,0.3333333333333333,0.0,1,0,-0.18007821626984938,-0.17544030542608624,-0.004637910843763138,1.2689624297959348,0.10379087310268208,0.029383945368936293,0.029383945368936293,0.005608363206467851,1,1,0,0,1
chr2,192532622,192532698,CTTT,0,ENSG00000305283,4,76,0.25,0.3265895953757225,5795,10643,10155,50000.0,176905,0.952641248127526,0.0,1.0,0.1329479768786127,0.028740785016935645,19.0,1.8864907251724818,1.2787764579556449,0.25,0.75,0.0,1.0,0.0,0,0,-0.6003262785189619,-0.6003262785189619,0.0,4.625599168606793,0.6652618754664414,-0.07658959537572252,0.07658959537572252,0.2826375738390662,1,0,0,0,0
chr2,192829049,192829097,CTTT,0,CAVIN2-AS1,4,48,0.2708333333333333,0.37939453125,7945,7945,13872,50000.0,240320,0.4969665446071904,0.0,1.0,0.1162109375,0.04593974461292897,12.0,1.6901960800285136,1.079217435746567,0.25,0.75,0.0,1.0,0.0,0,0,-0.5656972893433678,-0.6003262785189619,0.034628989175594094,2.5295832376929974,0.4032206269940333,-0.10856119791666669,0.10856119791666669,0.20805592543275633,1,0,0,0,0
chr2,192901999,192902059,AAAG,0,CAVIN2-AS1,4,60,0.25,0.3859223300970874,152,20346,50000,50000.0,240320,0.8005451065246338,0.0,1.0,0.11067961165048544,0.03290129611166501,15.0,1.7853298350107671,1.1761202110560856,0.25,0.75,1.0,0.0,0.0,0,0,-0.6003262785189619,-0.6003262785189619,0.0,3.363887166866925,0.5269705058174533,-0.13592233009708737,0.13592233009708737,0.20805592543275633,1,0,0,0,0
chr2,199287462,199287527,ATTTT,0,PLCL1,5,65,0.0,0.36900726392251815,34733,50000,50000,50000.0,767988,0.8049311968416173,0.012059,0.28741,0.08523002421307506,0.02257662596561176,13.0,1.8195439355418688,1.1139767582898465,0.0,1.0,0.2,0.8,0.0,0,1,-3.0,-3.0,0.0,3.7749772426423345,0.5770293681936586,-0.36900726392251815,0.36900726392251815,0.06510518393516565,1,0,0,0,0
chr2,207114191,207114196,AAAGG,0,CMKLR2-AS,5,5,0.4,0.45785536159601,6394,32378,25185,45926.5,62708,0.7323866173375008,0.0,1.0,0.050374064837905234,0.11832041989502624,1.0,0.7781512503836436,0.00043407747931859284,0.4,0.6,1.0,0.0,0.0,0,1,-0.39685562737981767,-0.39685562737981767,0.0,0.42573918469366473,-0.369837476862044,-0.05785536159600996,0.05785536159600996,0.7323866173375008,1,0,0,0,0
chr2,207114588,207114613,CTTTT,0,CMKLR2-AS,5,25,0.2,0.48691358024691356,5977,31961,24768,46333.5,62708,0.7388770172864706,0.0,1.0,0.06074074074074074,0.11725343320848938,5.0,1.414973347970818,0.6990568545476679,0.2,0.8,0.0,1.0,0.0,0,1,-0.6968039425795112,-0.6968039425795112,0.0,0.5180251106816406,-0.284811630269723,-0.28691358024691355,0.28691358024691355,0.7388770172864706,1,0,0,0,0
chr2,207114753,207114758,CCTTT,0,CMKLR2-AS,5,5,0.4,0.4902743142144638,5832,31816,24623,46488.5,62708,0.7413487912228105,0.0,1.0,0.06134663341645885,0.11842039490127468,1.0,0.7781512503836436,0.00043407747931859284,0.4,0.6,0.0,1.0,0.0,0,1,-0.39685562737981767,-0.39685562737981767,0.0,0.5180367404690867,-0.284801899149158,-0.0902743142144638,0.0902743142144638,0.7413487912228105,1,0,0,0,0
chr2,218674029,218674245,GGAT,0,TNS1,4,216,0.5,0.5130866425992779,192,301,4848,50000.0,234394,0.9580791317183887,0.059861,0.24471,0.32175090252707583,0.08053027305104868,54.0,2.3364597338485296,1.7324018022389076,0.5,0.5,0.75,0.25,0.0,0,0,-0.30016227413275426,-0.30016227413275426,0.0,3.995353486131013,0.6016638955415495,-0.013086642599277942,0.013086642599277942,0.21331604051298242,1,0,0,0,0
chr2,221410909,221411092,CTT,0,ENSG00000288902,3,183,0.3333333333333333,0.36097114063215757,14936,50000,50000,50000.0,930145,0.6510807454751678,0.0,1.0,0.22583600549702246,0.044691076648664715,61.0,2.2648178230095364,1.785336954534081,0.3333333333333333,0.6666666666666666,0.0,1.0,0.0,1,0,-0.4758203216992444,-0.4758203216992444,0.0,5.053155333827386,0.7036485853455525,-0.027637807298824257,0.027637807298824257,0.05375505969499379,1,0,0,0,0
chr2,222431525,222431675,AAG,0,EPHA4,3,150,0.46,0.3623255813953488,1763,1763,1763,7322.0,156175,0.04688330398591324,1.0,0.076659,0.11023255813953488,0.0549379652605459,50.0,2.1789769472931693,1.698978690138799,0.3333333333333333,0.6666666666666666,1.0,0.0,0.0,1,0,-0.33629907461035186,-0.4758203216992444,0.13952124708889252,2.006454938071026,0.30264580532469404,0.0976744186046512,0.0976744186046512,0.04688330398591324,1,0,0,0,0
chr2,229629302,229629398,AAG,0,LINC01807,3,96,0.3645833333333333,0.446087786259542,528,50000,50000,50000.0,366700,0.21077174802290702,0.0,1.0,0.13072519083969467,0.030304538216560508,32.0,1.9867717342662448,1.505163549810412,0.3333333333333333,0.6666666666666666,1.0,0.0,0.0,1,0,-0.4370136116426797,-0.4758203216992444,0.038806710056564664,4.313574301355245,0.6349379523820238,-0.08150445292620867,0.08150445292620867,0.13635124079629124,1,0,0,0,0
chr2,231514088,231514112,CTTT,0,ENSG00000289157,4,24,0.25,0.45553359683794464,8426,50000,50000,19071.0,10633,1.0,0.0,1.0,0.023221343873517788,0.034608469836196566,6.0,1.3979400086720377,0.7782236267660966,0.25,0.75,0.0,1.0,0.0,0,0,-0.6003262785189619,-0.6003262785189619,0.0,0.6709534697706225,-0.17266079915079038,-0.20553359683794464,0.20553359683794464,1.7935671964638389,1,0,0,0,0
chr2,236481622,236481706,CTT,0,AGAP1,3,84,0.3333333333333333,0.494721689059501,975,48439,48443,50000.0,637750,0.12383692669541356,0.99984,0.11687,0.10700575815738964,0.06109340768771161,28.0,1.9294189257142929,1.4471735415824631,0.3333333333333333,0.6666666666666666,0.0,1.0,0.0,1,0,-0.4758203216992444,-0.4758203216992444,0.0,1.7514820456948716,0.24365357728315487,-0.16138835572616766,0.16138835572616766,0.07840062720501764,1,0,0,0,0
chr2,236481700,236481735,CTTCTTT,0,AGAP1,7,35,0.2857142857142857,0.5031941031941032,1053,48517,48521,50000.0,637750,0.12392081536652293,0.99984,0.11687,0.0972972972972973,0.06084352383329174,5.0,1.5563025007672873,0.6990568545476679,0.2857142857142857,0.7142857142857143,0.0,1.0,0.0,0,0,-0.5425506675267713,-0.5425506675267713,0.0,1.5991134644077867,0.20415077966782003,-0.21747981747981748,0.21747981747981748,0.07840062720501764,1,0,0,0,0
chr2,240628810,240628915,GCCCT,0,ENSG00000300336,5,105,0.7523809523809524,0.5643705463182898,9957,50000,50000,10009.5,14431,0.0,0.0,1.0,0.5928741092636579,0.1365332006963442,21.0,2.0253058652647704,1.322239974931152,0.8,0.2,0.2,0.8,0.0,0,1,-0.12298536419701751,-0.09636748391576232,-0.026617880281255196,4.342312081807445,0.6378210360252312,0.18801040606266262,0.18801040606266262,0.6936109763703139,1,0,0,0,0
chr20,2264937,2265002,AAAAT,0,ENSG00000286022,5,65,0.0,0.4,11414,11708,11645,50000.0,133731,0.5757490783737503,0.0,1.0,0.08087167070217918,0.030550710191876402,13.0,1.8195439355418688,1.1139767582898465,0.0,1.0,0.8,0.2,0.0,0,1,-3.0,-3.0,0.0,2.647042348669656,0.42292492625349387,-0.4,0.4,0.37388488832058386,1,0,0,0,0
chr20,2633379,2633421,GGCCTG,1,NOP56,6,42,0.8333333333333334,0.6111655239960823,0,67,73,162.0,5801,0.02792621961730736,0.62098,0.20459,0.04995102840352596,0.04246083225227023,7.0,1.6334684555795866,0.8451600776519459,0.8333333333333334,0.16666666666666666,0.5,0.5,0.0,0,0,-0.07866040511143918,-0.07866040511143918,0.0,1.1763747759814418,0.07091472727246716,0.2221678093372511,0.2221678093372511,0.02792621961730736,1,1,0,1,1
chr20,4099250,4099421,CTT,0,SMOX,3,171,0.3684210526315789,0.46245969599263015,2206,50000,30005,2291.5,66768,0.0,0.39964,0.22213,0.13311837862736067,0.0821972138218234,57.0,2.2355284469075487,1.755882474807094,0.3333333333333333,0.6666666666666666,0.0,1.0,0.0,1,0,-0.4324783585406158,-0.4758203216992444,0.043341963158628594,1.6194801862229529,0.20964372523762448,-0.09403864336105122,0.09403864336105122,0.03432033309369758,1,0,0,0,1
chr20,9833377,9833442,AAAAT,0,ENSG00000286470,5,65,0.0,0.426634382566586,13653,50000,13653,17205.5,38344,0.44871427081160026,0.0,1.0,0.045036319612590796,0.06279591328183404,13.0,1.8195439355418688,1.1139767582898465,0.0,1.0,0.8,0.2,0.0,0,1,-3.0,-3.0,0.0,0.7171740975621959,-0.1437702626583837,-0.426634382566586,0.426634382566586,0.44871427081160026,1,0,0,0,0
chr20,11110192,11110321,AAG,0,ENSG00000309883,3,129,0.34108527131782945,0.42132456552372005,28254,50000,50000,28318.5,59838,0.0,0.0,1.0,0.09394081728511038,0.04088628347160813,43.0,2.113943352306837,1.63347855533382,0.3333333333333333,0.6666666666666666,1.0,0.0,0.0,1,0,-0.4658656242162668,-0.4758203216992444,0.00995469748297756,2.2975558488825083,0.3614550604321307,-0.0802392942058906,0.0802392942058906,0.4732527825127845,1,0,0,0,0
chr20,13829158,13829263,AAG,0,SEL1L2,3,105,0.4,0.45558194774346794,630,868,630,50000.0,147196,1.0,7.3382e-20,0.8801,0.1990498812351544,0.06386471027107685,35.0,2.0253058652647704,1.5440804525867846,0.3333333333333333,0.6666666666666666,1.0,0.0,0.0,1,0,-0.39685562737981767,-0.4758203216992444,0.07896469431942671,3.11669408185223,0.49383349857523096,-0.05558194774346792,0.05558194774346792,0.3396831435636838,1,0,0,0,0
chr20,17061944,17062009,ATTTT,0,ENSG00000308686,5,65,0.0,0.3447941888619855,36727,50000,50000,46813.5,10054,1.0,0.0,1.0,0.08426150121065375,0.04719661101420384,13.0,1.8195439355418688,1.1139767582898465,0.0,1.0,0.2,0.8,0.0,0,1,-3.0,-3.0,0.0,1.7852916577768259,0.2519523700182821,-0.3447941888619855,0.3447941888619855,4.6562064849811025,1,0,0,0,0
chr20,19644040,19644082,CCT,0,SLC24A3,3,42,0.6904761904761905,0.4422135161606268,2426,2426,50000,50000.0,510416,0.8834107864957211,0.87946,0.18007,0.07149853085210578,0.0301367129029039,14.0,1.6334684555795866,1.1461590556048185,0.6666666666666666,0.3333333333333333,0.0,1.0,0.0,1,0,-0.16022276931147345,-0.17544030542608624,0.015217536114612795,2.3723940526759937,0.3753698497619167,0.24826267431556365,0.24826267431556365,0.09795931162032538,1,0,0,0,0
chr20,22486124,22486208,CTTT,0,ENSG00000288974,4,84,0.25,0.43953934740882916,4530,50000,50000,18686.0,14114,1.0,0.0,1.0,0.06861804222648753,0.04018123879705238,21.0,1.9294189257142929,1.322239974931152,0.25,0.75,0.0,1.0,0.0,0,0,-0.6003262785189619,-0.6003262785189619,0.0,1.7076709581329026,0.23265843789588525,-0.18953934740882916,0.18953934740882916,1.3239336828680743,1,0,0,0,0
chr20,22519561,22519672,CTT,0,LINC00261,3,111,0.36036036036036034,0.3614400757934628,8629,42816,41964,39663.5,30979,1.0,0.0,1.0,0.16674561819043107,0.048580378897120975,37.0,2.0492180226701815,1.5682134615970804,0.3333333333333333,0.6666666666666666,0.0,1.0,0.0,1,0,-0.44205948935379646,-0.4758203216992444,0.03376083234544791,3.4322948828509423,0.5357111062207032,-0.0010797154331024794,0.0010797154331024794,1.2803350656896608,1,0,0,0,0
chr20,23248636,23248671,GGGAT,0,ENSG00000306385,5,35,0.6,0.5071253071253071,191,50000,50000,610.5,4260,0.14330985915492958,0.0,1.0,0.04914004914004914,0.042425754928874466,7.0,1.5563025007672873,0.8451600776519459,0.6,0.4,0.8,0.2,0.0,0,1,-0.22112552799726048,-0.22112552799726048,0.0,1.1582325639193722,0.06417057236982537,0.09287469287469285,0.09287469287469285,0.14330985915492958,1,0,0,1,1
chr20,29829398,29829778,AATGG,0,DEFB115,5,380,0.4,0.3936974789915966,15689,15689,50000,15879.0,1968,0.0,0.0020641,2.2533,1.0,0.6870951913640825,76.0,2.5809249756756194,1.8808193066442747,0.4,0.6,0.8,0.2,0.0,0,1,-0.39685562737981767,-0.39685562737981767,0.0,1.4554002955753749,0.16328075840166256,0.0063025210084033945,0.0063025210084033945,8.06859756097561,1,0,0,0,0
chr20,30165775,30165787,AC,0,ENSG00000278276,2,12,0.5,0.555168986083499,49,351,49,4971.0,8207,0.6057024491287925,0.0,1.0,0.2753479125248509,0.2130221866879872,6.0,1.1139433523068367,0.7782236267660966,0.5,0.5,0.5,0.5,0.0,0,0,-0.30016227413275426,-0.30016227413275426,0.0,1.2925724978856414,0.11179077363962939,-0.05516898608349896,0.05516898608349896,0.6057024491287925,1,0,0,0,1
chr20,30682508,30682580,AAAG,0,HCK,4,72,0.2638888888888889,0.44305019305019305,689,689,689,42544.0,49659,0.8567228498358807,0.01976,0.29225,0.09314671814671814,0.0828517337584695,18.0,1.863322860120456,1.2552966319043402,0.25,0.75,1.0,0.0,0.0,0,0,-0.576936258371126,-0.6003262785189619,0.023390020147835866,1.1242443540638916,0.051246842534712386,-0.17916130416130416,0.17916130416130416,0.8567228498358807,1,0,0,0,0
chr20,32788825,32788869,CTTT,0,ASIP,4,44,0.25,0.3576320939334638,6259,50000,6259,6472.0,74777,0.08655067734731267,0.016298,0.6456,0.07289628180039139,0.11529634803432448,11.0,1.6532125137753437,1.0414321646802651,0.25,0.75,0.0,1.0,0.0,0,0,-0.6003262785189619,-0.6003262785189619,0.0,0.6322459539892441,-0.1984275763747749,-0.10763209393346379,0.10763209393346379,0.08655067734731267,1,0,0,0,0
chr20,35237559,35237659,AC,0,TGIF2-RAB5IF,2,100,0.54,0.5019047619047619,345,345,345,34653.0,37831,0.9159948190637308,0.0,1.0,0.09333333333333334,0.05756218905472637,50.0,2.0043213737826426,1.698978690138799,0.5,0.5,0.5,0.5,0.0,0,0,-0.26680273489343054,-0.30016227413275426,0.03335953923932372,1.6214065771199653,0.21015969825550887,0.03809523809523818,0.03809523809523818,0.9159948190637308,1,0,0,0,0
chr20,36078630,36078782,ATCC,0,RPL7AP14,4,152,0.5,0.5269516728624535,4694,46848,44177,4770.0,801,0.0,0.0,1.0,0.27137546468401486,0.07393807066296149,38.0,2.184691430817599,1.579795025268589,0.5,0.5,0.25,0.75,0.0,0,0,-0.30016227413275426,-0.30016227413275426,0.0,3.6702579874317482,0.56481490441169,-0.02695167286245348,0.02695167286245348,5.955056179775281,1,0,0,0,1
chr20,36522188,36522316,CCTT,0,ENSG00000305049,4,128,0.5390625,0.5169172932330827,9197,9437,9197,22062.0,46575,0.4736876006441224,0.0,1.0,0.13392857142857142,0.05628974562798092,32.0,2.110589710299249,1.505163549810412,0.5,0.5,0.0,1.0,0.0,0,0,-0.26755597752065885,-0.30016227413275426,0.03260629661209541,2.3792289466849486,0.3766187324766077,0.022145206766917336,0.022145206766917336,0.4736876006441224,1,0,0,0,0
chr20,36822983,36823031,ATCC,0,KIAA1755,4,48,0.4791666666666667,0.52392578125,15874,18413,15874,50000.0,50536,1.0,2.8893e-17,0.76515,0.05322265625,0.03641260973663208,12.0,1.6901960800285136,1.079217435746567,0.5,0.5,0.25,0.75,0.0,0,0,-0.31860799210323065,-0.30016227413275426,-0.018445717970476394,1.4616143973350169,0.16512984411378417,-0.044759114583333315,0.044759114583333315,0.9893936995409214,1,0,0,0,0
chr20,40336007,40336095,AAAG,0,ENSG00000288843,4,88,0.2727272727272727,0.42911877394636017,730,50000,50000,8313.0,92240,0.09012359063313097,0.0,1.0,0.20737547892720307,0.0555057745917961,22.0,1.9493900066449128,1.3424424210318369,0.25,0.75,1.0,0.0,0.0,0,0,-0.5626819296454657,-0.6003262785189619,0.037644348873496214,3.7360390772526197,0.5725276391786313,-0.15639150121908746,0.15639150121908746,0.09012359063313097,1,0,0,0,0
chr20,43392832,43392896,ATCC,0,RIMS4,4,64,0.515625,0.43362403100775193,6007,6007,8058,46323.0,58738,0.7886376791855357,0.23281,0.25832,0.17635658914728683,0.03708133971291866,16.0,1.8129133566428557,1.2041471252128477,0.5,0.5,0.25,0.75,0.0,0,0,-0.2868245817102354,-0.30016227413275426,0.013337692422518865,4.755810731269692,0.6773158716216164,0.08200096899224807,0.08200096899224807,0.7886376791855357,1,0,0,0,0
chr20,47115388,47115472,AAAG,0,ENSG00000281365,4,84,0.2619047619047619,0.48896353166986567,5646,50000,50000,15876.0,10188,1.0,0.0,1.0,0.09788867562380038,0.04620593507269468,21.0,1.9294189257142929,1.322239974931152,0.25,0.75,1.0,0.0,0.0,0,0,-0.580201547593781,-0.6003262785189619,0.020124730925180967,2.1184844973984496,0.32623024434423464,-0.22705876976510375,0.22705876976510375,1.558303886925795,1,0,0,0,0
chr20,49281956,49281961,CCTTT,0,RIPOR3,5,5,0.4,0.5062344139650873,3120,25702,25705,26599.5,106841,0.2489634129220056,0.0,1.0,0.06783042394014963,0.08397900524868783,1.0,0.7781512503836436,0.00043407747931859284,0.4,0.6,0.0,1.0,0.0,0,1,-0.39685562737981767,-0.39685562737981767,0.0,0.8076973053202978,-0.09221400401004035,-0.10623441396508726,0.10623441396508726,0.2489634129220056,1,0,0,0,0
chr20,49282708,49282713,AAAGG,0,RIPOR3,5,5,0.4,0.49576059850374066,3872,24950,24953,25847.5,106841,0.24192491646465308,0.0,1.0,0.0713216957605985,0.0802299425143714,1.0,0.7781512503836436,0.00043407747931859284,0.4,0.6,1.0,0.0,0.0,0,1,-0.39685562737981767,-0.39685562737981767,0.0,0.8889549782843816,-0.050631963217136075,-0.09576059850374063,0.09576059850374063,0.24192491646465308,1,0,0,0,0
chr20,49282723,49282763,CTTTT,0,RIPOR3,5,40,0.2,0.4965686274509804,3887,24900,24903,25815.0,106841,0.24162072612573823,0.0,1.0,0.07009803921568628,0.08008982035928144,8.0,1.6127838567197355,0.9031442704095386,0.2,0.8,0.0,1.0,0.0,0,1,-0.6968039425795112,-0.6968039425795112,0.0,0.8752318792744499,-0.057380950266355486,-0.2965686274509804,0.2965686274509804,0.24162072612573823,1,0,0,0,0
chr20,56771787,56771961,AC,0,ENSG00000306557,2,174,0.4885057471264368,0.5298988040478381,17012,21590,19221,17099.0,15797,0.0,0.0,1.0,0.1968721251149954,0.09135520967582036,87.0,2.2430380486862944,1.9395242444805263,0.5,0.5,0.5,0.5,0.0,0,0,-0.31024220492183174,-0.30016227413275426,-0.010079930789077485,2.1549944531805854,0.333647639188095,-0.04139305692140127,0.04139305692140127,1.0824207127935683,1,0,0,0,0
chr20,60680875,60680911,GGAT,0,ENSG00000289236,4,36,0.5,0.49263261296660116,13221,16812,16589,17741.0,4502,1.0,0.0,1.0,0.22298624754420432,0.10166699940107805,9.0,1.568201724066995,0.9542907617011269,0.5,0.5,0.75,0.25,0.0,0,0,-0.30016227413275426,-0.30016227413275426,0.0,2.193278601504967,0.34129176791267823,0.007367387033398842,0.007367387033398842,3.940693025322079,1,0,0,0,0
chr20,61680417,61680510,CCT,0,LINC01749,3,93,0.6021505376344086,0.6110845676063067,140,42291,42030,41036.5,76996,0.5329692451555925,0.0,1.0,0.18012422360248448,0.198128701537849,31.0,1.9731278535996988,1.4913757031077342,0.6666666666666666,0.3333333333333333,0.0,1.0,0.0,1,0,-0.2195742807212006,-0.17544030542608624,-0.04413397529511437,0.909122772630206,-0.0409000188004968,-0.008934029971898072,0.008934029971898072,0.5329692451555925,1,0,0,0,0
chr20,62073998,62074076,ACC,0,KCNQ2,3,78,0.5897435897435898,0.5803657362848893,114,114,114,29993.0,72469,0.41387351833197644,0.99998,0.050284,0.5625601539942252,0.14622970415380018,26.0,1.8976270912904414,1.4149900512835218,0.6666666666666666,0.3333333333333333,0.3333333333333333,0.6666666666666666,0.0,1,0,-0.22860098227128697,-0.17544030542608624,-0.05316067684520073,3.847072728327593,0.5852432715811776,0.009377853458700458,0.009377853458700458,0.41387351833197644,1,0,0,0,0
chr21,10086688,10086748,AATGG,0,ENSG00000310022,5,60,0.38333333333333336,0.46601941747572817,35432,50000,50000,50000.0,42328,1.0,0.0,1.0,0.9980582524271845,0.1560319042871386,12.0,1.7853298350107671,1.079217435746567,0.4,0.6,0.8,0.2,0.0,0,1,-0.4152919474249634,-0.39685562737981767,-0.018436320045145727,6.396460137603501,0.8060075884907948,-0.08268608414239481,0.08268608414239481,1.1812511812511812,1,0,0,0,0
chr21,10807122,10807197,AATGG,0,.,5,75,0.4533333333333333,0.432289156626506,50000,50000,50000,50000.0,0,-1.0,0.0,1.0,1.0,0.9999501867995019,15.0,1.8808135922807914,1.1761202110560856,0.4,0.6,0.8,0.2,0.0,0,1,-0.3426253988849889,-0.39685562737981767,0.05423022849482878,1.000048815583343,0.00045525612223268986,0.02104417670682729,0.02104417670682729,50000.0,0,0,0,0,0
chr21,10819381,10819571,AATGG,0,IGHV1OR21-1,5,190,0.4,0.40684931506849314,43051,43051,50000,43146.0,435,0.0,0.0,1.0,1.0,0.996087171867261,38.0,2.2810333672477277,1.579795025268589,0.4,0.6,0.8,0.2,0.0,0,1,-0.39685562737981767,-0.39685562737981767,0.0,1.0039271906275182,0.00213459722499529,-0.0068493150684931225,0.0068493150684931225,99.18620689655172,1,0,0,0,0
chr21,10856048,10856163,AATGG,0,IGHV1OR21-1,5,115,0.40869565217391307,0.40189125295508277,6459,6459,50000,6516.5,435,0.0,0.0,1.0,1.0,0.7349739000745712,23.0,2.0644579892269186,1.3617467179758969,0.4,0.6,0.8,0.2,0.0,0,1,-0.38753864489942563,-0.39685562737981767,0.009316982480392033,1.3605906812580117,0.13404657043434864,0.006804399218830304,0.006804399218830304,14.980459770114942,1,0,0,0,0
chr21,11085533,11085767,ACC,0,ENSG00000290523,3,234,0.6153846153846154,0.44136078782453,11779,50000,50000,13340.0,87449,0.15254605541515626,0.0,1.0,0.27350044762757386,0.10304438074528022,78.0,2.3710678622717363,1.8921001705327622,0.6666666666666666,0.3333333333333333,0.3333333333333333,0.6666666666666666,0.0,1,0,-0.21014820956580146,-0.17544030542608624,-0.03470790413971522,2.6541747495081287,0.42409310931564675,0.17402382756008544,0.17402382756008544,0.15254605541515626,1,0,0,0,0
chr21,21862937,21862982,ATTTT,0,.,5,45,0.0,0.31687041564792173,50000,50000,50000,50000.0,0,-1.0,0.0,1.0,0.11100244498777506,0.041356946869543526,9.0,1.662757831681574,0.9542907617011269,0.0,1.0,0.2,0.8,0.0,0,1,-3.0,-3.0,0.0,2.683944764906078,0.4289353557550375,-0.31687041564792173,0.31687041564792173,50000.0,0,0,0,0,0
chr21,22806065,22806115,AAAAT,0,NCAM2,5,50,0.0,0.36048780487804877,1464,1464,50000,50000.0,544923,0.7989440709971868,0.2306,0.23572,0.04975609756097561,0.04194513715710723,10.0,1.7075701760979363,1.0000434272768626,0.0,1.0,0.8,0.2,0.0,0,1,-3.0,-3.0,0.0,1.1861902175787142,0.07452030937271496,-0.36048780487804877,0.36048780487804877,0.09175608296952047,1,0,0,0,0
chr21,23823874,23824170,CCTT,0,ENSG00000295777,4,296,0.5168918918918919,0.35714285714285715,2594,50000,50000,24689.0,74419,0.3317566750426638,0.0,1.0,0.21733449477351915,0.06824004729996058,74.0,2.4727564493172123,1.8692375885356722,0.5,0.5,0.0,1.0,0.0,0,0,-0.2857608882371256,-0.30016227413275426,0.014401385895628671,3.1848059690262795,0.5032193216385986,0.15974903474903474,0.15974903474903474,0.3317566750426638,1,0,0,0,0
chr21,30203777,30203949,AAAG,0,LINC03138,4,172,0.32558139534883723,0.39456721915285453,5043,44758,40564,5245.0,508051,0.010323766708460372,0.0,1.0,0.1929097605893186,0.07198096371207614,43.0,2.2380461031287955,1.63347855533382,0.25,0.75,1.0,0.0,0.0,0,0,-0.48600855973248197,-0.6003262785189619,0.11431771878647995,2.679973574504676,0.428292533302775,-0.0689858238040173,0.0689858238040173,0.010323766708460372,1,0,0,0,0
chr21,37869337,37869529,AGGG,0,LNCTSI,4,192,0.6822916666666666,0.5597627737226277,1974,10488,1974,50000.0,197146,0.339068507603502,0.0,1.0,0.3699817518248175,0.09280903328050713,48.0,2.285557309007774,1.6812502850830469,0.75,0.25,1.0,0.0,0.0,0,0,-0.16539387584214763,-0.1243600629958316,-0.04103381284631602,3.9864413226379556,0.6006943052333761,0.1225288929440389,0.1225288929440389,0.253619145202033,1,0,0,0,0
chr21,40954947,40954952,CCTTT,0,B3GALT5-AS1,5,5,0.4,0.3915211970074813,14121,50000,22069,29887.5,85069,0.35133244777768635,0.0,1.0,0.17855361596009975,0.05968507873031742,1.0,0.7781512503836436,0.00043407747931859284,0.4,0.6,0.0,1.0,0.0,0,1,-0.39685562737981767,-0.39685562737981767,0.0,2.991545428321191,0.47604075193374135,0.008478802992518741,0.008478802992518741,0.35133244777768635,1,0,0,0,0
chr21,40954986,40954991,AAAGG,0,B3GALT5-AS1,5,5,0.4,0.39600997506234414,14082,50000,22030,29848.5,85069,0.35087399640292,0.0,1.0,0.18453865336658354,0.05968507873031742,1.0,0.7781512503836436,0.00043407747931859284,0.4,0.6,1.0,0.0,0.0,0,1,-0.39685562737981767,-0.39685562737981767,0.0,3.0918206940749737,0.4903547425602221,0.003990024937655878,0.003990024937655878,0.35087399640292,1,0,0,0,0
chr21,44756163,44756328,ACC,0,ENSG00000310337,3,165,0.5696969696969697,0.558891454965358,2359,50000,50000,7981.5,10873,0.734066035132898,0.0,1.0,0.7011547344110854,0.1401934044135879,55.0,2.220108088040055,1.7403705856857679,0.6666666666666666,0.3333333333333333,0.3333333333333333,0.6666666666666666,0.0,1,0,-0.24359443347413373,-0.17544030542608624,-0.06815412804804749,5.001303278429051,0.6991700184931304,0.010805514731611732,0.010805514731611732,0.734066035132898,1,0,0,0,0
chr21,45196324,45196360,CCCCGCCCCGCG ,1,CSTB,13,36,1.0,0.6277013752455796,0,174,0,118.0,4068,0.029006882989183875,0.0065562,0.99079,0.30157170923379173,0.10221601117987622,2.769230769230769,1.568201724066995,0.4425159487139067,1.0,0.0,0.25,0.75,1.0,0,0,0.00043407747931859284,0.00043407747931859284,0.0,2.950308424721022,0.4700145975565996,0.37229862475442044,0.37229862475442044,0.029006882989183875,1,1,0,1,1
chr21,45827019,45827031,CCCT,0,TRPM2,4,12,0.6666666666666666,0.5278330019880716,371,371,34670,50000.0,95174,0.5996385567486918,8.963299999999999e-44,0.91133,0.13916500994035785,0.21926843893663803,3.0,1.1139433523068367,0.4772659954248526,0.75,0.25,0.0,1.0,0.0,0,0,-0.17544030542608624,-0.1243600629958316,-0.051080242430254635,0.6346758153587111,-0.19676431123126575,0.13883366467859504,0.13883366467859504,0.525353562947864,1,0,0,0,0
chr22,20149956,20150001,ACC,0,ENSG00000299199,3,45,0.5777777777777777,0.5779951100244499,6965,11447,11378,6987.5,3672,0.0,0.0,1.0,0.678239608801956,0.16966824644549763,15.0,1.662757831681574,1.1761202110560856,0.6666666666666666,0.3333333333333333,0.3333333333333333,0.6666666666666666,0.0,1,0,-0.23748815200662776,-0.17544030542608624,-0.06204784658054152,3.9974221788025974,0.601888647772188,-0.0002173322466721972,0.0002173322466721972,1.9029139433551199,1,0,0,0,0
chr22,20150514,20150559,ACC,0,ENSG00000299199,3,45,0.6,0.5677261613691932,7523,12005,11936,7545.5,3672,0.0,0.0,1.0,0.9511002444987775,0.17201297081566475,15.0,1.662757831681574,1.1761202110560856,0.6666666666666666,0.3333333333333333,0.3333333333333333,0.6666666666666666,0.0,1,0,-0.22112552799726048,-0.17544030542608624,-0.045685222571174244,5.529203471025063,0.742741110458003,0.032273838630806795,0.032273838630806795,2.0548747276688455,1,0,0,0,0
chr22,20150727,20150772,ACC,0,ENSG00000299199,3,45,0.6,0.5721271393643031,7736,12218,12149,7758.5,3672,0.0,0.0,1.0,1.0,0.17201297081566475,15.0,1.662757831681574,1.1761202110560856,0.6666666666666666,0.3333333333333333,0.3333333333333333,0.6666666666666666,0.0,1,0,-0.22112552799726048,-0.17544030542608624,-0.045685222571174244,5.813481284445375,0.7645109769576286,0.027872860635696828,0.027872860635696828,2.1128812636165577,1,0,0,0,0
chr22,22928364,22928476,CTTT,0,IGLV2-33,4,112,0.25,0.35984848484848486,2150,2208,2150,2206.0,533,0.0,0.0,1.0,0.16808712121212122,0.06135640413683373,28.0,2.05307844348342,1.4471735415824631,0.25,0.75,0.0,1.0,0.0,0,0,-0.6003262785189619,-0.6003262785189619,0.0,2.7394757580889264,0.4378259647097059,-0.10984848484848486,0.10984848484848486,4.138836772983114,1,0,0,0,1
chr22,25489704,25489856,CT,0,KIAA1671,2,152,0.5,0.5190520446096655,8528,18289,17953,50000.0,244737,0.5765454344868165,0.8238,0.13797,0.1324349442379182,0.0794958316792378,76.0,2.184691430817599,1.8808193066442747,0.5,0.5,0.0,1.0,0.0,0,0,-0.30016227413275426,-0.30016227413275426,0.0,1.6659147470465325,0.2219133887697905,-0.019052044609665475,0.019052044609665475,0.2043009434617569,1,0,0,0,0
chr22,27720930,27720982,GGAT,0,ENSG00000302993,4,52,0.5,0.459551656920078,2148,50000,50000,4377.0,8867,0.4936280590955227,0.0,1.0,0.2246588693957115,0.05251346499102334,13.0,1.7242758696007892,1.1139767582898465,0.5,0.5,0.75,0.25,0.0,0,0,-0.30016227413275426,-0.30016227413275426,0.0,4.278037859361492,0.6313461289796204,0.04044834307992201,0.04044834307992201,0.4936280590955227,1,0,0,0,1
chr22,27874414,27874539,GGTTT,0,ENSG00000227880,5,125,0.4,0.5049411764705882,17582,50000,50000,17644.5,3746,0.0,0.0,1.0,0.25835294117647056,0.12034782608695652,25.0,2.100370545117563,1.3979573801038874,0.4,0.6,0.4,0.6,0.0,0,1,-0.39685562737981767,-0.39685562737981767,0.0,2.146700965656291,0.3319738124064373,-0.1049411764705882,0.1049411764705882,4.710224239188467,1,0,0,0,0
chr22,28124591,28124651,AAAGG,0,ENSG00000295854,5,60,0.4,0.45485436893203884,6926,22252,19614,16128.0,69025,0.23365447301702283,0.0,1.0,0.23786407766990292,0.08678963110667996,12.0,1.7853298350107671,1.079217435746567,0.4,0.6,1.0,0.0,0.0,0,1,-0.39685562737981767,-0.39685562737981767,0.0,2.740665376399082,0.43801444751710056,-0.05485436893203882,0.05485436893203882,0.23365447301702283,1,0,0,0,0
chr22,28932315,28932320,AAACT,0,TTC28,5,5,0.2,0.4394014962593516,50000,50000,50000,50000.0,701826,0.20448159515321462,1.0,0.10229,0.09975062344139651,0.047138215446138464,1.0,0.7781512503836436,0.00043407747931859284,0.2,0.8,0.6,0.4,0.0,0,1,-0.6968039425795112,-0.6968039425795112,0.0,2.116085779055278,0.3257384549091866,-0.2394014962593516,0.2394014962593516,0.07124272967943622,1,0,0,0,0
chr22,28933911,28933916,AGTTT,0,TTC28,5,5,0.2,0.3950124688279302,50000,50000,50000,50000.0,701826,0.202207527221847,1.0,0.10229,0.07182044887780549,0.04988752811797051,1.0,0.7781512503836436,0.00043407747931859284,0.2,0.8,0.4,0.6,0.0,0,1,-0.6968039425795112,-0.6968039425795112,0.0,1.439618517266594,0.15854899276402032,-0.19501246882793016,0.19501246882793016,0.07124272967943622,1,0,0,0,0
chr22,29240393,29240504,AAG,0,ENSG00000226471,3,111,0.36036036036036034,0.42539081004263385,0,39251,39049,43805.5,49938,0.8771977251792222,0.0,1.0,0.14163903363334912,0.11446472079956242,37.0,2.0492180226701815,1.5682134615970804,0.3333333333333333,0.6666666666666666,1.0,0.0,0.0,1,0,-0.44205948935379646,-0.4758203216992444,0.03376083234544791,1.2373925804509551,0.09285834136945274,-0.0650304496822735,0.0650304496822735,0.8771977251792222,1,1,0,0,0
chr22,32820630,32820774,CTT,0,ENSG00000295501,3,144,0.375,0.40951492537313433,103,5239,5239,12400.0,14926,0.8307651078654696,0.0,1.0,0.10634328358208955,0.1084690230341541,48.0,2.161368002234975,1.6812502850830469,0.3333333333333333,0.6666666666666666,0.0,1.0,0.0,1,0,-0.42481215507233894,-0.4758203216992444,0.05100816662690544,0.980393297681933,-0.008156912311585773,-0.03451492537313433,0.03451492537313433,0.8307651078654696,1,0,0,0,0
chr22,33424629,33424698,GGT,0,SYN3,3,69,0.6521739130434783,0.49637506041565976,3014,21982,14115,29703.5,550560,0.05395143126997966,0.0018871,0.34629,0.09618173030449492,0.07534007673526334,23.0,1.845098040014257,1.3617467179758969,0.6666666666666666,0.3333333333333333,0.6666666666666666,0.3333333333333333,0.0,1,0,-0.18497116877233447,-0.17544030542608624,-0.009530863346248225,1.27661741074477,0.10640082152339594,0.1557988526278185,0.1557988526278185,0.05395143126997966,1,0,0,0,0
chr22,35207279,35207339,AAAG,0,LINC02885,4,60,0.25,0.3737864077669903,31445,50000,50000,50000.0,246196,0.778010203252693,0.0,1.0,0.07572815533980583,0.01979062811565304,15.0,1.7853298350107671,1.1761202110560856,0.25,0.75,1.0,0.0,0.0,0,0,-0.6003262785189619,-0.6003262785189619,0.0,3.826272143821914,0.5828893444711637,-0.12378640776699029,0.12378640776699029,0.20309022079968805,1,0,0,0,0
chr22,37355142,37355194,GGAT,0,ENSG00000304026,4,52,0.5192307692307693,0.47855750487329435,1125,20598,18657,4370.0,5732,0.7623866015352407,0.0,1.0,0.11500974658869395,0.06907041691601835,13.0,1.7242758696007892,1.1139767582898465,0.5,0.5,0.75,0.25,0.0,0,0,-0.283803964881494,-0.30016227413275426,0.01635830925126025,1.6650845128677538,0.22169702740762331,0.040673264357474925,0.040673264357474925,0.7623866015352407,1,0,0,0,1
chr22,37725090,37725208,CT,0,ENSG00000298470,2,118,0.5423728813559322,0.5585457979225684,4559,15538,13703,8249.0,46178,0.17863484776300403,0.0,1.0,0.19735599622285174,0.04453723034098817,59.0,2.0755469613925306,1.7708593725031863,0.5,0.5,0.0,1.0,0.0,0,0,-0.26490204013852836,-0.30016227413275426,0.0352602339942259,4.431159359316228,0.6466153671597805,-0.01617291656663622,0.01617291656663622,0.17863484776300403,1,0,0,0,0
chr22,38100391,38100446,AACAG,0,ENSG00000100101,5,55,0.4,0.4968369829683698,2905,2905,2905,17997.5,40089,0.448938611589214,0.0,1.0,0.0905109489051095,0.12505609573672402,11.0,1.7481880270062005,1.0414321646802651,0.4,0.6,0.8,0.2,0.0,0,1,-0.39685562737981767,-0.39685562737981767,0.0,0.7237570037261806,-0.13980757912586428,-0.09683698296836979,0.09683698296836979,0.448938611589214,1,0,0,0,0
chr22,38506032,38506180,AG,0,BAIAP2L2,2,148,0.5337837837837838,0.6294227188081937,302,302,353,916.0,26363,0.034745666274703185,1.2298e-09,0.73156,0.1084729981378026,0.06948580504268413,74.0,2.173186268412274,1.8692375885356722,0.5,0.5,1.0,0.0,0.0,0,0,-0.2718217702956092,-0.30016227413275426,0.028340503837145037,1.5610589387606777,0.19369741641428057,-0.0956389350244099,0.0956389350244099,0.034745666274703185,1,0,0,1,1
chr22,39384689,39384757,CTTT,0,APOBEC3B,4,68,0.2647058823529412,0.5290135396518375,705,705,2767,6371.0,10457,0.6092569570622549,5.2144e-16,0.96578,0.08849129593810445,0.11490930835160454,17.0,1.8388490907372552,1.2304744673611585,0.25,0.75,0.0,1.0,0.0,0,0,-0.5755988308168797,-0.6003262785189619,0.02472744770208224,0.7700901442831157,-0.11289484779044794,-0.2643076572988963,0.2643076572988963,0.6092569570622549,1,0,0,0,0
chr22,39616465,39616513,GGAT,0,PDGFB,4,48,0.4791666666666667,0.49755859375,2851,5215,2851,24498.0,21623,1.0,0.77006,0.14701,0.28564453125,0.10893854748603352,12.0,1.6901960800285136,1.079217435746567,0.5,0.5,0.75,0.25,0.0,0,0,-0.31860799210323065,-0.30016227413275426,-0.018445717970476394,2.622046243460124,0.41880594712963076,-0.018391927083333315,0.018391927083333315,1.1329602737825464,1,0,0,0,0
chr22,43892758,43892902,GGT,0,MPPED1,3,144,0.6388888888888888,0.5625,1213,1213,8595,50000.0,96528,0.8870793966517487,0.0019823,0.44212,0.6688432835820896,0.2982029388403495,48.0,2.161368002234975,1.6812502850830469,0.6666666666666666,0.3333333333333333,0.6666666666666666,0.3333333333333333,0.0,1,0,-0.19389543090941858,-0.17544030542608624,-0.018455125483332335,2.2429055973676144,0.3510045819046548,0.07638888888888884,0.07638888888888884,0.5179844190286756,1,0,0,0,0
chr22,45476137,45476293,ATC,0,ENSG00000308781,3,156,0.40384615384615385,0.4772727272727273,66,50000,50000,7812.0,18663,0.41858222150779617,0.0,1.0,0.436456400742115,0.07809089104981147,52.0,2.1958996524092336,1.716011695371454,0.3333333333333333,0.6666666666666666,0.3333333333333333,0.6666666666666666,0.0,1,0,-0.3927099822895592,-0.4758203216992444,0.08311033940968515,5.5890105217674675,0.7474126253356631,-0.07342657342657344,0.07342657342657344,0.41858222150779617,1,0,0,0,0
chr22,46191235,46191304,ATTCT,1,ATXN10,5,69,0.2028985507246377,0.36346060898985016,1577,1577,1703,50000.0,173509,0.7123059898910143,0.00034514,0.41091,0.055099081681971966,0.022771438537047186,13.8,1.845098040014257,1.1399105558756826,0.2,0.8,0.2,0.8,0.0,0,1,-0.6905858611003763,-0.6968039425795112,0.006218081479134829,2.4195512304198075,0.3839142788187502,-0.16056205826521247,0.16056205826521247,0.28816948976710144,1,0,0,0,0
chr22,47038981,47039109,ATCC,0,GRAMD4,4,128,0.4921875,0.4201127819548872,5124,5124,16285,50000.0,104146,0.6481669963320723,0.99998,0.05151,0.2518796992481203,0.19246820349761526,32.0,2.110589710299249,1.505163549810412,0.5,0.5,0.25,0.75,0.0,0,0,-0.30698793927383045,-0.30016227413275426,-0.006825665141076187,1.308675334395724,0.117163648361253,0.07207471804511278,0.07207471804511278,0.4800952508977781,1,0,0,0,0
chr22,47044586,47044882,GGAT,0,GRAMD4,4,296,0.5,0.5187282229965157,9202,9202,21890,50000.0,104146,0.7027922339792215,0.99998,0.05151,0.39939024390243905,0.15761726448561292,74.0,2.4727564493172123,1.8692375885356722,0.5,0.5,0.75,0.25,0.0,0,0,-0.30016227413275426,-0.30016227413275426,0.0,2.533908397011278,0.4039622700238618,-0.018728222996515664,0.018728222996515664,0.4800952508977781,1,0,0,0,0
chr22,48075405,48075457,ATCC,0,EPIC1,4,52,0.5,0.4420077972709552,5609,50000,50000,48855.0,392196,0.12456781813175045,0.0,1.0,0.2300194931773879,0.04632954318771195,13.0,1.7242758696007892,1.1139767582898465,0.5,0.5,0.25,0.75,0.0,0,0,-0.30016227413275426,-0.30016227413275426,0.0,4.964748465077244,0.6959847170317477,0.05799220272904482,0.05799220272904482,0.12456781813175045,1,0,0,0,0
chr22,48797275,48797355,AAAG,0,ENSG00000285855,4,80,0.25,0.44375,1919,50000,50000,1959.0,12109,0.0,0.0,1.0,0.19663461538461538,0.06752988047808765,20.0,1.9084850188786497,1.3010517098452263,0.25,0.75,1.0,0.0,0.0,0,0,-0.6003262785189619,-0.6003262785189619,0.0,2.911773310114314,0.4643066864823342,-0.19374999999999998,0.19374999999999998,0.16178049384755142,1,0,0,0,1
chr3,1002539,1003255,CCTT,0,ENSG00000235158,4,716,0.4664804469273743,0.4116347569955817,46564,50000,50000,46922.0,4799,0.0,0.0,1.0,0.3589837997054492,0.06019501834330952,179.0,2.8555191556678,2.252855457199272,0.5,0.5,0.0,1.0,0.0,0,0,-0.33023654943132247,-0.30016227413275426,-0.03007427529856821,5.963580475673577,0.7755799025734452,0.05484568993179256,0.05484568993179256,9.777453636174203,1,0,0,0,0
chr3,2329291,2329471,AAG,0,CNTN4,3,180,0.37222222222222223,0.37844036697247707,25177,50000,25177,50000.0,959150,0.1969285304696867,3.3013e-06,0.3572,0.11697247706422019,0.04747274529236868,60.0,2.2576785748691846,1.7781584885646906,0.3333333333333333,0.6666666666666666,1.0,0.0,0.0,1,0,-0.4280325055976606,-0.4758203216992444,0.04778781610158378,2.4639403599577236,0.39180641584261827,-0.006218144750254839,0.006218144750254839,0.0521294896522963,1,0,0,0,0
chr3,13490560,13490565,CCTTT,0,ENSG00000300747,5,5,0.4,0.4229426433915212,0,28834,28738,2744.5,2752,0.9972747093023255,0.0,1.0,0.09775561097256857,0.09962509372656836,1.0,0.7781512503836436,0.00043407747931859284,0.4,0.6,0.0,1.0,0.0,0,1,-0.39685562737981767,-0.39685562737981767,0.0,0.9812249714504166,-0.007789028842918032,-0.02294264339152119,0.02294264339152119,0.9972747093023255,1,1,0,0,1
chr3,13492062,13492082,AAAAG,0,ENSG00000300747,5,20,0.2,0.4603960396039604,1126,29766,29142,1235.0,2752,0.4487645348837209,0.0,1.0,0.23712871287128712,0.0976023976023976,4.0,1.3222192947339193,0.6021685513789972,0.2,0.8,1.0,0.0,0.0,0,1,-0.6968039425795112,-0.6968039425795112,0.0,2.4295128929555023,0.3856979291853311,-0.2603960396039604,0.2603960396039604,0.4487645348837209,1,0,0,0,1
chr3,13898312,13898504,AAG,0,WNT7A,3,192,0.3697916666666667,0.5196167883211679,2012,2012,22810,23160.0,63813,0.3629354520238823,0.035773,0.33763,0.09808394160583941,0.03347860538827258,64.0,2.285557309007774,1.806186759782153,0.3333333333333333,0.6666666666666666,1.0,0.0,0.0,1,0,-0.43087003494110865,-0.4758203216992444,0.04495028675813573,2.9296624159195375,0.4669657947785648,-0.14982512165450118,0.14982512165450118,0.3629354520238823,1,0,0,0,0
chr3,22515375,22515447,AAAG,0,ENSG00000301888,4,72,0.25,0.430019305019305,1845,50000,50000,7783.0,16462,0.47278580974365203,0.0,1.0,0.06322393822393822,0.03736548425667597,18.0,1.863322860120456,1.2552966319043402,0.25,0.75,1.0,0.0,0.0,0,0,-0.6003262785189619,-0.6003262785189619,0.0,1.6919959017188648,0.22865590680176653,-0.18001930501930502,0.18001930501930502,0.47278580974365203,1,0,0,0,0
chr3,31854210,31854310,AAAG,0,OSBPL10,4,100,0.25,0.3985714285714286,9310,14877,50000,50000.0,419692,0.6309674713837766,3.3256e-07,0.46413,0.13285714285714287,0.04074626865671642,25.0,2.0043213737826426,1.3979573801038874,0.25,0.75,1.0,0.0,0.0,0,0,-0.6003262785189619,-0.6003262785189619,0.0,3.2605165263081717,0.5134195834613766,-0.14857142857142858,0.14857142857142858,0.11913498470306796,1,0,0,0,0
chr3,49237908,49237948,AAAG,0,IHO1,4,40,0.25,0.542156862745098,606,8704,902,2067.0,59678,0.03463587921847247,0.0,1.0,0.052450980392156864,0.20359281437125748,10.0,1.6127838567197355,1.0000434272768626,0.25,0.75,1.0,0.0,0.0,0,0,-0.6003262785189619,-0.6003262785189619,0.0,0.2576256088827504,-0.5873284738647017,-0.292156862745098,0.292156862745098,0.03463587921847247,1,0,0,0,1
chr3,57073696,57073701,AAAGG,0,ARHGEF3,5,5,0.4,0.4718204488778055,4492,4519,4492,39658.5,351911,0.11269468700893123,0.0040454,0.31134,0.022942643391521196,0.0350912271932017,1.0,0.7781512503836436,0.00043407747931859284,0.4,0.6,1.0,0.0,0.0,0,1,-0.39685562737981767,-0.39685562737981767,0.0,0.6537813420963431,-0.18390370424489805,-0.07182044887780548,0.07182044887780548,0.11269468700893123,1,0,0,0,0
chr3,57073912,57073917,CCTTT,0,ARHGEF3,5,5,0.4,0.4748129675810474,4708,4735,4708,39442.5,351911,0.11208089545368005,0.0040454,0.31134,0.022942643391521196,0.0350912271932017,1.0,0.7781512503836436,0.00043407747931859284,0.4,0.6,0.0,1.0,0.0,0,1,-0.39685562737981767,-0.39685562737981767,0.0,0.6537813420963431,-0.18390370424489805,-0.07481296758104738,0.07481296758104738,0.11208089545368005,1,0,0,0,0
chr3,61451583,61451623,CTTT,0,ENSG00000298403,4,40,0.3,0.39509803921568626,13418,50000,50000,13438.0,9684,0.0,0.0,1.0,0.11715686274509804,0.05454091816367265,10.0,1.6127838567197355,1.0000434272768626,0.25,0.75,0.0,1.0,0.0,0,0,-0.5214335044061567,-0.6003262785189619,0.07889277411280526,2.148015080685771,0.3322394631580944,-0.09509803921568627,0.09509803921568627,1.3876497315159024,1,0,0,0,0
chr3,63898361,63898392,CAG ,1,ATXN7,4,31,0.6774193548387096,0.6607582471688823,0,0,87,49545.5,140403,0.35288063645363704,0.9595,0.15596,0.09945839487936976,0.04662772702311417,7.75,1.505149978319906,0.8893577368889315,0.6666666666666666,0.3333333333333333,0.6666666666666666,0.3333333333333333,0.0,0,0,-0.16850177045101217,-0.17544030542608624,0.006938534975074073,2.1329854196977664,0.32919144781270765,0.016661107669827313,0.016661107669827313,0.35288063645363704,1,1,1,0,0
chr3,66044877,66044929,CTTT,0,ENSG00000295559,4,52,0.25,0.38937621832358676,17192,20894,20284,20683.0,81070,0.2551252004440607,0.0,1.0,0.04434697855750487,0.04064432475563535,13.0,1.7242758696007892,1.1139767582898465,0.25,0.75,0.0,1.0,0.0,0,0,-0.6003262785189619,-0.6003262785189619,0.0,1.0910720685373856,0.038251299481662074,-0.13937621832358676,0.13937621832358676,0.2551252004440607,1,0,0,0,0
chr3,74215375,74215441,AAG,0,Y_RNA,3,66,0.3484848484848485,0.3649564375605034,85,50000,50000,205.0,87,1.0,0.0,1.0,0.09777347531461762,0.025814811123293133,22.0,1.8260748027008264,1.3424424210318369,0.3333333333333333,0.6666666666666666,1.0,0.0,0.0,1,0,-0.4565716478498009,-0.4758203216992444,0.019248673849443454,3.7873485689705255,0.5784499319510559,-0.01647158907565488,0.01647158907565488,2.3563218390804597,1,0,0,1,1
chr3,76604511,76604568,AAG,0,ROBO2,3,57,0.3333333333333333,0.36509479824987845,24901,50000,50000,50000.0,1743269,0.37211325389254324,1.0,0.080518,0.09528439474963539,0.04512140399860398,19.0,1.7634279935629373,1.2787764579556449,0.3333333333333333,0.6666666666666666,1.0,0.0,0.0,1,0,-0.4758203216992444,-0.4758203216992444,0.0,2.111687018107088,0.324835163698379,-0.031761464916545135,0.031761464916545135,0.02868174676426874,1,0,0,0,0
chr3,76860927,76861035,CCTT,0,ROBO2,4,108,0.49074074074074076,0.3548387096774194,50000,50000,50000,50000.0,1743269,0.5192170571495277,1.0,0.080518,0.11290322580645161,0.046548637358265366,27.0,2.037426497940624,1.431379848841936,0.5,0.5,0.0,1.0,0.0,0,0,-0.30826380890341304,-0.30016227413275426,-0.00810153477065878,2.425437279725757,0.38496906984415347,0.13590203106332138,0.13590203106332138,0.02868174676426874,1,0,0,0,0
chr3,86384910,86385005,ATTTT,0,RN7SKP284,5,95,0.0,0.3403341288782816,26277,50000,50000,26324.5,342,0.0,0.0,1.0,0.08687350835322195,0.049863150037322716,19.0,1.9822712330395684,1.2787764579556449,0.0,1.0,0.2,0.8,0.0,0,1,-3.0,-3.0,0.0,1.7422037333073597,0.2413481473397649,-0.3403341288782816,0.3403341288782816,76.97222222222223,1,0,0,0,0
chr3,102856810,102856895,AAAAT,0,RNU1-43P,5,85,0.011764705882352941,0.3405275779376499,21909,50000,50000,21951.5,164,0.0,0.0,1.0,0.08920863309352518,0.03310928553647,17.0,1.9344984512435677,1.2304744673611585,0.0,1.0,0.8,0.2,0.0,0,1,-1.8939891875297443,-3.0,1.1060108124702557,2.6942876404754803,0.4306051198030111,-0.3287628720552969,0.3287628720552969,133.85060975609755,1,0,0,0,0
chr3,111499118,111499262,AAG,0,PLCXD2,3,144,0.3611111111111111,0.39132462686567165,404,47601,404,50000.0,171771,0.6151620471441629,4.6567e-08,0.89937,0.08442164179104478,0.020154884829229548,48.0,2.161368002234975,1.6812502850830469,0.3333333333333333,0.6666666666666666,1.0,0.0,0.0,1,0,-0.4411581489741807,-0.4758203216992444,0.03466217272506367,4.188436404866666,0.6221556022694902,-0.03021351575456055,0.03021351575456055,0.29108522393186276,1,0,0,0,0
chr3,121503982,121503987,AAGAG,0,IQCB1,5,5,0.4,0.39950124688279304,3144,3144,3144,49955.5,65694,0.7604271318537461,1.3581e-12,0.64206,0.0,0.034041489627593104,1.0,0.7781512503836436,0.00043407747931859284,0.4,0.6,1.0,0.0,0.0,0,1,-0.39685562737981767,-0.39685562737981767,0.0,0.0,-3.0,0.0004987531172069848,0.0004987531172069848,0.7604271318537461,1,0,0,0,0
chr3,121504090,121504095,CCTTT,0,IQCB1,5,5,0.4,0.4024937655860349,3036,3036,3036,49847.5,65694,0.7587831461016227,1.3581e-12,0.64206,0.021945137157107233,0.034041489627593104,1.0,0.7781512503836436,0.00043407747931859284,0.4,0.6,0.0,1.0,0.0,0,1,-0.39685562737981767,-0.39685562737981767,0.0,0.6446396076543011,-0.19000983507335914,-0.0024937655860348684,0.0024937655860348684,0.7587831461016227,1,0,0,0,0
chr3,121504719,121504724,AAAGG,0,IQCB1,5,5,0.4,0.39600997506234414,2407,2407,2407,49218.5,65694,0.7492084513045332,1.3581e-12,0.64206,0.045386533665835414,0.03329167708072982,1.0,0.7781512503836436,0.00043407747931859284,0.4,0.6,1.0,0.0,0.0,0,1,-0.39685562737981767,-0.39685562737981767,0.0,1.363258759750073,0.13489675101952733,0.003990024937655878,0.003990024937655878,0.7492084513045332,1,0,0,0,0
chr3,121504931,121504936,CTCTT,0,IQCB1,5,5,0.4,0.38952618453865334,2195,2195,2195,49006.5,65694,0.745981368161476,1.3581e-12,0.64206,0.045386533665835414,0.03239190202449388,1.0,0.7781512503836436,0.00043407747931859284,0.4,0.6,0.0,1.0,0.0,0,1,-0.39685562737981767,-0.39685562737981767,0.0,1.401125889601259,0.14678700842712544,0.01047381546134668,0.01047381546134668,0.745981368161476,1,0,0,0,0
chr3,121505017,121505062,AAAAG,0,IQCB1,5,45,0.2,0.384841075794621,2069,2069,2069,48900.5,65694,0.7443678265899474,1.3581e-12,0.64206,0.04449877750611247,0.032327263656772263,9.0,1.662757831681574,0.9542907617011269,0.2,0.8,1.0,0.0,0.0,0,1,-0.6968039425795112,-0.6968039425795112,0.0,1.37646667258576,0.13908110001950666,-0.184841075794621,0.184841075794621,0.7443678265899474,1,0,0,0,0
chr3,122258357,122258417,CTTT,0,PARP9,4,60,0.25,0.4029126213592233,902,902,3396,25938.0,37568,0.6904280238500852,4.998e-09,0.55478,0.08398058252427185,0.0514456630109671,15.0,1.7853298350107671,1.1761202110560856,0.25,0.75,0.0,1.0,0.0,0,0,-0.6003262785189619,-0.6003262785189619,0.0,1.632381530875372,0.21308764058500496,-0.1529126213592233,0.1529126213592233,0.6904280238500852,1,0,0,0,0
chr3,128305964,128306014,AAAGG,0,ENSG00000306450,5,50,0.4,0.4980487804878049,3073,33240,32797,31506.0,28408,1.0,0.0,1.0,0.09219512195121951,0.053665835411471324,10.0,1.7075701760979363,1.0000434272768626,0.4,0.6,1.0,0.0,0.0,0,1,-0.39685562737981767,-0.39685562737981767,0.0,1.7179161253751276,0.2352546857763771,-0.09804878048780485,0.09804878048780485,1.1090537876654463,1,0,0,0,0
chr3,128891420,128891502,CCTG,1,CNBP,4,82,0.7195121951219512,0.4183477425552353,0,820,0,11390.0,16190,0.7035206917850525,0.95994,0.0,0.10902977905859751,0.08903495667762175,20.5,1.919078092376074,1.3117750456357398,0.75,0.25,0.25,0.75,0.0,0,0,-0.14235866408059855,-0.1243600629958316,-0.017998601084766946,1.2245589661418328,0.08833421159294667,0.30116445256671587,0.30116445256671587,0.7035206917850525,1,1,0,0,0
chr3,134117805,134117897,CTTT,0,AC010207.1,4,92,0.2826086956521739,0.35707456978967494,10989,23663,23484,11131.0,96,1.0,0.0,1.0,0.1505736137667304,0.04320127413896078,23.0,1.9684829485539352,1.3617467179758969,0.25,0.75,0.0,1.0,0.0,0,0,-0.5472804574951052,-0.6003262785189619,0.05304582102385669,3.485316844257042,0.5423668542195855,-0.07446587413750105,0.07446587413750105,115.94791666666667,1,0,0,0,0
chr3,138664862,138664905,GCN,1,FOXL2,3,43,0.813953488372093,0.7048458149779736,0,0,429,1095.5,2913,0.3760727772056299,0.87762,0.0,0.09446891825746451,0.04884498328593524,14.333333333333334,1.6434526764861874,1.1563774994180265,1.0,0.0,0.5,0.5,0.0,1,0,-0.08886717692844144,0.00043407747931859284,-0.08930125440776003,1.9340161033193075,0.2866845835945245,0.10910767339411942,0.10910767339411942,0.3760727772056299,1,1,1,0,1
chr3,139970428,139970478,CCTTT,0,CLSTN2,5,50,0.4,0.4195121951219512,50000,50000,50000,50000.0,642212,0.4927126867763293,3.5246e-06,0.39592,0.11560975609756098,0.03620947630922693,10.0,1.7075701760979363,1.0000434272768626,0.4,0.6,0.0,1.0,0.0,0,1,-0.39685562737981767,-0.39685562737981767,0.0,3.192715696703001,0.5042962528016514,-0.01951219512195118,0.01951219512195118,0.07785591050930223,1,0,0,0,0
chr3,141197679,141197847,AAG,0,KRT18P35,3,168,0.35714285714285715,0.4128228782287823,6935,8079,7962,7019.0,1268,0.0,0.0,1.0,0.1609778597785978,0.05920269734232447,56.0,2.2278867046136734,1.7481957821955634,0.3333333333333333,0.6666666666666666,1.0,0.0,0.0,1,0,-0.4459437060560403,-0.4758203216992444,0.029876615643204096,2.7190507857608988,0.4345770127731009,-0.055680021085925124,0.055680021085925124,5.535488958990536,1,0,0,0,0
chr3,151086421,151086551,CATTT,0,MED12L,5,130,0.2076923076923077,0.3938967136150235,382,382,14793,50000.0,351787,0.8056380707644114,1.0,0.11978,0.08967136150234742,0.03641331346249379,26.0,2.1172712956557644,1.4149900512835218,0.2,0.8,0.2,0.8,0.0,0,1,-0.6804935585452406,-0.6968039425795112,0.016310384034270542,2.4625306088691636,0.39155796266548104,-0.18620440592271578,0.18620440592271578,0.1421314602301961,1,0,0,0,0
chr3,152740643,152740707,AAAG,0,HMGN2P13,4,64,0.25,0.43362403100775193,44360,50000,50000,44392.0,273,0.0,0.0,1.0,0.4171511627906977,0.15121610845295055,16.0,1.8129133566428557,1.2041471252128477,0.25,0.75,1.0,0.0,0.0,0,0,-0.6003262785189619,-0.6003262785189619,0.0,2.758624120368559,0.4408499322222258,-0.18362403100775193,0.18362403100775193,162.6080586080586,1,0,0,0,0
chr3,155015825,155015885,AAAG,0,ENSG00000242790,4,60,0.25,0.31650485436893205,3860,4404,4353,6878.0,2988,1.0,0.0,1.0,0.04660194174757282,0.05443668993020937,15.0,1.7853298350107671,1.1761202110560856,0.25,0.75,1.0,0.0,0.0,0,0,-0.6003262785189619,-0.6003262785189619,0.0,0.8560602370768818,-0.06698865332680688,-0.06650485436893205,0.06650485436893205,2.3018741633199467,1,0,0,0,0
chr3,163246862,163246934,AAAG,0,AC104637.1,4,72,0.25,0.3310810810810811,12587,50000,50000,12623.0,85,0.0,0.0,1.0,0.08542471042471042,0.04802710243124751,18.0,1.863322860120456,1.2552966319043402,0.25,0.75,1.0,0.0,0.0,0,0,-0.6003262785189619,-0.6003262785189619,0.0,1.778640131514593,0.2503321906806499,-0.08108108108108109,0.08108108108108109,148.50588235294117,1,0,0,0,0
chr3,165216647,165216782,AAAGG,0,LINC01322,5,135,0.4,0.34894613583138173,679,50000,50000,50000.0,640079,0.4569537510213583,0.0,1.0,0.21779859484777517,0.050062080953563445,27.0,2.1335389083702174,1.431379848841936,0.4,0.6,1.0,0.0,0.0,0,1,-0.39685562737981767,-0.39685562737981767,0.0,4.350483244325226,0.6386373155818649,0.05105386416861829,0.05105386416861829,0.07811535763554187,1,0,0,0,0
chr3,165578949,165579021,CTTT,0,LINC01322,4,72,0.25,0.40202702702702703,14642,23741,23699,50000.0,640079,1.0,0.0,1.0,0.19401544401544402,0.03801315265045835,18.0,1.863322860120456,1.2552966319043402,0.25,0.75,0.0,1.0,0.0,0,0,-0.6003262785189619,-0.6003262785189619,0.0,5.103768741063987,0.7079760722300329,-0.15202702702702703,0.15202702702702703,0.07811535763554187,1,0,0,0,0
chr3,181536035,181536137,AAG,0,SOX2-OT,3,102,0.3627450980392157,0.3943862987630828,0,50000,50000,50000.0,847370,0.9780709725385605,0.0,1.0,0.06660323501427212,0.1254104069246841,34.0,2.012837224705172,1.5314916902215299,0.3333333333333333,0.6666666666666666,1.0,0.0,0.0,1,0,-0.4392028506764527,-0.4758203216992444,0.03661747102279167,0.5310779668891741,-0.274024724643346,-0.03164120072386711,0.03164120072386711,0.059006101230867275,1,1,0,0,0
chr3,182824273,182824301,CTTT,0,MCCC1,4,28,0.25,0.41913214990138065,1639,7045,6918,9576.0,100857,0.0949463101222523,4.0152e-12,0.64112,0.0670611439842209,0.0755941681645696,7.0,1.462397997898956,0.8451600776519459,0.25,0.75,0.0,1.0,0.0,0,0,-0.6003262785189619,-0.6003262785189619,0.0,0.8871088670406785,-0.0515337938418655,-0.16913214990138065,0.16913214990138065,0.0949463101222523,1,0,0,0,0
chr3,184430771,184430843,CCTT,0,ENSG00000272970,4,72,0.4861111111111111,0.45415057915057916,565,1162,919,835.0,68558,0.012179468479243852,0.0,1.0,0.08301158301158301,0.05236149860502192,18.0,1.863322860120456,1.2552966319043402,0.5,0.5,0.0,1.0,0.0,0,0,-0.31237196396301214,-0.30016227413275426,-0.012209689830257886,1.5853250937804109,0.20039219431002955,0.031960531960531946,0.031960531960531946,0.012179468479243852,1,0,0,1,1
chr3,194366224,194366350,AC,0,LSG1,2,126,0.5,0.4002822201317027,88,543,3428,26905.0,31672,0.8494885071987875,4.5543e-12,0.63595,0.0761994355597366,0.03726522905694127,63.0,2.103803720955957,1.7993474429620764,0.5,0.5,0.5,0.5,0.0,0,0,-0.30016227413275426,-0.30016227413275426,0.0,2.044731583743206,0.31084865022344754,0.09971777986829727,0.09971777986829727,0.8494885071987875,1,0,0,0,0
chr3,195494334,195494397,ACC,0,MUC4,3,63,0.5714285714285714,0.5550169655841009,712,712,712,44478.5,65208,0.6821018893387314,2.7904000000000004e-54,0.83536,0.31119728550654385,0.2997557693266211,21.0,1.806179973983887,1.322239974931152,0.6666666666666666,0.3333333333333333,0.3333333333333333,0.6666666666666666,0.0,1,0,-0.24227869758155707,-0.17544030542608624,-0.06683839215547083,1.0381659977375088,0.016684927868124925,0.016411605844470545,0.016411605844470545,0.6821018893387314,1,0,0,0,0
chr4,3076604,3076667,CAG ,1,HTT,4,63,0.6507936507936508,0.6752302472127969,0,0,52,33545.5,202594,0.16557992832956553,1.0,0.11983,0.2990790111488124,0.07715695558989184,15.75,1.806179973983887,1.1973081315031024,0.6666666666666666,0.3333333333333333,0.6666666666666666,0.3333333333333333,0.0,0,0,-0.1858898743690521,-0.17544030542608624,-0.010449568942965864,3.8761914939590953,0.5885172512821574,-0.024436596419146084,0.024436596419146084,0.16557992832956553,1,1,1,0,0
chr4,4413470,4413520,AAAAC,0,NSG1,5,50,0.2,0.4917073170731707,2060,2060,3949,50000.0,70918,0.8972052229335289,0.0088286,0.56482,0.0351219512195122,0.016359102244389027,10.0,1.7075701760979363,1.0000434272768626,0.2,0.8,0.8,0.2,0.0,0,1,-0.6968039425795112,-0.6968039425795112,0.0,2.1468051174043157,0.3319948728023869,-0.2917073170731707,0.2917073170731707,0.7050396232268253,1,0,0,0,0
chr4,4774134,4774204,ATGCT,0,STX18-AS1,5,70,0.38571428571428573,0.4256038647342995,8479,50000,50000,50000.0,279378,0.8245173206193759,0.0,1.0,0.11980676328502415,0.07000498256103638,14.0,1.8512583487190752,1.1461590556048185,0.4,0.6,0.4,0.6,0.0,0,1,-0.4126097842437504,-0.39685562737981767,-0.015754156863932722,1.7113789265162842,0.23359987452666825,-0.03988957902001378,0.03988957902001378,0.17896899541123495,1,0,0,0,0
chr4,5708086,5708174,AGAT,0,EVC2,4,88,0.25,0.46360153256704983,1600,1839,1600,3145.0,166776,0.018857629395116805,1.0207e-34,0.855,0.10440613026819924,0.049532058940661094,22.0,1.9493900066449128,1.3424424210318369,0.25,0.75,0.75,0.25,0.0,0,0,-0.6003262785189619,-0.6003262785189619,0.0,2.1078070383917575,0.324036842425297,-0.21360153256704983,0.21360153256704983,0.018857629395116805,1,0,0,0,1
chr4,6513508,6513754,GGT,0,PPP2R2C,3,246,0.6097560975609756,0.5218165627782725,11416,23244,23293,50000.0,243022,0.21272148200574434,0.89954,0.14535,0.6772039180765805,0.10031611182455794,82.0,2.392696953259666,1.9138191486255922,0.6666666666666666,0.3333333333333333,0.6666666666666666,0.3333333333333333,0.0,1,0,-0.21413218849883064,-0.17544030542608624,-0.038691883072744404,6.750632128055335,0.8294087711312188,0.08793953478270311,0.08793953478270311,0.20574268996222564,1,0,0,0,0
chr4,6580719,6580971,ACC,0,MAN2B2,3,252,0.5793650793650794,0.5048845470692718,494,494,3782,3944.0,48188,0.08184610276417366,6.557e-23,0.7791,0.3650088809946714,0.09450918427809599,84.0,2.403120521175818,1.9242844562035106,0.6666666666666666,0.3333333333333333,0.3333333333333333,0.6666666666666666,0.0,1,0,-0.23629872699809668,-0.17544030542608624,-0.060858421572010435,3.8621116209088497,0.5869372568490484,0.07448053229580764,0.07448053229580764,0.08184610276417366,1,0,0,0,1
chr4,7183570,7183726,ATCC,0,SORCS2,4,156,0.4935897435897436,0.4424860853432282,10539,10648,10539,10617.0,550289,0.0,0.0031696,0.28207,0.11085343228200371,0.06350466362373487,39.0,2.1958996524092336,1.5910757426396818,0.5,0.5,0.25,0.75,0.0,0,0,-0.30575489393623195,-0.30016227413275426,-0.005592619803477694,1.7455676542300218,0.24218541292797846,0.051103658246515415,0.051103658246515415,0.019293498507148062,1,0,0,0,0
chr4,7697364,7697420,GGAT,0,SORCS2,4,56,0.5178571428571429,0.5311284046692607,1505,1505,44572,50000.0,550289,0.9142959426773931,0.0031696,0.28207,0.441147859922179,0.12006382130035899,14.0,1.7558748556724915,1.1461590556048185,0.5,0.5,0.75,0.25,0.0,0,0,-0.2849522001652093,-0.30016227413275426,0.01521007396754498,3.6742474202213296,0.5652865814120069,-0.013271261812117796,0.013271261812117796,0.09086134740109288,1,0,0,0,0
chr4,21716411,21716711,ATTTT,0,KCNIP4,5,300,0.0,0.34,3389,17351,17014,50000.0,1220166,0.19164113735344207,0.82064,0.13852,0.22130434782608696,0.06024630541871921,60.0,2.4785664955938436,1.7781584885646906,0.0,1.0,0.2,0.8,0.0,0,1,-3.0,-3.0,0.0,3.6732654894359196,0.5651705336876219,-0.34,0.34,0.040978030858096356,1,0,0,0,0
chr4,26212360,26212432,CTTT,0,RBPJ,4,72,0.2777777777777778,0.3923745173745174,1839,50000,47124,47319.0,271676,0.1741743841929357,0.99853,0.093119,0.1969111969111969,0.12460143483459546,18.0,1.863322860120456,1.2552966319043402,0.25,0.75,0.0,1.0,0.0,0,0,-0.5547418481247144,-0.6003262785189619,0.04558443039424753,1.5803158033997355,0.19901861122109604,-0.1145967395967396,0.1145967395967396,0.1741743841929357,1,0,0,0,0
chr4,28665242,28665293,AAG,0,ENSG00000286141,3,51,0.3333333333333333,0.3476352998537299,15270,50000,50000,15439.5,98094,0.15739494770322343,0.0,1.0,0.10385177961969771,0.03924991272255748,17.0,1.7160033436347992,1.2304744673611585,0.3333333333333333,0.6666666666666666,1.0,0.0,0.0,1,0,-0.4758203216992444,-0.4758203216992444,0.0,2.6458436865855135,0.42272829413176866,-0.014301966520396558,0.014301966520396558,0.15739494770322343,1,0,0,0,0
chr4,39349331,39349346,AAGAG,0,RFC1,5,15,0.4,0.3990074441687345,2235,2235,6108,18676.5,78939,0.23659407897237106,0.97305,0.18443,0.07146401985111663,0.03297526854858856,3.0,1.2041199826559248,0.4772659954248526,0.4,0.6,1.0,0.0,0.0,0,1,-0.39685562737981767,-0.39685562737981767,0.0,2.167134821388862,0.3360862844921375,0.000992555831265507,0.000992555831265507,0.23659407897237106,1,0,0,0,0
chr4,39349422,39349427,AAAGG,0,RFC1,5,5,0.4,0.4079800498753117,2326,2326,6199,18590.5,78939,0.23550463015746337,0.97305,0.18443,0.07182044887780549,0.03299175206198451,1.0,0.7781512503836436,0.00043407747931859284,0.4,0.6,1.0,0.0,0.0,0,1,-0.39685562737981767,-0.39685562737981767,0.0,2.1768553512260564,0.3380290314112685,-0.007980049875311701,0.007980049875311701,0.23550463015746337,1,0,0,0,0
chr4,39350045,39350103,AAGGG ,1,RFC1,6,58,0.1896551724137931,0.41545189504373176,2865,2865,6822,17941.0,78939,0.22727675800301497,0.97305,0.18443,0.06025267249757046,0.03290457672749028,9.666666666666666,1.7708520116421442,0.985321667871012,0.6,0.4,1.0,0.0,0.0,0,0,-0.7197514079602199,-0.22112552799726048,-0.4986258799629594,1.8310778442376794,0.2629439227186396,-0.22579672262993866,0.22579672262993866,0.22727675800301497,1,0,0,0,0
chr4,41161962,41161980,AAGGAG,0,APBB2,6,18,0.5,0.4236868186323092,16803,16846,16803,50000.0,406687,0.13956679215219567,0.065197,0.25958,0.09910802775024777,0.05300229793186133,3.0,1.2787536009528289,0.4772659954248526,0.5,0.5,1.0,0.0,0.0,0,0,-0.30016227413275426,-0.30016227413275426,0.0,1.8698464363039564,0.2720381409992862,0.07631318136769077,0.07631318136769077,0.12294467243850922,1,0,0,0,0
chr4,41747990,41748036,GCN,1,PHOX2B,3,46,0.9130434782608695,0.5953079178885631,0,0,167,2729.0,4643,0.5877665302606073,0.93755,0.0,0.11485826001955034,0.04035717848947421,15.333333333333334,1.6720978579357175,1.1856648995915253,1.0,0.0,0.5,0.5,0.0,1,0,-0.039033145710716824,0.00043407747931859284,-0.039467223190035414,2.845972348566386,0.45438324904953553,0.31773556037230644,0.31773556037230644,0.5877665302606073,1,1,1,0,1
chr4,49101451,49101536,CCATT,0,CWH43,5,85,0.4,0.4172661870503597,37341,37544,37341,50000.0,75931,1.0,7.2561e-22,0.92918,1.0,0.9670898680607418,17.0,1.9344984512435677,1.2304744673611585,0.4,0.6,0.2,0.8,0.0,0,1,-0.39685562737981767,-0.39685562737981767,0.0,1.0340289966807867,0.014952516867388327,-0.017266187050359705,0.017266187050359705,0.6584925787886371,1,0,0,0,0
chr4,49102696,49102771,CCATT,0,CWH43,5,75,0.41333333333333333,0.41012048192771083,38586,38789,38586,50000.0,75931,1.0,7.2561e-22,0.92918,1.0,0.9959153175591532,15.0,1.8808135922807914,1.1761202110560856,0.4,0.6,0.2,0.8,0.0,0,1,-0.3826501260780177,-0.39685562737981767,0.014205501301799983,1.0041004272837455,0.0022094576133588457,0.0032128514056224966,0.0032128514056224966,0.6584925787886371,1,0,0,0,0
chr4,49103135,49103210,CCATT,0,CWH43,5,75,0.41333333333333333,0.40963855421686746,39025,39228,39025,50000.0,75931,1.0,7.2561e-22,0.92918,1.0,0.994321295143213,15.0,1.8808135922807914,1.1761202110560856,0.4,0.6,0.2,0.8,0.0,0,1,-0.3826501260780177,-0.39685562737981767,0.014205501301799983,1.005710125262724,0.002904436669016296,0.003694779116465874,0.003694779116465874,0.6584925787886371,1,0,0,0,0
chr4,49103521,49103596,CCATT,0,CWH43,5,75,0.37333333333333335,0.41156626506024097,39411,39614,39411,50000.0,75931,1.0,7.2561e-22,0.92918,1.0,0.9999501867995019,15.0,1.8808135922807914,1.1761202110560856,0.4,0.6,0.2,0.8,0.0,0,1,-0.42674149845820464,-0.39685562737981767,-0.029885871078386972,1.000048815583343,0.00045525612223268986,-0.038232931726907615,0.038232931726907615,0.6584925787886371,1,0,0,0,0
chr4,49110232,49110317,CCATT,0,CWH43,5,85,0.4,0.4158273381294964,46122,46325,46122,50000.0,75931,1.0,7.2561e-22,0.92918,1.0,0.9999502116006971,17.0,1.9344984512435677,1.2304744673611585,0.4,0.6,0.2,0.8,0.0,0,1,-0.39685562737981767,-0.39685562737981767,0.0,1.0000487907797269,0.0004552453614450564,-0.015827338129496382,0.015827338129496382,0.6584925787886371,1,0,0,0,0
chr4,49111701,49111761,CCATT,0,CWH43,5,60,0.38333333333333336,0.41504854368932037,47591,47794,47591,50000.0,75931,1.0,7.2561e-22,0.92918,1.0,0.9994017946161515,12.0,1.7853298350107671,1.079217435746567,0.4,0.6,0.2,0.8,0.0,0,1,-0.4152919474249634,-0.39685562737981767,-0.018436320045145727,1.000597562251242,0.0006932588554496167,-0.03171521035598701,0.03171521035598701,0.6584925787886371,1,0,0,0,0
chr4,49112422,49112492,CCATT,0,CWH43,5,70,0.4142857142857143,0.4091787439613527,48312,48515,48312,50000.0,75931,1.0,7.2561e-22,0.92918,1.0,0.9999501743896363,14.0,1.8512583487190752,1.1461590556048185,0.4,0.6,0.2,0.8,0.0,0,1,-0.38165300824382903,-0.39685562737981767,0.015202619135988638,1.0000488279944204,0.0004552615066478702,0.005106970324361637,0.005106970324361637,0.6584925787886371,1,0,0,0,0
chr4,49112722,49112792,CCATT,0,CWH43,5,70,0.4,0.4106280193236715,48612,48815,48612,50000.0,75931,1.0,7.2561e-22,0.92918,1.0,0.9999501743896363,14.0,1.8512583487190752,1.1461590556048185,0.4,0.6,0.2,0.8,0.0,0,1,-0.39685562737981767,-0.39685562737981767,0.0,1.0000488279944204,0.0004552615066478702,-0.010628019323671467,0.010628019323671467,0.6584925787886371,1,0,0,0,0
chr4,49119480,49119540,CCATT,0,ENSG00000309878,5,60,0.43333333333333335,0.4058252427184466,43740,50000,50000,43770.0,98469,0.0,0.0,1.0,1.0,0.9994017946161515,12.0,1.7853298350107671,1.079217435746567,0.4,0.6,0.2,0.8,0.0,0,1,-0.36217683900707776,-0.39685562737981767,0.03467878837273991,1.000597562251242,0.0006932588554496167,0.027508090614886738,0.027508090614886738,0.44450537732687445,1,0,0,0,0
chr4,49120582,49120682,CCATT,0,ENSG00000309878,5,100,0.42,0.4104761904761905,42598,50000,50000,42648.0,98469,0.0,0.0,1.0,1.0,0.9999502487562189,20.0,2.0043213737826426,1.3010517098452263,0.4,0.6,0.2,0.8,0.0,0,1,-0.3757179041643317,-0.39685562737981767,0.02113772321548596,1.0000487536205807,0.0004552292403402741,0.00952380952380949,0.00952380952380949,0.43311092831246384,1,0,0,0,0
chr4,49122710,49122765,CCATT,0,ENSG00000309878,5,55,0.38181818181818183,0.40389294403892945,40515,50000,50000,40542.5,98469,0.0,0.0,1.0,1.0,0.99950137122912,11.0,1.7481880270062005,1.0414321646802651,0.4,0.6,0.2,0.8,0.0,0,1,-0.41700744373795995,-0.39685562737981767,-0.020151816358142283,1.000497876528565,0.0006500327979381056,-0.022074762220747612,0.022074762220747612,0.41172856431973515,1,0,0,0,0
chr4,49123250,49123305,CCATT,0,ENSG00000309878,5,55,0.4,0.40340632603406323,39975,50000,50000,40002.5,98469,0.0,0.0,1.0,1.0,0.999950137122912,11.0,1.7481880270062005,1.0414321646802651,0.4,0.6,0.2,0.8,0.0,0,1,-0.39685562737981767,-0.39685562737981767,0.0,1.0000488652647854,0.00045527767600256217,-0.0034063260340632118,0.0034063260340632118,0.40624460490103487,1,0,0,0,0
chr4,49124266,49124356,CCATT,0,ENSG00000309878,5,90,0.4,0.4133971291866029,38924,50000,50000,38969.0,98469,0.0,0.0,1.0,1.0,0.9982080637132902,18.0,1.9590413923210936,1.2552966319043402,0.4,0.6,0.2,0.8,0.0,0,1,-0.39685562737981767,-0.39685562737981767,0.0,1.0017941494941427,0.001211791530871664,-0.013397129186602852,0.013397129186602852,0.39574891590246675,1,0,0,0,0
chr4,49124671,49124751,CCATT,0,ENSG00000309878,5,80,0.4,0.41442307692307695,38529,50000,50000,38569.0,98469,0.0,0.0,1.0,1.0,0.9999501992031873,16.0,1.9084850188786497,1.2041471252128477,0.4,0.6,0.2,0.8,0.0,0,1,-0.39685562737981767,-0.39685562737981767,0.0,1.0000488031784467,0.000455250740499125,-0.014423076923076927,0.014423076923076927,0.39168672374046654,1,0,0,0,0
chr4,49131562,49131652,CCATT,0,ENSG00000309878,5,90,0.4,0.41244019138755983,31628,50000,50000,31673.0,98469,0.0,0.0,1.0,1.0,0.9992035838725735,18.0,1.9590413923210936,1.2552966319043402,0.4,0.6,0.2,0.8,0.0,0,1,-0.39685562737981767,-0.39685562737981767,0.0,1.0007960493178922,0.0007793146734971821,-0.012440191387559807,0.012440191387559807,0.32165453086758267,1,0,0,0,0
chr4,49134480,49134570,CCATT,0,ENSG00000309878,5,90,0.4,0.40956937799043064,28710,50000,50000,28755.0,98469,0.0,0.0,1.0,1.0,0.9999502239920358,18.0,1.9590413923210936,1.2552966319043402,0.4,0.6,0.2,0.8,0.0,0,1,-0.39685562737981767,-0.39685562737981767,0.0,1.0000487783871792,0.0004552399850686539,-0.009569377990430616,0.009569377990430616,0.29202083904579107,1,0,0,0,0
chr4,49140970,49141060,CCATT,0,ENSG00000309878,5,90,0.4,0.42105263157894735,22220,50000,50000,22265.0,98469,0.0,0.0,1.0,1.0,0.9999502239920358,18.0,1.9590413923210936,1.2552966319043402,0.4,0.6,0.2,0.8,0.0,0,1,-0.39685562737981767,-0.39685562737981767,0.0,1.0000487783871792,0.0004552399850686539,-0.021052631578947323,0.021052631578947323,0.22611177121733744,1,0,0,0,0
chr4,49151395,49151475,CCATT,0,ENSG00000309878,5,80,0.4,0.41009615384615383,11805,50000,50000,11845.0,98469,0.0,0.0,1.0,1.0,0.8650896414342629,16.0,1.9084850188786497,1.2041471252128477,0.4,0.6,0.2,0.8,0.0,0,1,-0.39685562737981767,-0.39685562737981767,0.0,1.1559482349064212,0.06331392783902097,-0.01009615384615381,0.01009615384615381,0.12029166539723161,1,0,0,0,0
chr4,49152534,49152619,CCATT,0,ENSG00000309878,5,85,0.38823529411764707,0.40575539568345326,10661,50000,50000,10703.5,98469,0.0,0.0,1.0,1.0,0.8090614886731392,17.0,1.9344984512435677,1.2304744673611585,0.4,0.6,0.2,0.8,0.0,0,1,-0.4097877867346784,-0.39685562737981767,-0.01293215935486075,1.235998472305888,0.09236916327541607,-0.01752010156580619,0.01752010156580619,0.10869918451492348,1,0,0,0,0
chr4,49158462,49158552,CCATT,0,ENSG00000309878,5,90,0.4111111111111111,0.3626794258373206,4728,50000,50000,4773.0,98469,0.0,0.0,1.0,0.5976076555023924,0.5424091587854654,18.0,1.9590413923210936,1.2552966319043402,0.4,0.6,0.2,0.8,0.0,0,1,-0.38498567611071477,-0.39685562737981767,0.011869951269102896,1.1017633903474857,0.042482339920149825,0.04843168527379049,0.04843168527379049,0.04847210797306767,1,0,0,0,1
chr4,49635690,49635750,AATGG,0,ENSG00000294903,5,60,0.4166666666666667,0.4033980582524272,30834,50000,50000,50000.0,80768,1.0,0.0,1.0,1.0,0.6250747756729811,12.0,1.7853298350107671,1.079217435746567,0.4,0.6,0.8,0.2,0.0,0,1,-0.3791701837255124,-0.39685562737981767,0.017685443654305244,1.5998060377933552,0.2043387136687546,0.013268608414239491,0.013268608414239491,0.6190570522979397,1,0,0,0,0
chr4,49635934,49636049,AATGG,0,ENSG00000294903,5,115,0.3826086956521739,0.40472813238770683,31078,50000,50000,50000.0,80768,1.0,0.0,1.0,1.0,0.6377827491921452,23.0,2.0644579892269186,1.3617467179758969,0.4,0.6,0.8,0.2,0.0,0,1,-0.4161115567908611,-0.39685562737981767,-0.019255929411043426,1.567929570589811,0.19560344850043082,-0.022119436735532905,0.022119436735532905,0.6190570522979397,1,0,0,0,0
chr4,49636817,49636877,AATGG,0,ENSG00000294903,5,60,0.38333333333333336,0.408252427184466,31961,50000,50000,50000.0,80768,1.0,0.0,1.0,1.0,0.6810568295114656,12.0,1.7853298350107671,1.079217435746567,0.4,0.6,0.8,0.2,0.0,0,1,-0.4152919474249634,-0.39685562737981767,-0.018436320045145727,1.4683040949948656,0.16711168899017473,-0.024919093851132668,0.024919093851132668,0.6190570522979397,1,0,0,0,0
chr4,49637542,49637647,AATGG,0,ENSG00000294903,5,105,0.38095238095238093,0.40712589073634203,32686,50000,50000,50000.0,80768,1.0,0.0,1.0,1.0,0.7175826908729172,21.0,2.0253058652647704,1.322239974931152,0.4,0.6,0.8,0.2,0.0,0,1,-0.41799077839384086,-0.39685562737981767,-0.02113515101402319,1.393565674247045,0.14443897130303113,-0.026173509783961102,0.026173509783961102,0.6190570522979397,1,0,0,0,0
chr4,49644616,49644731,AATGG,0,ENSG00000294903,5,115,0.391304347826087,0.40472813238770683,39760,50000,50000,50000.0,80768,1.0,0.0,1.0,1.0,0.9999005717126522,23.0,2.0644579892269186,1.3617467179758969,0.4,0.6,0.8,0.2,0.0,0,1,-0.406376878649933,-0.39685562737981767,-0.009521251270115327,1.0000984379764293,0.0004767837411052176,-0.013423784561619856,0.013423784561619856,0.6190570522979397,1,0,0,0,0
chr4,53701994,53702044,AAAAT,0,ENSG00000293643,5,50,0.0,0.42585365853658536,19273,26631,26440,50000.0,154427,0.7994586438899933,0.0,1.0,0.09170731707317073,0.03511221945137157,10.0,1.7075701760979363,1.0000434272768626,0.0,1.0,0.8,0.2,0.0,0,1,-3.0,-3.0,0.0,2.6117604282961446,0.41709958981192574,-0.42585365853658536,0.42585365853658536,0.3237775777551853,1,0,0,0,0
chr4,58205358,58205458,CCTTT,0,ENSG00000302037,5,100,0.43,0.36857142857142855,12511,50000,50000,14394.0,1833,1.0,0.0,1.0,0.22428571428571428,0.037960199004975125,20.0,2.0043213737826426,1.3010517098452263,0.4,0.6,0.0,1.0,0.0,0,1,-0.3655227298392684,-0.39685562737981767,0.03133289754054924,5.908288467293138,0.7715351909774237,0.061428571428571443,0.061428571428571443,7.852700490998363,1,0,0,0,0
chr4,73415679,73415835,AAG,0,ADAMTS3,3,156,0.391025641025641,0.3529684601113173,1078,1078,18645,19181.0,288252,0.06654246978338399,1.0278e-10,0.44081,0.09137291280148423,0.027584838261559833,52.0,2.1958996524092336,1.716011695371454,0.3333333333333333,0.6666666666666666,1.0,0.0,0.0,1,0,-0.4066855263679028,-0.4758203216992444,0.06913479533134159,3.312312351544889,0.5202623794853589,0.03805718091432375,0.03805718091432375,0.06654246978338399,1,0,0,0,0
chr4,73416533,73416539,AAGGAG,0,ADAMTS3,6,6,0.5,0.3664007976071785,1932,1932,17941,18402.0,288252,0.06383997335664626,1.0278e-10,0.44081,0.08673978065802593,0.028841347595721285,1.0,0.8450980400142568,0.00043407747931859284,0.5,0.5,1.0,0.0,0.0,0,0,-0.30016227413275426,-0.30016227413275426,0.0,3.007375886104834,0.47833209889509165,0.13359920239282153,0.13359920239282153,0.06383997335664626,1,0,0,0,0
chr4,74502248,74502320,AAAG,0,RASSF6,4,72,0.25,0.34025096525096526,15900,16031,15900,15936.0,49081,0.0,2.7376e-26,1.5923,0.16505791505791506,0.05136508569151056,18.0,1.863322860120456,1.2552966319043402,0.25,0.75,1.0,0.0,0.0,0,0,-0.6003262785189619,-0.6003262785189619,0.0,3.213363697775295,0.5070950146179315,-0.09025096525096526,0.09025096525096526,0.3246877610480634,1,0,0,0,0
chr4,77529685,77529765,AGCAT,0,SHROOM3,5,80,0.4,0.42980769230769234,15537,30951,30905,50000.0,348024,0.4980777187780153,0.31709,0.22852,0.12163461538461538,0.04651394422310757,16.0,1.9084850188786497,1.2041471252128477,0.4,0.6,0.6,0.4,0.0,0,1,-0.39685562737981767,-0.39685562737981767,0.0,2.6149577821957286,0.41763073081913243,-0.029807692307692313,0.029807692307692313,0.1436682527641772,1,0,0,0,0
chr4,83922109,83922114,AAAGG,0,LIN54,5,5,0.4,0.47880299251870323,1648,16112,9523,12024.5,103010,0.11673138530239782,0.99994,0.054796,0.085785536159601,0.07393151712071983,1.0,0.7781512503836436,0.00043407747931859284,0.4,0.6,1.0,0.0,0.0,0,1,-0.39685562737981767,-0.39685562737981767,0.0,1.1603221356514497,0.06495270408878386,-0.07880299251870321,0.07880299251870321,0.11673138530239782,1,0,0,0,0
chr4,83923427,83923432,CCTTT,0,LIN54,5,5,0.4,0.47830423940149625,330,17430,8205,10706.5,103010,0.10393651101834774,0.99994,0.054796,0.17805486284289276,0.07218195451137216,1.0,0.7781512503836436,0.00043407747931859284,0.4,0.6,0.0,1.0,0.0,0,1,-0.39685562737981767,-0.39685562737981767,0.0,2.4667161942621907,0.39229521113380206,-0.07830423940149622,0.07830423940149622,0.10393651101834774,1,0,0,0,0
chr4,87763942,87764030,CTTT,0,SLC10A6,4,88,0.25,0.4166666666666667,5862,5862,6239,6551.0,25916,0.2527782065133508,4.5131e-09,0.97794,0.1206896551724138,0.05157307845479889,22.0,1.9493900066449128,1.3424424210318369,0.25,0.75,0.0,1.0,0.0,0,0,-0.6003262785189619,-0.6003262785189619,0.0,2.340122379078279,0.3694241164600748,-0.16666666666666669,0.16666666666666669,0.2527782065133508,1,0,0,0,0
chr4,102027530,102027610,AAAG,0,PPP3CA,4,80,0.25,0.37403846153846154,1621,2501,1621,50000.0,324869,0.7445000908058325,0.99988,0.033252,0.12596153846153846,0.04198207171314741,20.0,1.9084850188786497,1.3010517098452263,0.25,0.75,1.0,0.0,0.0,0,0,-0.6003262785189619,-0.6003262785189619,0.0,3.0002935307397327,0.4773084721147991,-0.12403846153846154,0.12403846153846154,0.15390819068609193,1,0,0,0,0
chr4,106481467,106481472,CCATT,0,ARHGEF38,5,5,0.4,0.3825436408977556,1276,7349,7545,7692.5,155473,0.049478044419288235,1.1352e-09,0.6238,0.020448877805486283,0.04263934016495876,1.0,0.7781512503836436,0.00043407747931859284,0.4,0.6,0.2,0.8,0.0,0,1,-0.39685562737981767,-0.39685562737981767,0.0,0.47956647921610357,-0.3182465256652631,0.017456359102244412,0.017456359102244412,0.049478044419288235,1,0,0,0,0
chr4,106482057,106482062,AATGG,0,ARHGEF38,5,5,0.4,0.3596009975062344,686,7939,8135,8282.5,155473,0.053272915554469266,1.1352e-09,0.6238,0.0882793017456359,0.03624093976505874,1.0,0.7781512503836436,0.00043407747931859284,0.4,0.6,0.8,0.2,0.0,0,1,-0.39685562737981767,-0.39685562737981767,0.0,2.435832693225404,0.386825712646655,0.0403990024937656,0.0403990024937656,0.053272915554469266,1,0,0,0,0
chr4,106482557,106482697,AATAG,0,ARHGEF38,5,140,0.21428571428571427,0.3602803738317757,51,8439,8635,8850.0,155473,0.05692306702771542,1.1352e-09,0.6238,0.09205607476635513,0.03733862959285005,28.0,2.14921911265538,1.4471735415824631,0.2,0.8,0.8,0.2,0.0,0,1,-0.6669847876996251,-0.6968039425795112,0.029819154879886067,2.4653719324516925,0.39205856943386314,-0.14599465954606142,0.14599465954606142,0.05692306702771542,1,0,0,0,0
chr4,129571817,129571872,ATTTT,0,ENSG00000289243,5,55,0.0,0.3907542579075426,2965,50000,50000,2992.5,74826,0.0,0.0,1.0,0.08223844282238443,0.05275492395911244,11.0,1.7481880270062005,1.0414321646802651,0.0,1.0,0.2,0.8,0.0,0,1,-3.0,-3.0,0.0,1.5588475502034977,0.19308215518736735,-0.3907542579075426,0.3907542579075426,0.039992783257156606,1,0,0,0,1
chr4,138243864,138243897,AAG,0,SERF1AP1,3,33,0.3333333333333333,0.3546483030004919,21523,50000,50000,21539.5,186,0.0,0.0,1.0,0.03787506148548942,0.03269605151500025,11.0,1.5314789170422551,1.0414321646802651,0.3333333333333333,0.6666666666666666,1.0,0.0,0.0,1,0,-0.4758203216992444,-0.4758203216992444,0.0,1.1583632080132267,0.06421951406962585,-0.021314969667158568,0.021314969667158568,115.80376344086021,1,0,0,0,0
chr4,138816633,138816838,AAGGG,0,ENSG00000250126,5,205,0.5609756097560976,0.41768707482993195,41795,50000,50000,41897.5,251716,0.0,0.0,1.0,0.11428571428571428,0.045186834941846075,41.0,2.3138672203691533,1.6127944491388992,0.6,0.4,1.0,0.0,0.0,0,1,-0.2502825327907232,-0.22112552799726048,-0.029157004793462726,2.5291256913014943,0.40314209654449595,0.14328853492616567,0.14328853492616567,0.16644750433027697,1,0,0,0,0
chr4,140072186,140072246,AAAG,0,ELF2,4,60,0.25,0.3883495145631068,736,13331,736,26162.0,149112,0.17545200922796286,0.99482,0.081879,0.07718446601941747,0.035942173479561315,15.0,1.7853298350107671,1.1761202110560856,0.25,0.75,1.0,0.0,0.0,0,0,-0.6003262785189619,-0.6003262785189619,0.0,2.147402651112806,0.3321156796199358,-0.1383495145631068,0.1383495145631068,0.17545200922796286,1,0,0,0,0
chr4,140236162,140236207,AGGTT,0,NAA15,5,45,0.4,0.4039119804400978,3325,13177,12444,13584.5,118587,0.11455302857817468,0.99578,0.14885,0.08264058679706601,0.06295834372661512,9.0,1.662757831681574,0.9542907617011269,0.4,0.6,0.6,0.4,0.0,0,1,-0.39685562737981767,-0.39685562737981767,0.0,1.3126024177747415,0.1184639391246822,-0.003911980440097773,0.003911980440097773,0.11455302857817468,1,0,0,0,0
chr4,140493351,140493372,CTT,0,SETD7,3,21,0.3333333333333333,0.44680851063829785,3255,16060,15428,34491.5,113725,0.30328863486480545,0.0042257,0.39262,0.12320633349826818,0.05444283502322561,7.0,1.3424226808222062,0.8451600776519459,0.3333333333333333,0.6666666666666666,0.0,1.0,0.0,1,0,-0.4758203216992444,-0.4758203216992444,0.0,2.2629988031832924,0.35487619293539047,-0.11347517730496454,0.11347517730496454,0.30328863486480545,1,0,0,0,0
chr4,141283431,141283455,CTT,0,SCOC,3,24,0.3333333333333333,0.42737154150197626,409,16820,1679,50000.0,128442,0.8175129630494699,0.011142,0.52667,0.02766798418972332,0.03840391530163804,8.0,1.3979400086720377,0.9031442704095386,0.3333333333333333,0.6666666666666666,0.0,1.0,0.0,1,0,-0.4758203216992444,-0.4758203216992444,0.0,0.7204282048903056,-0.14180688254888396,-0.09403820816864294,0.09403820816864294,0.3892807648588468,1,0,0,0,0
chr4,141283982,141283988,AAGGAG,0,SCOC,6,6,0.5,0.40079760717846463,10,16287,1146,50000.0,128442,0.8217327665405397,0.011142,0.52667,0.018444666001994018,0.03843846845946216,1.0,0.8450980400142568,0.00043407747931859284,0.5,0.5,1.0,0.0,0.0,0,0,-0.30016227413275426,-0.30016227413275426,0.0,0.4798366559476638,-0.3180024318768149,0.09920239282153537,0.09920239282153537,0.3892807648588468,1,0,0,0,0
chr4,141921147,141921261,AAG,0,RNF150,3,114,0.34210526315789475,0.3760643330179754,2959,32120,2959,50000.0,353070,0.6027898150508397,0.00073035,0.45554,0.10785241248817408,0.03793377746842995,38.0,2.060697840353612,1.579795025268589,0.3333333333333333,0.6666666666666666,1.0,0.0,0.0,1,0,-0.464572619912642,-0.4758203216992444,0.011247701786602393,2.8431012302083736,0.45394505019362463,-0.03395906986008068,0.03395906986008068,0.14161497719998867,1,0,0,0,0
chr4,141921237,141921243,AAGGAG,0,RNF150,6,6,0.5,0.3698903290129611,3049,32210,3049,50000.0,353070,0.6026878522672557,0.00073035,0.45554,0.10319042871385843,0.03813855843247026,1.0,0.8450980400142568,0.00043407747931859284,0.5,0.5,1.0,0.0,0.0,0,0,-0.30016227413275426,-0.30016227413275426,0.0,2.7056010335454452,0.43242424332152185,0.1301096709870389,0.1301096709870389,0.14161497719998867,1,0,0,0,0
chr4,141921701,141921707,CTCCTT,0,RNF150,6,6,0.5,0.353938185443669,3513,32674,3513,50000.0,353070,0.6013736652788398,0.00073035,0.45554,0.11415752741774676,0.0371888433469959,1.0,0.8450980400142568,0.00043407747931859284,0.5,0.5,0.0,1.0,0.0,0,0,-0.30016227413275426,-0.30016227413275426,0.0,3.0695888216740257,0.48722166455973687,0.146061814556331,0.146061814556331,0.14161497719998867,1,0,0,0,0
chr4,154165472,154165589,CTT,0,TRIM2,3,117,0.3418803418803419,0.43977326405290507,6363,13168,6363,50000.0,187156,0.49271997691765157,0.99603,0.11778,0.15918752952290977,0.051796987622408905,39.0,2.0718820073061255,1.5910757426396818,0.3333333333333333,0.6666666666666666,0.0,1.0,0.0,1,0,-0.4648574132741553,-0.4758203216992444,0.010962908425089068,3.073237722734268,0.4877374473146401,-0.09789292217256318,0.09789292217256318,0.26715681036140976,1,0,0,0,0
chr4,156935032,156935182,AAG,0,ENSG00000289320,3,150,0.34,0.41069767441860466,619,50000,50000,34881.0,36516,0.9552251068024975,0.0,1.0,0.14418604651162792,0.052258064516129035,50.0,2.1789769472931693,1.698978690138799,0.3333333333333333,0.6666666666666666,1.0,0.0,0.0,1,0,-0.4672456210075022,-0.4758203216992444,0.008574700691742154,2.7590629079693323,0.4409189807147097,-0.07069767441860464,0.07069767441860464,0.9552251068024975,1,0,0,0,0
chr4,157746745,157746793,AAG,0,PDGFC,3,48,0.3333333333333333,0.4013671875,10274,14576,14576,50000.0,211345,0.6916747498166504,0.99374,0.0,0.1103515625,0.05566640063846768,16.0,1.6901960800285136,1.2041471252128477,0.3333333333333333,0.6666666666666666,1.0,0.0,0.0,1,0,-0.4758203216992444,-0.4758203216992444,0.0,1.9823372608446188,0.29739657102306694,-0.06803385416666669,0.06803385416666669,0.23657999952684,1,0,0,0,0
chr4,157746902,157746908,CTCCTT,0,PDGFC,6,6,0.5,0.39930209371884345,10159,14733,14733,50000.0,211345,0.6910312522179375,0.99374,0.0,0.11266201395812563,0.058832350294911524,1.0,0.8450980400142568,0.00043407747931859284,0.5,0.5,0.0,1.0,0.0,0,0,-0.30016227413275426,-0.30016227413275426,0.0,1.9149345293679412,0.28238066443979354,0.10069790628115655,0.10069790628115655,0.23657999952684,1,0,0,0,0
chr4,160376375,160376400,AAAAT,0,ENSG00000306419,5,25,0.0,0.4074074074074074,20051,50000,50000,20148.5,76236,0.2642911485387481,0.0,1.0,0.3135802469135803,0.06416978776529339,5.0,1.414973347970818,0.6990568545476679,0.0,1.0,0.8,0.2,0.0,0,1,-3.0,-3.0,0.0,4.8866510422235985,0.6891001915375641,-0.4074074074074074,0.4074074074074074,0.2642911485387481,1,0,0,0,0
chr4,169218449,169218533,AAAG,0,DDX60,4,84,0.25,0.34452975047984646,47,47,74,21543.0,102592,0.2099871334996881,5.2091e-16,0.45332,0.15019193857965452,0.05018920533758216,21.0,1.9294189257142929,1.322239974931152,0.25,0.75,1.0,0.0,0.0,0,0,-0.6003262785189619,-0.6003262785189619,0.0,2.992455152742553,0.4761727560302801,-0.09452975047984646,0.09452975047984646,0.2099871334996881,1,0,0,0,0
chr4,179874643,179874748,ACC,0,.,3,105,0.5714285714285714,0.460332541567696,50000,50000,50000,50000.0,0,-1.0,0.0,1.0,0.4807600950118765,0.10435215120616761,35.0,2.0253058652647704,1.5440804525867846,0.6666666666666666,0.3333333333333333,0.3333333333333333,0.6666666666666666,0.0,1,0,-0.24227869758155707,-0.17544030542608624,-0.06683839215547083,4.607049135124364,0.6635171012744461,0.11109602986087541,0.11109602986087541,50000.0,0,0,0,0,0
chr4,182526635,182526723,AAAG,0,ENSG00000299420,4,88,0.25,0.4315134099616858,13513,50000,50000,50000.0,506796,0.13201564337524369,0.0,1.0,0.10727969348659004,0.035145360414177616,22.0,1.9493900066449128,1.3424424210318369,0.25,0.75,1.0,0.0,0.0,0,0,-0.6003262785189619,-0.6003262785189619,0.0,3.052369924577303,0.48477942351591324,-0.1815134099616858,0.1815134099616858,0.0986590265116536,1,0,0,0,0
chr4,186748401,186748797,ATC,0,SORBS2,3,396,0.3611111111111111,0.41903171953255425,1553,50000,14089,50000.0,371208,0.34807170104092583,0.035916,0.25695,0.4524207011686144,0.07579917630908022,132.0,2.598790506763115,2.120577221303099,0.3333333333333333,0.6666666666666666,0.3333333333333333,0.6666666666666666,0.0,1,0,-0.4411581489741807,-0.4758203216992444,0.03466217272506367,5.96859695053794,0.7759450098452255,-0.05792060842144314,0.05792060842144314,0.1346953729445486,1,0,0,0,0
chr5,3067370,3067434,CTTT,0,ENSG00000295848,4,64,0.265625,0.4937015503875969,13681,50000,50000,25373.0,11660,1.0,0.0,1.0,0.12160852713178294,0.04101874003189793,16.0,1.8129133566428557,1.2041471252128477,0.25,0.75,0.0,1.0,0.0,0,0,-0.5740991315425148,-0.6003262785189619,0.026227146976447124,2.9646342721142855,0.47211759193980807,-0.2280765503875969,0.2280765503875969,2.176072041166381,1,0,0,0,0
chr5,9353435,9353505,AAAGG,0,SEMA5A,5,70,0.4,0.3966183574879227,9882,15511,26554,50000.0,511109,0.37718764490548984,1.5403e-05,0.33273,0.23816425120772947,0.046537120079720974,14.0,1.8512583487190752,1.1461590556048185,0.4,0.6,1.0,0.0,0.0,0,1,-0.39685562737981767,-0.39685562737981767,0.0,5.117616500188406,0.7091525923181542,0.003381642512077343,0.003381642512077343,0.09782649102246292,1,0,0,0,0
chr5,9426548,9426588,AAAAT,0,SEMA5A,5,40,0.0,0.4068627450980392,3198,46490,3198,50000.0,511109,0.23416922809028995,1.5403e-05,0.33273,0.045588235294117645,0.032385229540918166,8.0,1.6127838567197355,0.9031442704095386,0.0,1.0,0.8,0.2,0.0,0,1,-3.0,-3.0,0.0,1.407642567237396,0.1488008080354311,-0.4068627450980392,0.4068627450980392,0.09782649102246292,1,0,0,0,0
chr5,13427688,13427764,AAAG,0,.,4,76,0.25,0.4094412331406551,50000,50000,50000,50000.0,0,-1.0,0.0,1.0,0.07996146435452794,0.03038453875273959,19.0,1.8864907251724818,1.2787764579556449,0.25,0.75,1.0,0.0,0.0,0,0,-0.6003262785189619,-0.6003262785189619,0.0,2.631563159212326,0.42037879937066813,-0.15944123314065511,0.15944123314065511,50000.0,0,0,0,0,0
chr5,17883973,17884025,CTTT,0,LINC02223,4,52,0.25,0.47368421052631576,776,50000,50000,50000.0,271273,0.7347063659118305,0.0,1.0,0.1232943469785575,0.041242768801117095,13.0,1.7242758696007892,1.1139767582898465,0.25,0.75,0.0,1.0,0.0,0,0,-0.6003262785189619,-0.6003262785189619,0.0,2.989405443840478,0.47573007464060485,-0.22368421052631576,0.22368421052631576,0.18431616858294042,1,0,0,0,0
chr5,52468203,52468273,CCTTT,0,RPL13AP13,5,70,0.4,0.3642512077294686,34118,50000,50000,34153.0,615,0.0,0.0,1.0,0.10338164251207729,0.0395615346287992,14.0,1.8512583487190752,1.1461590556048185,0.4,0.6,0.0,1.0,0.0,0,1,-0.39685562737981767,-0.39685562737981767,0.0,2.6131197983665464,0.41732548629630994,0.035748792270531404,0.035748792270531404,55.53333333333333,1,0,0,0,0
chr5,61894218,61894258,CTTT,0,IPO11,4,40,0.25,0.4083333333333333,2798,3333,6754,50000.0,226431,0.8607169513008378,0.0016626,0.28208,0.11372549019607843,0.03502994011976048,10.0,1.6127838567197355,1.0000434272768626,0.25,0.75,0.0,1.0,0.0,0,0,-0.6003262785189619,-0.6003262785189619,0.0,3.24642986477909,0.5115397803244824,-0.15833333333333333,0.15833333333333333,0.2208178208814164,1,0,0,0,0
chr5,62500875,62500890,GGT,0,.,3,15,0.6666666666666666,0.39602977667493794,50000,50000,50000,50000.0,0,-1.0,0.0,1.0,0.021339950372208438,0.030427179615288534,5.0,1.2041199826559248,0.6990568545476679,0.6666666666666666,0.3333333333333333,0.6666666666666666,0.3333333333333333,0.0,1,0,-0.17544030542608624,-0.17544030542608624,0.0,0.7013219535974559,-0.15346375593624542,0.2706368899917287,0.2706368899917287,50000.0,0,0,0,0,0
chr5,77756541,77756553,CTTT,0,SCAMP1,4,12,0.25,0.3996023856858847,1356,1356,1356,50000.0,120624,0.8340711632842552,0.977,0.062562,0.060139165009940355,0.04567259644213472,3.0,1.1139433523068367,0.4772659954248526,0.25,0.75,0.0,1.0,0.0,0,0,-0.6003262785189619,-0.6003262785189619,0.0,1.3167162145011397,0.1198218899647232,-0.1496023856858847,0.1496023856858847,0.4145112083830747,1,0,0,0,0
chr5,78476183,78476193,AAAAG,0,DMGDH,5,10,0.2,0.43980099502487563,10025,49244,48071,50000.0,239064,0.23287906167386138,2.0503e-24,0.89808,0.3776119402985075,0.17711144427786107,2.0,1.0413926851582251,0.30124708863621136,0.2,0.8,1.0,0.0,0.0,0,1,-0.6968039425795112,-0.6968039425795112,0.0,2.1320463496404285,0.3290002924744525,-0.23980099502487562,0.23980099502487562,0.20914901448984372,1,0,0,0,0
chr5,78476193,78476213,AAAGG,0,DMGDH,5,20,0.4,0.4386138613861386,10035,49254,48081,50000.0,239064,0.23281631696951444,2.0503e-24,0.89808,0.3712871287128713,0.17702297702297703,4.0,1.3222192947339193,0.6021685513789972,0.4,0.6,1.0,0.0,0.0,0,1,-0.39685562737981767,-0.39685562737981767,0.0,2.0973832751745243,0.3218848161219649,-0.03861386138613859,0.03861386138613859,0.20914901448984372,1,0,0,0,0
chr5,81289181,81289241,CTTTT,0,ATG10,5,60,0.18333333333333332,0.38106796116504854,881,5683,5792,21777.0,305242,0.07134339311103977,2.1789e-08,0.8536,0.11165048543689321,0.09790628115653041,12.0,1.7853298350107671,1.079217435746567,0.2,0.8,0.0,1.0,0.0,0,1,-0.7343961234149642,-0.6968039425795112,-0.037592180835453015,1.1403695835286314,0.05742629481037562,-0.19773462783171522,0.19773462783171522,0.07134339311103977,1,0,0,0,0
chr5,82927310,82927422,AAAG,0,HAPLN1,4,112,0.25892857142857145,0.4247159090909091,6202,9893,6202,50000.0,85723,1.0,0.60242,0.18877,0.10795454545454546,0.027744630071599045,28.0,2.05307844348342,1.4471735415824631,0.25,0.75,1.0,0.0,0.0,0,0,-0.5851459800920026,-0.6003262785189619,0.015180298426959338,3.890866604072898,0.5901579461626343,-0.16578733766233766,0.16578733766233766,0.583274033806563,1,0,0,0,0
chr5,116062116,116062201,ATTTT,0,ENSG00000302481,5,85,0.0,0.4119904076738609,466,50000,50000,13425.5,12917,1.0,0.0,1.0,0.11990407673860912,0.03410505352252925,17.0,1.9344984512435677,1.2304744673611585,0.0,1.0,0.2,0.8,0.0,0,1,-3.0,-3.0,0.0,3.515624481718611,0.5461259952078749,-0.4119904076738609,0.4119904076738609,1.0393667260199737,1,0,0,0,0
chr5,121297393,121297445,AC,0,SRFBP1,2,52,0.4807692307692308,0.46588693957115007,215,283,215,241.0,113605,0.0,7.1253e-12,0.85726,0.03216374269005848,0.03441053261520048,26.0,1.7242758696007892,1.4149900512835218,0.5,0.5,0.5,0.5,0.0,0,0,-0.31716094060552896,-0.30016227413275426,-0.016998666472774704,0.9346791684556038,-0.028873039354538773,0.01488229119808071,0.01488229119808071,0.002121385502398662,1,0,0,1,1
chr5,126583012,126583177,AAG,0,ENSG00000286615,3,165,0.3333333333333333,0.3302540415704388,6450,50000,43311,44107.5,59551,0.7406676630115363,0.0,1.0,0.2304849884526559,0.055591371187701466,55.0,2.220108088040055,1.7403705856857679,0.3333333333333333,0.6666666666666666,1.0,0.0,0.0,1,0,-0.4758203216992444,-0.4758203216992444,0.0,4.145982326863679,0.6177321845412697,0.0030792917628945093,0.0030792917628945093,0.7406676630115363,1,0,0,0,0
chr5,134835981,134836051,AAAAT,0,ENSG00000250167,5,70,0.0,0.4260869565217391,9225,34616,33921,23413.0,161318,0.14513569471478693,0.0,1.0,0.06859903381642513,0.024514200298953664,14.0,1.8512583487190752,1.1461590556048185,0.0,1.0,0.8,0.2,0.0,0,1,-3.0,-3.0,0.0,2.798224488475952,0.44703772883304377,-0.4260869565217391,0.4260869565217391,0.14513569471478693,1,0,0,0,0
chr5,146258291,146258322,CAG ,1,PPP2R2B,4,31,0.6774193548387096,0.5883801083210242,0,533,0,50000.0,504042,0.40877645116875183,0.98467,0.093025,0.05957656326932546,0.03524536967700065,7.75,1.505149978319906,0.8893577368889315,0.6666666666666666,0.3333333333333333,0.6666666666666666,0.3333333333333333,0.0,0,0,-0.16850177045101217,-0.17544030542608624,0.006938534975074073,1.6902893493794628,0.22821791397792912,0.08903924651768547,0.08903924651768547,0.09919808269945758,1,1,0,0,0
chr5,147144453,147144485,AAAG,0,JAKMIP2,4,32,0.25,0.390255905511811,17534,17534,17534,17869.0,197337,0.09055068233529445,1.0,0.077004,0.12007874015748031,0.04328075079872205,8.0,1.5185139398778875,0.9031442704095386,0.25,0.75,1.0,0.0,0.0,0,0,-0.6003262785189619,-0.6003262785189619,0.0,2.7743503426165885,0.4433178134988438,-0.140255905511811,0.140255905511811,0.09055068233529445,1,0,0,0,0
chr5,147217215,147217279,CTTT,0,SPINK1,4,64,0.25,0.3798449612403101,5981,6075,5981,6013.0,7099,0.0,0.31476,0.24148,0.061046511627906974,0.03189792663476874,16.0,1.8129133566428557,1.2041471252128477,0.25,0.75,0.0,1.0,0.0,0,0,-0.6003262785189619,-0.6003262785189619,0.0,1.913748143530584,0.282111657120189,-0.1298449612403101,0.1298449612403101,0.847020707141851,1,0,0,0,0
chr5,151894991,151895167,CTTT,0,ENSG00000286749,4,176,0.2556818181818182,0.38786764705882354,19413,50000,50000,50000.0,390040,0.4599502615116398,0.0,1.0,0.12637867647058823,0.03885804916732752,44.0,2.247973266361807,1.6434625467031605,0.25,0.75,0.0,1.0,0.0,0,0,-0.590604893085327,-0.6003262785189619,0.009721385433634877,3.25223285640367,0.5123151498578999,-0.13218582887700536,0.13218582887700536,0.12819198030971182,1,0,0,0,0
chr5,159326250,159326330,AAGG,0,LINC01847,4,80,0.475,0.40673076923076923,9323,17583,9323,38483.0,239182,0.16089421444757548,0.0,1.0,0.08653846153846154,0.042679282868525896,20.0,1.9084850188786497,1.3010517098452263,0.5,0.5,1.0,0.0,0.0,0,0,-0.32239304727950685,-0.30016227413275426,-0.02223077314675259,2.0275981254631836,0.3071960198374873,0.06826923076923075,0.06826923076923075,0.16089421444757548,1,0,0,0,0
chr5,168182397,168182451,CT,0,SLIT3,2,54,0.25925925925925924,0.46835443037974683,1385,1385,50000,50000.0,639398,0.8534887503558034,0.75233,0.21457,0.03700097370983447,0.06662012566071607,27.0,1.7403626894942439,1.431379848841936,0.5,0.5,0.0,1.0,0.0,0,0,-0.5845938106217685,-0.30016227413275426,-0.28443153648901426,0.5553940036719093,-0.25461755910097283,-0.2090951711204876,0.2090951711204876,0.0781985555162825,1,0,0,0,0
chr5,168182397,168182453,CTTT,0,SLIT3,4,56,0.25,0.4688715953307393,1385,1385,50000,50000.0,639398,0.8534871863846931,0.75233,0.21457,0.03696498054474708,0.06661348224970083,14.0,1.7558748556724915,1.1461590556048185,0.25,0.75,0.0,1.0,0.0,0,0,-0.6003262785189619,-0.6003262785189619,0.0,0.554909072267286,-0.2549962383495127,-0.2188715953307393,0.2188715953307393,0.0781985555162825,1,0,0,0,0
chr5,170261059,170261113,ACC,0,GABRP,3,54,0.5925925925925926,0.3987341772151899,20008,21797,20008,50000.0,50697,1.0,1.8174e-13,0.96744,0.10662122687439143,0.05230876633090655,18.0,1.7403626894942439,1.2552966319043402,0.6666666666666666,0.3333333333333333,0.3333333333333333,0.6666666666666666,0.0,1,0,-0.22651152723077214,-0.17544030542608624,-0.0510712218046859,2.0382661662052897,0.30947391384590195,0.19385841537740267,0.19385841537740267,0.9862516519715171,1,0,0,0,0
chr5,173544924,173545136,CCTT,0,NSG2,4,212,0.5377358490566038,0.4837251356238698,8742,10416,8742,50000.0,197795,0.3656361384261483,0.88363,0.0,0.1713381555153707,0.047892341183455374,53.0,2.3283796034387376,1.7242840637589936,0.5,0.5,0.0,1.0,0.0,0,0,-0.26862412426943766,-0.30016227413275426,0.0315381498633166,3.577494308844734,0.553700330858528,0.05401071343273395,0.05401071343273395,0.2527869764149751,1,0,0,0,0
chr5,176523850,176523982,CCT,0,FGFR4,3,132,0.5984848484848485,0.6332082551594747,108,108,696,10459.0,11695,0.8943138093202223,7.1917e-13,0.62577,0.14821763602251406,0.11444466520961653,44.0,2.123851640967086,1.6434625467031605,0.6666666666666666,0.3333333333333333,0.0,1.0,0.0,1,0,-0.22222178888302582,-0.17544030542608624,-0.04678148345693958,1.2950917428898807,0.11263574383446028,-0.034723406674626145,0.034723406674626145,0.8943138093202223,1,0,0,0,0
chr5,180062522,180062766,GGAT,0,FLT4,4,244,0.5040983606557377,0.5637254901960784,3648,3648,6595,13985.0,48123,0.29060947987448826,1.0,0.070024,0.5819964349376114,0.12161628136731871,61.0,2.3891660843645326,1.785336954534081,0.5,0.5,0.75,0.25,0.0,0,0,-0.29662404102897383,-0.30016227413275426,0.0035382331037804304,4.785474797613811,0.6800157765499192,-0.05962712954034077,0.05962712954034077,0.29060947987448826,1,0,0,0,0
chr5,180085456,180085800,ACAGAGGG,0,FLT4,8,344,0.6598837209302325,0.5469283276450512,8827,8911,8827,8999.0,48123,0.0,1.0,0.070024,0.4189419795221843,0.10445340149429808,43.0,2.537819095073274,1.63347855533382,0.625,0.375,0.875,0.125,0.0,0,0,-0.1798749456590658,-0.2034256667895703,0.023550721130504493,4.010764252428878,0.6033354041894953,0.11295539328518134,0.11295539328518134,0.18699997921991562,1,0,0,0,0
chr6,834343,834435,CCTT,0,ENSG00000271727,4,92,0.5,0.3824091778202677,54,50000,50000,50000.0,141907,1.0,0.0,1.0,0.11950286806883365,0.04200676886322915,23.0,1.9684829485539352,1.3617467179758969,0.5,0.5,0.0,1.0,0.0,0,0,-0.30016227413275426,-0.30016227413275426,0.0,2.8447801752555972,0.4542013495920234,0.11759082217973232,0.11759082217973232,0.3523434361941271,1,0,0,0,0
chr6,2694726,2694765,GGT,0,MYLK4,3,39,0.6923076923076923,0.4281510544384502,1633,1633,23192,50000.0,106701,0.7105697228704511,3.0554e-13,0.94094,0.1118195193722413,0.033883926343629925,13.0,1.6020599913279625,1.1139767582898465,0.6666666666666666,0.3333333333333333,0.6666666666666666,0.3333333333333333,0.0,1,0,-0.15907398124035854,-0.17544030542608624,0.0163663241857277,3.299978233338034,0.5186426606004272,0.2641566378692421,0.2641566378692421,0.4685991696422714,1,0,0,0,0
chr6,16327865,16327955,CAG ,1,ATXN1,4,90,0.6444444444444445,0.6277511961722488,0,0,587,50000.0,462379,0.9382173498363896,0.97498,0.12209,0.09712918660287082,0.039621702339472376,22.5,1.9590413923210936,1.3522018196594159,0.6666666666666666,0.3333333333333333,0.6666666666666666,0.3333333333333333,0.0,0,0,-0.1901411329630961,-0.17544030542608624,-0.014700827537009853,2.451351898482455,0.3895827890941973,0.01669324827219565,0.01669324827219565,0.10813639892815201,1,1,1,0,0
chr6,19637098,19637226,AAAG,0,LNC-LBCS,4,128,0.25,0.36889097744360905,1045,50000,50000,50000.0,532546,0.3795897443601116,0.0,1.0,0.12077067669172932,0.04317368839427663,32.0,2.110589710299249,1.505163549810412,0.25,0.75,1.0,0.0,0.0,0,0,-0.6003262785189619,-0.6003262785189619,0.0,2.797256475572828,0.44688751745434363,-0.11889097744360905,0.11889097744360905,0.09388860305025294,1,0,0,0,0
chr6,24056678,24056738,AAAG,0,ENSG00000305332,4,60,0.25,0.41019417475728154,21887,50000,50000,22961.0,91504,0.25092892114005944,0.0,1.0,0.10194174757281553,0.043369890329012964,15.0,1.7853298350107671,1.1761202110560856,0.25,0.75,1.0,0.0,0.0,0,0,-0.6003262785189619,-0.6003262785189619,0.0,2.350464719526903,0.3713384671434515,-0.16019417475728154,0.16019417475728154,0.25092892114005944,1,0,0,0,0
chr6,24151047,24151111,AAAG,0,NRSN1,4,64,0.25,0.3943798449612403,3289,4873,3289,24697.0,28746,0.8591456202602101,0.00030819,0.77104,0.16521317829457363,0.07271730462519936,16.0,1.8129133566428557,1.2041471252128477,0.25,0.75,1.0,0.0,0.0,0,0,-0.6003262785189619,-0.6003262785189619,0.0,2.271961360294443,0.3565920529033512,-0.1443798449612403,0.1443798449612403,0.8591456202602101,1,0,0,0,0
chr6,25459441,25459497,CTTT,0,CARMIL1,4,56,0.25,0.3779182879377432,6267,6604,6616,50000.0,341459,0.5276270357495336,0.0,1.0,0.08511673151750973,0.0422317510969286,14.0,1.7558748556724915,1.1461590556048185,0.25,0.75,0.0,1.0,0.0,0,0,-0.6003262785189619,-0.6003262785189619,0.0,2.015420007144642,0.3045809979058719,-0.12791828793774318,0.12791828793774318,0.14643046456529188,1,0,0,0,0
chr6,27389927,27389995,AAAG,0,ENSG00000305393,4,68,0.25,0.43665377176015474,1494,20701,17122,2201.0,673,1.0,0.0,1.0,0.109284332688588,0.05122583217061989,17.0,1.8388490907372552,1.2304744673611585,0.25,0.75,1.0,0.0,0.0,0,0,-0.6003262785189619,-0.6003262785189619,0.0,2.1333416113765824,0.32926393151877914,-0.18665377176015474,0.18665377176015474,3.2704309063893016,1,0,0,0,1
chr6,29690540,29690666,AAG,0,HLA-F-AS1,3,126,0.36507936507936506,0.5230479774223895,0,575,0,50000.0,120978,0.8734645968688521,0.0,1.0,0.14440263405456255,0.1270992745702077,42.0,2.103803720955957,1.6232596306196103,0.3333333333333333,0.6666666666666666,1.0,0.0,0.0,1,0,-0.4364247504539871,-0.4758203216992444,0.03939557124525728,1.1361315665356597,0.05581071562426339,-0.15796861234302445,0.15796861234302445,0.4132982856387112,1,1,0,0,0
chr6,29763393,29763533,CTTT,0,HLA-F-AS1,4,140,0.25,0.3747663551401869,0,31283,31211,32810.0,120978,0.2712063350361223,0.0,1.0,0.14018691588785046,0.031976166832174774,35.0,2.14921911265538,1.5440804525867846,0.25,0.75,0.0,1.0,0.0,0,0,-0.6003262785189619,-0.6003262785189619,0.0,4.383969243541527,0.6419665515430988,-0.12476635514018691,0.12476635514018691,0.2712063350361223,1,1,0,0,0
chr6,32210261,32210309,CCTT,0,TSBP1-AS1,4,48,0.4583333333333333,0.4599609375,12108,18556,18373,12132.0,153123,0.0,0.0,1.0,0.1240234375,0.08015762170790104,12.0,1.6901960800285136,1.079217435746567,0.5,0.5,0.0,1.0,0.0,0,0,-0.33787203714805547,-0.30016227413275426,-0.03770976301530121,1.5472251750029193,0.18983412504803437,-0.0016276041666666852,0.0016276041666666852,0.07923042260143806,1,0,0,0,0
chr6,36243728,36243752,CTTT,0,PNPLA1,4,24,0.25,0.42292490118577075,5287,5287,5492,32760.0,70752,0.46302578018995927,0.00018528,0.44091,0.05632411067193676,0.052037554934079105,6.0,1.3979400086720377,0.7782236267660966,0.25,0.75,0.0,1.0,0.0,0,0,-0.6003262785189619,-0.6003262785189619,0.0,1.082353473175542,0.03477017998939901,-0.17292490118577075,0.17292490118577075,0.46302578018995927,1,0,0,0,0
chr6,38009403,38009472,CTT,0,ZFAND3,3,69,0.34782608695652173,0.40502658289028515,19897,19897,50000,50000.0,335195,0.6629946747415684,0.92174,0.079636,0.12276462058965684,0.05047585828890328,23.0,1.845098040014257,1.3617467179758969,0.3333333333333333,0.6666666666666666,0.0,1.0,0.0,1,0,-0.4573910438150979,-0.4758203216992444,0.0184292778841465,2.4320970985756682,0.38615944083964177,-0.05720049593376342,0.05720049593376342,0.14916690284759618,1,0,0,0,0
chr6,45390487,45390531,GCN,1,RUNX2,3,44,0.9545454545454546,0.700587084148728,0,0,174,50000.0,336192,0.28143144393679803,0.94884,0.13282,0.11790606653620352,0.031081620435042905,14.666666666666666,1.6532125137753437,1.166361031744508,1.0,0.0,0.5,0.5,0.0,1,0,-0.019748649070781922,0.00043407747931859284,-0.020182726550100515,3.7933116605340924,0.5791330004828444,0.25395837039672664,0.25395837039672664,0.14872453835903293,1,1,1,0,0
chr6,46711991,46712189,CTT,0,ANKRD66,3,198,0.3888888888888889,0.40400363967242947,2481,7497,2481,2580.0,12573,0.0,1.6946e-05,1.0607,0.11874431301182893,0.0685216358055253,66.0,2.298853076409707,1.8195505157114418,0.3333333333333333,0.6666666666666666,0.0,1.0,0.0,1,0,-0.4090591412239187,-0.4758203216992444,0.0667611804753257,1.7329209773663439,0.23902930082429255,-0.015114750783540576,0.015114750783540576,0.20520162252445717,1,0,0,0,1
chr6,50676008,50676107,AAG,0,TFAP2D,3,99,0.36363636363636365,0.4687946641257742,5132,5662,5132,5181.5,59507,0.0,0.99199,0.053059,0.1095759885659838,0.05557490422409075,33.0,2.0,1.5185271001173364,0.3333333333333333,0.6666666666666666,1.0,0.0,0.0,1,0,-0.43814002317657824,-0.4758203216992444,0.037680298522666134,1.971645627647483,0.29504907421309906,-0.10515830048941055,0.10515830048941055,0.08707378963819383,1,0,0,0,0
chr6,51854702,51854782,AAGG,0,PKHD1,4,80,0.4625,0.38076923076923075,13947,20325,50000,50000.0,472314,0.20678828067768476,1.1657e-47,0.58027,0.06634615384615385,0.0650398406374502,20.0,1.9084850188786497,1.3010517098452263,0.5,0.5,1.0,0.0,0.0,0,0,-0.3339502615194841,-0.30016227413275426,-0.033787987386729834,1.0200691318856054,0.009055147160406177,0.08173076923076927,0.08173076923076927,0.10586177839318758,1,0,0,0,0
chr6,58140809,58140965,AAG,0,ENSG00000308630,3,156,0.36538461538461536,0.3631725417439703,2899,50000,50000,6748.0,3771,1.0,0.0,1.0,0.18831168831168832,0.025897995634054375,52.0,2.1958996524092336,1.716011695371454,0.3333333333333333,0.6666666666666666,1.0,0.0,0.0,1,0,-0.43606277079524636,-0.4758203216992444,0.03975755090399802,7.271003515830507,0.8616540801844033,0.0022120736406450736,0.0022120736406450736,1.7894457703526916,1,0,0,0,0
chr6,65005305,65005389,AAG,0,EYS,3,84,0.35714285714285715,0.362763915547025,11474,11474,50000,50000.0,1987243,0.7104173973691189,3.7216e-41,0.695,0.1324376199616123,0.041127265484963156,28.0,1.9294189257142929,1.4471735415824631,0.3333333333333333,0.6666666666666666,1.0,0.0,0.0,1,0,-0.4459437060560403,-0.4758203216992444,0.029876615643204096,3.2201119692254614,0.5080058216131026,-0.005621058404167822,0.005621058404167822,0.025160486160977796,1,0,0,0,0
chr6,75408598,75408654,CTTT,0,ENSG00000272243,4,56,0.25,0.3341439688715953,8155,50000,50000,50000.0,276229,0.389412407821047,0.0,1.0,0.07733463035019456,0.02707419226166733,14.0,1.7558748556724915,1.1461590556048185,0.25,0.75,0.0,1.0,0.0,0,0,-0.6003262785189619,-0.6003262785189619,0.0,2.856291087531216,0.45595448653917114,-0.08414396887159531,0.08414396887159531,0.18100923509117436,1,0,0,0,0
chr6,90607807,90607882,CCTTT,0,GJA10,5,75,0.4,0.45397590361445783,120,1988,1968,3656.5,27291,0.13398189879447436,5.3123e-10,0.92237,0.1489156626506024,0.10570361145703612,15.0,1.8808135922807914,1.1761202110560856,0.4,0.6,0.0,1.0,0.0,0,1,-0.39685562737981767,-0.39685562737981767,0.0,1.4087905967198935,0.14915460950446102,-0.05397590361445781,0.05397590361445781,0.13398189879447436,1,0,0,0,1
chr6,103653692,103653779,CTT,0,.,3,87,0.3448275862068966,0.362721609966459,50000,50000,50000,50000.0,0,-1.0,0.0,1.0,0.3794920939147101,0.06914920097575547,29.0,1.9444826721501687,1.4624129733125506,0.3333333333333333,0.6666666666666666,0.0,1.0,0.0,1,0,-0.4611403665867251,-0.4758203216992444,0.014679955112519294,5.487939131916082,0.7394884148188643,-0.01789402375956245,0.01789402375956245,50000.0,0,0,0,0,0
chr6,116279807,116279867,AAAG,0,ENSG00000289376,4,60,0.25,0.38689320388349513,2034,2034,16231,50000.0,198968,0.7141098066020667,0.0,1.0,0.10728155339805825,0.029361914257228314,15.0,1.7853298350107671,1.1761202110560856,0.25,0.75,1.0,0.0,0.0,0,0,-0.6003262785189619,-0.6003262785189619,0.0,3.6536412039431196,0.5628447463290679,-0.13689320388349513,0.13689320388349513,0.25129669092517387,1,0,0,0,0
chr6,116279870,116279930,AAAG,0,ENSG00000289376,4,60,0.25,0.38543689320388347,2097,2097,16294,50000.0,198968,0.7137931727715009,0.0,1.0,0.10728155339805825,0.029361914257228314,15.0,1.7853298350107671,1.1761202110560856,0.25,0.75,1.0,0.0,0.0,0,0,-0.6003262785189619,-0.6003262785189619,0.0,3.6536412039431196,0.5628447463290679,-0.13543689320388347,0.13543689320388347,0.25129669092517387,1,0,0,0,0
chr6,119062754,119062789,ATTTT,0,ENSG00000293224,5,35,0.0,0.3714987714987715,15892,50000,31516,15909.5,26510,0.0,0.0,1.0,0.11056511056511056,0.05969553281756925,7.0,1.5563025007672873,0.8451600776519459,0.0,1.0,0.2,0.8,0.0,0,1,-3.0,-3.0,0.0,1.8521194673565733,0.26790341842373067,-0.3714987714987715,0.3714987714987715,0.6001320256506979,1,0,0,0,0
chr6,131803374,131803450,CTTT,0,ARG1,4,76,0.2631578947368421,0.3631984585741811,11285,50000,11285,11440.0,113500,0.10079295154185022,0.00035944,0.50836,0.14547206165703275,0.049063558477784416,19.0,1.8864907251724818,1.2787764579556449,0.25,0.75,0.0,1.0,0.0,0,0,-0.578136405270772,-0.6003262785189619,0.022189873248189884,2.964911255094652,0.47215815208707157,-0.100040563837339,0.100040563837339,0.10079295154185022,1,0,0,0,0
chr6,133113366,133113430,AAAG,0,SLC18B1,4,64,0.265625,0.4176356589147287,1362,1362,1362,21080.0,43969,0.47942868839409586,1.0193e-17,1.0788,0.09883720930232558,0.14204545454545456,16.0,1.8129133566428557,1.2041471252128477,0.25,0.75,1.0,0.0,0.0,0,0,-0.5740991315425148,-0.6003262785189619,0.026227146976447124,0.6958090549926248,-0.1568862143325129,-0.1520106589147287,0.1520106589147287,0.47942868839409586,1,0,0,0,0
chr6,134553553,134553621,AAAG,0,SGK1,4,68,0.25,0.3979690522243714,1934,17322,17361,50000.0,148864,0.5754447012037833,0.0023046,0.33998,0.10638297872340426,0.04385090691648395,17.0,1.8388490907372552,1.2304744673611585,0.25,0.75,1.0,0.0,0.0,0,0,-0.6003262785189619,-0.6003262785189619,0.0,2.4259601509692805,0.385062645571231,-0.1479690522243714,0.1479690522243714,0.33587704213241615,1,0,0,0,0
chr6,148230699,148230767,CTTT,0,ENSG00000227681,4,68,0.25,0.4410058027079304,37841,50000,50000,50000.0,293237,0.8487912507630346,0.0,1.0,0.043520309477756286,0.130157464620291,17.0,1.8388490907372552,1.2304744673611585,0.25,0.75,0.0,1.0,0.0,0,0,-0.6003262785189619,-0.6003262785189619,0.0,0.3343640354449272,-0.47448351312315584,-0.19100580270793038,0.19100580270793038,0.1705105426668531,1,0,0,0,0
chr6,148708703,148708827,CTTT,0,SASH1,4,124,0.25,0.4693973634651601,2443,2443,44500,50000.0,279740,0.4122578108243369,0.001802,0.2898,0.22033898305084745,0.05162989465315047,31.0,2.0969100130080562,1.4913757031077342,0.25,0.75,0.0,1.0,0.0,0,0,-0.6003262785189619,-0.6003262785189619,0.0,4.267580186844634,0.630283444215475,-0.2193973634651601,0.2193973634651601,0.17873739901336955,1,0,0,0,0
chr6,149955411,149955456,AAAAT,0,KATNA1,5,45,0.0,0.42689486552567235,1359,1359,4228,14674.5,54099,0.2712527033771419,1.6782e-05,0.44103,0.06454767726161369,0.08605637316038912,9.0,1.662757831681574,0.9542907617011269,0.0,1.0,0.8,0.2,0.0,0,1,-3.0,-3.0,0.0,0.7500540034066945,-0.12432883458262102,-0.42689486552567235,0.42689486552567235,0.2712527033771419,1,0,0,0,0
chr6,155949009,155949149,AAGG,0,ENSG00000302951,4,140,0.45714285714285713,0.42289719626168226,19736,50000,50000,19806.0,14252,0.0,0.0,1.0,0.15841121495327104,0.06747765640516386,35.0,2.14921911265538,1.5440804525867846,0.5,0.5,1.0,0.0,0.0,0,0,-0.33899908008581636,-0.30016227413275426,-0.038836805953062103,2.3475751206739868,0.370804455927582,0.034245660881174866,0.034245660881174866,1.3896996912714006,1,0,0,0,0
chr6,160400662,160400666,CCTT,0,IGF2R,4,4,0.5,0.531437125748503,10235,10235,10384,10550.0,144425,0.07304829496278345,1.0,0.14162,0.054890219560878244,0.04839032193561288,1.0,0.6989700043360189,0.00043407747931859284,0.5,0.5,0.0,1.0,0.0,0,0,-0.30016227413275426,-0.30016227413275426,0.0,1.1342988239484857,0.05511018797046133,-0.03143712574850299,0.03143712574850299,0.07304829496278345,1,0,0,0,0
chr6,160400768,160400772,AAGG,0,IGF2R,4,4,0.5,0.5399201596806387,10341,10341,10490,10656.0,144425,0.0737822399169119,1.0,0.14162,0.054890219560878244,0.04839032193561288,1.0,0.6989700043360189,0.00043407747931859284,0.5,0.5,1.0,0.0,0.0,0,0,-0.30016227413275426,-0.30016227413275426,0.0,1.1342988239484857,0.05511018797046133,-0.03992015968063867,0.03992015968063867,0.0737822399169119,1,0,0,0,0
chr6,160401215,160401271,AAAG,0,IGF2R,4,56,0.25,0.5364785992217899,10788,10788,10937,11129.0,144425,0.07705729617448502,1.0,0.14162,0.053501945525291826,0.04741723175109693,14.0,1.7558748556724915,1.1461590556048185,0.25,0.75,1.0,0.0,0.0,0,0,-0.6003262785189619,-0.6003262785189619,0.0,1.1282990434170745,0.05280896026766486,-0.28647859922178986,0.28647859922178986,0.07705729617448502,1,0,0,0,0
chr6,167807885,167807905,AAAGG,0,TCP10L3,5,20,0.4,0.4792079207920792,9887,50000,34894,9897.0,27477,0.0,0.0,1.0,0.12178217821782178,0.27847152847152845,4.0,1.3222192947339193,0.6021685513789972,0.4,0.6,1.0,0.0,0.0,0,1,-0.39685562737981767,-0.39685562737981767,0.0,0.437322054301931,-0.35820667714283444,-0.07920792079207917,0.07920792079207917,0.3601921607162354,1,0,0,0,0
chr6,170870995,170871105,CAG ,1,TBP,4,110,0.6181818181818182,0.4052132701421801,0,0,111,7660.0,18568,0.41253769926755707,0.015031,0.32963,0.1004739336492891,0.06126305320735952,27.5,2.0453229787866576,1.4393484860697474,0.6666666666666666,0.3333333333333333,0.6666666666666666,0.3333333333333333,0.0,0,0,-0.20818180487561633,-0.17544030542608624,-0.03274149944953009,1.6400144683411082,0.21511241011647253,0.21296854803963805,0.21296854803963805,0.41253769926755707,1,1,1,0,0
chr7,522338,522386,GGAT,0,ENSG00000234471,4,48,0.4791666666666667,0.48974609375,1354,15815,14509,13499.0,12121,1.0,0.0,1.0,0.4921875,0.17403232242617717,12.0,1.6901960800285136,1.079217435746567,0.5,0.5,0.75,0.25,0.0,0,0,-0.31860799210323065,-0.30016227413275426,-0.018445717970476394,2.8281221845246334,0.45165170423286094,-0.010579427083333315,0.010579427083333315,1.1136869895223167,1,0,0,0,0
chr7,946137,946144,AAGGGAG,0,ADAP1,7,7,0.5714285714285714,0.5421026407573493,884,1328,1328,48902.5,57506,0.8503895245713491,0.5333,0.20873,0.6716492277030394,0.17898735442595093,1.0,0.9030899869919435,0.00043407747931859284,0.5714285714285714,0.42857142857142855,1.0,0.0,0.0,0,0,-0.24227869758155707,-0.24227869758155707,0.0,3.7524744548724627,0.5744334645221911,0.029325930671222133,0.029325930671222133,0.8503895245713491,1,0,0,0,0
chr7,1794352,1794372,CTTT,0,ELFN1,4,20,0.2,0.4386138613861386,6770,7633,6770,50000.0,82201,1.0,0.99882,0.0,0.09702970297029703,0.1001998001998002,5.0,1.3222192947339193,0.6990568545476679,0.25,0.75,0.0,1.0,0.0,0,0,-0.6968039425795112,-0.6003262785189619,-0.09647766406054925,0.9683525757960016,-0.013518231336917198,-0.2386138613861386,0.2386138613861386,0.6082651062639141,1,0,0,0,0
chr7,2554189,2554229,ATCC,0,LFNG,4,40,0.45,0.5612745098039216,1227,1227,1901,2046.0,16648,0.12289764536280634,0.097612,0.30161,0.4264705882352941,0.08308383233532934,10.0,1.6127838567197355,1.0000434272768626,0.5,0.5,0.25,0.75,0.0,0,0,-0.34582345812203946,-0.30016227413275426,-0.0456611839892852,5.1329535878951305,0.710451938232552,-0.11127450980392156,0.11127450980392156,0.12289764536280634,1,0,0,0,1
chr7,2852270,2852330,ACATC,0,GNA12,5,60,0.4,0.470873786407767,1616,1616,2235,50000.0,148964,0.3901613812733278,0.96994,0.0,0.0941747572815534,0.04282153539381854,12.0,1.7853298350107671,1.079217435746567,0.4,0.6,0.4,0.6,0.0,0,1,-0.39685562737981767,-0.39685562737981767,0.0,2.1991868630727454,0.3424595672563232,-0.07087378640776698,0.07087378640776698,0.3356515668215139,1,0,0,0,0
chr7,11238150,11238322,CCTT,0,ENSG00000230333,4,172,0.5232558139534884,0.43830570902394106,1079,29033,28900,17707.0,339273,0.05219100842094714,0.0,1.0,0.11556169429097606,0.06191750941899663,43.0,2.2380461031287955,1.63347855533382,0.5,0.5,0.0,1.0,0.0,0,0,-0.28045674454613373,-0.30016227413275426,0.01970552958662053,1.8663513604466981,0.27122604239805576,0.08495010492954735,0.08495010492954735,0.05219100842094714,1,0,0,0,0
chr7,13242598,13242810,CTTT,0,ENSG00000229618,4,212,0.25,0.3539783001808318,14360,50000,50000,50000.0,1025768,0.46494626465243605,0.0,1.0,0.10849909584086799,0.04809024341975064,53.0,2.3283796034387376,1.7242840637589936,0.25,0.75,0.0,1.0,0.0,0,0,-0.6003262785189619,-0.6003262785189619,0.0,2.256109181745723,0.353552567444105,-0.10397830018083182,0.10397830018083182,0.04874396549707146,1,0,0,0,0
chr7,14209770,14209826,AAAG,0,DGKB,4,56,0.25,0.4090466926070039,5772,6623,5772,50000.0,829784,0.969722240968734,0.52991,0.21756,0.05496108949416342,0.031162744315915435,14.0,1.7558748556724915,1.1461590556048185,0.25,0.75,1.0,0.0,0.0,0,0,-0.6003262785189619,-0.6003262785189619,0.0,1.7636227834822338,0.2466518822106357,-0.15904669260700388,0.15904669260700388,0.060256645102821936,1,0,0,0,0
chr7,18022898,18022952,CTT,0,AC080080.1,3,54,0.4074074074074074,0.3592989289191821,10106,42980,42604,10198.0,65,1.0,0.0,1.0,0.07740993184031159,0.04951630597387055,18.0,1.7403626894942439,1.2552966319043402,0.3333333333333333,0.6666666666666666,0.0,1.0,0.0,1,0,-0.38890638958466645,-0.4758203216992444,0.08691393211457793,1.563290456091442,0.19431739563298384,0.048108478488225304,0.048108478488225304,156.8923076923077,1,0,0,0,0
chr7,26995284,26995349,AAAGG,0,SKAP2,5,65,0.4,0.4150121065375303,27038,50000,39425,39541.5,328236,0.12046667641574964,0.0012836,0.38396,0.06585956416464891,0.07221530027410915,13.0,1.8195439355418688,1.1139767582898465,0.4,0.6,1.0,0.0,0.0,0,1,-0.39685562737981767,-0.39685562737981767,0.0,0.9119764362708672,-0.03954043136997027,-0.015012106537530268,0.015012106537530268,0.12046667641574964,1,0,0,0,0
chr7,27239446,27239586,GCN,1,HOXA13,3,140,0.8714285714285714,0.6794392523364486,0,0,111,194.0,6588,0.0294474802671524,0.9551,0.0,0.12710280373831775,0.04836146971201589,46.666666666666664,2.14921911265538,1.669016087169193,1.0,0.0,0.5,0.5,0.0,1,0,-0.059270120018391215,0.00043407747931859284,-0.059704197497709804,2.628128887858232,0.4198118770586461,0.1919893190921228,0.1919893190921228,0.0294474802671524,1,1,1,1,1
chr7,28150067,28150122,AAAGG,0,JAZF1,5,55,0.4,0.4,7610,8644,8673,50000.0,350419,0.20123480747333905,0.89582,0.085341,0.12408759124087591,0.030914983794564945,11.0,1.7481880270062005,1.0414321646802651,0.4,0.6,1.0,0.0,0.0,0,1,-0.39685562737981767,-0.39685562737981767,0.0,4.013703463730325,0.6036534726977266,0.0,0.0,0.14268632694003464,1,0,0,0,0
chr7,37887848,37887971,AAG,0,ENSG00000290149,3,123,0.3333333333333333,0.4828073480923222,228,1898,228,50000.0,266568,0.6169664025689505,0.0,1.0,0.5407442298634009,0.08771057993340953,41.0,2.093421685162235,1.6127944491388992,0.3333333333333333,0.6666666666666666,1.0,0.0,0.0,1,0,-0.4758203216992444,-0.4758203216992444,0.0,6.165026673489782,0.7900053991002478,-0.14947401475898886,0.14947401475898886,0.18756940067825095,1,0,0,0,0
chr7,40416728,40416800,CTTT,0,SUGCT,4,72,0.25,0.37403474903474904,10700,50000,50000,50000.0,727569,0.33415524850564,2.8168e-09,0.68809,0.10424710424710425,0.0539557592666401,18.0,1.863322860120456,1.2552966319043402,0.25,0.75,0.0,1.0,0.0,0,0,-0.6003262785189619,-0.6003262785189619,0.0,1.932049027109699,0.28624286899657736,-0.12403474903474904,0.12403474903474904,0.06872200437346836,1,0,0,0,0
chr7,42773698,42773812,AAG,0,LINC01448,3,114,0.35964912280701755,0.4030274361400189,27652,50000,50000,27709.0,44731,0.0,0.0,1.0,0.06338694418164617,0.03400616486029631,38.0,2.060697840353612,1.579795025268589,0.3333333333333333,0.6666666666666666,1.0,0.0,0.0,1,0,-0.4429151197903857,-0.4758203216992444,0.03290520190885865,1.8639290997071922,0.2706623255864023,-0.04337831333300135,0.04337831333300135,0.619458541056538,1,0,0,0,0
chr7,47428600,47428699,AAG,0,TNS3,3,99,0.36363636363636365,0.49928537398761313,7492,7698,7861,50000.0,307404,0.629485953338278,1.0,0.097174,0.17865650309671272,0.03403154385790338,33.0,2.0,1.5185271001173364,0.3333333333333333,0.6666666666666666,1.0,0.0,0.0,1,0,-0.43814002317657824,-0.4758203216992444,0.037680298522666134,5.249578281384432,0.7202071378028387,-0.1356490103512495,0.1356490103512495,0.16265240530376962,1,0,0,0,0
chr7,73857882,73857910,AAAG,0,GTF2IRD1,4,28,0.25,0.5266272189349113,8883,39704,8883,8897.0,150152,0.0,0.90039,0.19406,0.44921104536489154,0.10050928699820251,7.0,1.462397997898956,0.8451600776519459,0.25,0.75,1.0,0.0,0.0,0,0,-0.6003262785189619,-0.6003262785189619,0.0,4.469304175531058,0.6503370750917191,-0.27662721893491127,0.27662721893491127,0.059253289999467204,1,0,0,0,0
chr7,78765321,78765445,AAAG,0,MAGI2,4,124,0.27419354838709675,0.3851224105461394,3700,50000,50000,50000.0,1436611,0.2210758514309023,0.99943,0.147,0.11581920903954802,0.03334327171536474,31.0,2.0969100130080562,1.4913757031077342,0.25,0.75,1.0,0.0,0.0,0,0,-0.5603617518781205,-0.6003262785189619,0.03996452664084138,3.4734364579382784,0.5408843735146446,-0.11092886215904263,0.11092886215904263,0.03480413278194306,1,0,0,0,0
chr7,84320420,84320606,AAG,0,ENSG00000301054,3,186,0.3709677419354839,0.3819762122598353,10882,50000,50000,29453.0,154963,0.19006472512793376,0.0,1.0,0.187099725526075,0.04369364906370752,62.0,2.271841606536499,1.7923986941914727,0.3333333333333333,0.6666666666666666,1.0,0.0,0.0,1,0,-0.4294947216957095,-0.4758203216992444,0.04632560000353486,4.28198256617831,0.6317463066104456,-0.011008470324351427,0.011008470324351427,0.19006472512793376,1,0,0,0,0
chr7,96941998,96942058,CTTT,0,ENSG00000305877,4,60,0.25,0.4432038834951456,15778,50000,50000,50000.0,279241,0.9064141727038652,0.0,1.0,0.12669902912621359,0.04361914257228315,15.0,1.7853298350107671,1.1761202110560856,0.25,0.75,0.0,1.0,0.0,0,0,-0.6003262785189619,-0.6003262785189619,0.0,2.9045991520146917,0.4632357000942283,-0.1932038834951456,0.1932038834951456,0.17905680039822233,1,0,0,0,0
chr7,97769389,97769457,CTTT,0,LMTK2,4,68,0.25,0.4086073500967118,1252,1252,32900,33251.0,102778,0.3235225437350406,0.99978,0.12735,0.09912959381044488,0.034981064381104245,17.0,1.8388490907372552,1.2304744673611585,0.25,0.75,0.0,1.0,0.0,0,0,-0.6003262785189619,-0.6003262785189619,0.0,2.833726241267519,0.45251112402342497,-0.15860735009671179,0.15860735009671179,0.3235225437350406,1,0,0,0,0
chr7,101133038,101133198,CTTT,0,COL26A1,4,160,0.25,0.4527777777777778,41970,41970,50000,50000.0,196621,0.648099643476536,2.9274e-06,0.52323,0.1685185185185185,0.09613095238095239,40.0,2.2068258760318495,1.6020708485542952,0.25,0.75,0.0,1.0,0.0,0,0,-0.6003262785189619,-0.6003262785189619,0.0,1.7529917404643165,0.24402754394494974,-0.20277777777777778,0.20277777777777778,0.2542963366069748,1,0,0,0,0
chr7,105373929,105374185,ATCC,0,ATXN7L1,4,256,0.53515625,0.45523049645390073,26634,27639,26634,50000.0,271826,0.5260276794714266,0.99884,0.070348,0.2375886524822695,0.09720576619273302,64.0,2.4099331233312946,1.806186759782153,0.5,0.5,0.25,0.75,0.0,0,0,-0.27070862705357124,-0.30016227413275426,0.02945364707918302,2.4441575600941157,0.38830684925708026,0.07992575354609927,0.07992575354609927,0.18394119767792633,1,0,0,0,0
chr7,107939558,107939582,AAAG,0,NRCAM,4,24,0.25,0.41798418972332013,13527,50000,13527,50000.0,309093,0.5098497863102691,0.015254,0.25797,0.0691699604743083,0.03715541350379545,6.0,1.3979400086720377,0.7782236267660966,0.25,0.75,1.0,0.0,0.0,0,0,-0.6003262785189619,-0.6003262785189619,0.0,1.8615887259205666,0.27011696988202694,-0.16798418972332013,0.16798418972332013,0.161763611599098,1,0,0,0,0
chr7,120687702,120687771,CTT,0,CPED1,3,69,0.3333333333333333,0.3861768970517158,655,655,655,50000.0,309283,0.19071691622235945,1.8689e-24,0.77635,0.09183180280328661,0.04379889381633365,23.0,1.845098040014257,1.3617467179758969,0.3333333333333333,0.6666666666666666,0.0,1.0,0.0,1,0,-0.4758203216992444,-0.4758203216992444,0.0,2.0966215851656043,0.3217271433916233,-0.0528435637183825,0.0528435637183825,0.16166423631431406,1,0,0,0,0
chr7,131256409,131256469,AAAG,0,ENSG00000306749,4,60,0.25,0.466504854368932,616,15291,14987,15499.0,59814,0.2591199384759421,0.0,1.0,0.04660194174757282,0.08300099700897308,15.0,1.7853298350107671,1.1761202110560856,0.25,0.75,1.0,0.0,0.0,0,0,-0.6003262785189619,-0.6003262785189619,0.0,0.5614556688622182,-0.2499117017094339,-0.21650485436893202,0.21650485436893202,0.2591199384759421,1,0,0,0,0
chr7,131513712,131513796,CTTT,0,AC008085.1,4,84,0.27380952380952384,0.4630518234165067,23643,50000,50000,23779.0,94,1.0,0.0,1.0,0.20393474088291746,0.05900219079864569,21.0,1.9294189257142929,1.322239974931152,0.25,0.75,0.0,1.0,0.0,0,0,-0.5609682204252565,-0.6003262785189619,0.039358058093705406,3.4563341087580373,0.5387413507829635,-0.18924229960698286,0.18924229960698286,252.96808510638297,1,0,0,0,0
chr7,131817143,131817223,CTGTT,0,PLXNA4,5,80,0.4,0.4894230769230769,585,585,1906,50000.0,525348,0.9827086045821056,0.99999,0.14155,0.16826923076923078,0.054731075697211154,16.0,1.9084850188786497,1.2041471252128477,0.4,0.6,0.2,0.8,0.0,0,1,-0.39685562737981767,-0.39685562737981767,0.0,3.0744171242495897,0.48790402823310697,-0.08942307692307688,0.08942307692307688,0.09517500780435063,1,0,0,0,0
chr7,131873713,131873753,AAAGG,0,PLXNA4,5,40,0.4,0.5009803921568627,1347,1347,50000,50000.0,525348,0.875065670755385,0.99999,0.14155,0.056372549019607844,0.07145708582834331,8.0,1.6127838567197355,0.9031442704095386,0.4,0.6,1.0,0.0,0.0,0,1,-0.39685562737981767,-0.39685562737981767,0.0,0.7888897157842436,-0.10243354057005277,-0.10098039215686272,0.10098039215686272,0.09517500780435063,1,0,0,0,0
chr7,134201479,134201549,CTTTT,0,AKR1B10,5,70,0.2,0.40193236714975844,10770,11115,10770,10805.0,13845,0.0,7.5723e-09,0.83649,0.03671497584541063,0.037867463876432486,14.0,1.8512583487190752,1.1461590556048185,0.2,0.8,0.0,1.0,0.0,0,1,-0.6968039425795112,-0.6968039425795112,0.0,0.9695396138912374,-0.01298673359528645,-0.20193236714975843,0.20193236714975843,0.7804261466233298,1,0,0,0,0
chr7,135482228,135482320,CTTT,0,ENSG00000224746,4,92,0.25,0.4359464627151052,434,48900,48667,23025.0,158496,0.14527180496668685,0.0,1.0,0.10803059273422562,0.028120645032848893,23.0,1.9684829485539352,1.3617467179758969,0.25,0.75,0.0,1.0,0.0,0,0,-0.6003262785189619,-0.6003262785189619,0.0,3.841545990927454,0.5846190742164098,-0.18594646271510518,0.18594646271510518,0.14527180496668685,1,0,0,0,0
chr7,138306528,138306904,ATCT,0,SVOPL,4,376,0.25,0.40446127946127947,648,648,22606,50000.0,107097,0.7414866896364978,5.1844e-09,0.65486,0.23106060606060605,0.12593246957204554,94.0,2.576341350205793,1.9731324737291864,0.25,0.75,0.25,0.75,0.0,0,0,-0.6003262785189619,-0.6003262785189619,0.0,1.8347831346647534,0.2638213756771801,-0.15446127946127947,0.15446127946127947,0.4668664855224703,1,0,0,0,0
chr7,140173805,140173865,AAAG,0,MKRN1,4,60,0.25,0.4325242718446602,178,328,178,5517.0,26519,0.20803951883555186,0.99421,0.082894,0.23786407766990292,0.1203888334995015,15.0,1.7853298350107671,1.1761202110560856,0.25,0.75,1.0,0.0,0.0,0,0,-0.6003262785189619,-0.6003262785189619,0.0,1.975782096840327,0.29595879912881473,-0.1825242718446602,0.1825242718446602,0.20803951883555186,1,0,0,0,0
chr7,141036947,141037034,ACC,0,TMEM178B,3,87,0.632183908045977,0.4609487302347868,14743,50000,50000,50000.0,406316,0.647590791403735,0.95458,0.070903,0.315764254911356,0.06352367202668392,29.0,1.9444826721501687,1.4624129733125506,0.6666666666666666,0.3333333333333333,0.3333333333333333,0.6666666666666666,0.0,1,0,-0.1984701309790443,-0.17544030542608624,-0.023029825552958072,4.970734123250843,0.6965078955342751,0.17123517781119024,0.17123517781119024,0.12305693105858494,1,0,0,0,0
chr7,141613570,141613640,AAAAT,0,MGAM,5,70,0.014285714285714285,0.3570048309178744,1827,5036,2559,5992.0,198934,0.030120542491479586,1.0382000000000001e-35,0.69065,0.1280193236714976,0.030044843049327353,14.0,1.8512583487190752,1.1461590556048185,0.0,1.0,0.8,0.2,0.0,0,1,-1.8157142623290472,-3.0,1.1842857376709528,4.260799853787548,0.6295930501560643,-0.3427191166321601,0.3427191166321601,0.030120542491479586,1,0,0,0,0
chr7,151013613,151013768,AAAAT,0,NUB1,5,155,0.0,0.3925754060324826,25026,28668,25026,25103.5,36753,0.0,0.00039037,0.35843,0.10069605568445476,0.134408335400645,31.0,2.1931245983544616,1.4913757031077342,0.0,1.0,0.8,0.2,0.0,0,1,-3.0,-3.0,0.0,0.7491745672597943,-0.12483766357367267,-0.3925754060324826,0.3925754060324826,0.6830326776045493,1,0,0,0,0
chr7,151230542,151230602,CTTT,0,RHEB,4,60,0.25,0.46067961165048543,13336,13945,13336,13366.0,54108,0.0,0.98119,0.0,0.0854368932038835,0.10348953140578265,15.0,1.7853298350107671,1.1761202110560856,0.25,0.75,0.0,1.0,0.0,0,0,-0.6003262785189619,-0.6003262785189619,0.0,0.8255527538928997,-0.08272942280222179,-0.21067961165048543,0.21067961165048543,0.2470244695793598,1,0,0,0,0
chr7,151607902,151607952,AAAAT,0,Y_RNA,5,50,0.0,0.4151219512195122,5460,34197,33310,5485.0,91,0.0,0.0,1.0,0.08048780487804878,0.049326683291770576,10.0,1.7075701760979363,1.0000434272768626,0.0,1.0,0.8,0.2,0.0,0,1,-3.0,-3.0,0.0,1.6316964330550001,0.21290544395001879,-0.4151219512195122,0.4151219512195122,60.27472527472528,1,0,0,0,0
chr7,157254123,157254381,CT,0,ENSG00000304824,2,258,0.5310077519379846,0.5106288751107174,166,45331,43989,2564.0,2269,1.0,0.0,1.0,0.29893711248892824,0.0985289762069306,129.0,2.413299764081252,2.110593076910091,0.5,0.5,0.0,1.0,0.0,0,0,-0.2740820395106606,-0.30016227413275426,0.026080234622093634,3.033971223753335,0.48215457764376946,0.020378876827267134,0.020378876827267134,1.130013221683561,1,0,0,0,1
chr7,157271064,157271144,CTTT,0,ENSG00000234210,4,80,0.2375,0.5004807692307692,18,50000,50000,13837.0,35143,0.3937341718123097,0.0,1.0,0.1346153846153846,0.19477091633466134,20.0,1.9084850188786497,1.3010517098452263,0.25,0.75,0.0,1.0,0.0,0,0,-0.6225116166238673,-0.6003262785189619,-0.022185338104905417,0.6911437087474435,-0.15980372427688128,-0.26298076923076924,0.26298076923076924,0.3937341718123097,1,0,0,0,0
chr7,158199915,158200153,CCTGGGT,0,PTPRN2,7,238,0.7142857142857143,0.5536193029490617,8025,50000,50000,50000.0,1048765,0.1720890761991485,5.392e-07,0.39104,0.48480786416443256,0.24295879039430773,34.0,2.3783979009481375,1.5314916902215299,0.7142857142857143,0.2857142857142857,0.42857142857142855,0.5714285714285714,0.0,0,0,-0.1455204486153477,-0.1455204486153477,0.0,1.9954242773160997,0.30025284242044753,0.1606664113366526,0.1606664113366526,0.047675122644253005,1,0,0,0,0
chr8,1747508,1747595,CTT,0,CLN8,3,87,0.3793103448275862,0.5184475323430762,566,1245,1353,43607.5,45933,0.9493719112620556,0.0035591,0.55874,0.35218016291327264,0.08219246278687709,29.0,1.9444826721501687,1.4624129733125506,0.3333333333333333,0.6666666666666666,0.0,1.0,0.0,1,0,-0.4198618611768126,-0.4758203216992444,0.05595846052243175,4.284770965623574,0.6320289583475207,-0.13913718751548998,0.13913718751548998,0.9493719112620556,1,0,0,0,0
chr8,2046900,2046904,CCTT,0,MYOM2,4,4,0.5,0.5404191616766467,87,87,8989,50000.0,120678,0.4483418684432954,7.0086e-85,1.2702,0.13522954091816367,0.09398120375924815,1.0,0.6989700043360189,0.00043407747931859284,0.5,0.5,0.0,1.0,0.0,0,0,-0.30016227413275426,-0.30016227413275426,0.0,1.4388845495108604,0.15832767159496136,-0.04041916167664672,0.04041916167664672,0.41432572631299824,1,0,0,0,0
chr8,2047194,2047198,AAGG,0,MYOM2,4,4,0.5,0.5339321357285429,381,381,9283,50000.0,120678,0.45077810371401583,7.0086e-85,1.2702,0.20109780439121758,0.09318136372725455,1.0,0.6989700043360189,0.00043407747931859284,0.5,0.5,1.0,0.0,0.0,0,0,-0.30016227413275426,-0.30016227413275426,0.0,2.1581101438876598,0.33427479780550984,-0.03393213572854292,0.03393213572854292,0.41432572631299824,1,0,0,0,0
chr8,2047812,2047844,CCTT,0,MYOM2,4,32,0.46875,0.5403543307086615,390,392,9901,50000.0,120678,0.4560151808946121,7.0086e-85,1.2702,0.18651574803149606,0.09305111821086262,8.0,1.5185139398778875,0.9031442704095386,0.5,0.5,0.0,1.0,0.0,0,0,-0.32813321122743677,-0.30016227413275426,-0.027970937094682513,2.0044223776705254,0.3022058567431123,-0.07160433070866146,0.07160433070866146,0.41432572631299824,1,0,0,0,0
chr8,2047852,2047916,CCTT,0,MYOM2,4,64,0.453125,0.5377906976744186,318,320,9941,50000.0,120678,0.4564792257080827,7.0086e-85,1.2702,0.18362403100775193,0.09290271132376396,16.0,1.8129133566428557,1.2041471252128477,0.5,0.5,0.0,1.0,0.0,0,0,-0.3428245891292289,-0.30016227413275426,-0.04266231499647466,1.9764983378094876,0.29611612712269986,-0.08466569767441856,0.08466569767441856,0.41432572631299824,1,0,0,0,0
chr8,9140796,9140896,CCTTT,0,PPP1R3B-DT,5,100,0.4,0.43714285714285717,4086,50000,50000,50000.0,275047,0.4787072754838264,0.0,1.0,0.12333333333333334,0.04805970149253731,20.0,2.0043213737826426,1.3010517098452263,0.4,0.6,0.0,1.0,0.0,0,1,-0.39685562737981767,-0.39685562737981767,0.0,2.566199191921576,0.4094595673844032,-0.037142857142857144,0.037142857142857144,0.18178711274800308,1,0,0,0,0
chr8,17321301,17321388,CTT,0,ADAM24P,3,87,0.3333333333333333,0.41111643507426926,5639,50000,33096,5682.5,2100,0.0,0.0,1.0,0.06181121226641112,0.04017523771593568,29.0,1.9444826721501687,1.4624129733125506,0.3333333333333333,0.6666666666666666,0.0,1.0,0.0,1,0,-0.4758203216992444,-0.4758203216992444,0.0,1.5385017557752563,0.18738018854488134,-0.07778310174093594,0.07778310174093594,2.705952380952381,1,0,0,0,0
chr8,23798052,23798097,ATTTT,0,ENSG00000304342,5,45,0.0,0.43471882640586795,20178,50000,50000,22095.5,1895,1.0,0.0,1.0,0.08899755501222494,0.043302569219256674,9.0,1.662757831681574,0.9542907617011269,0.0,1.0,0.2,0.8,0.0,0,1,-3.0,-3.0,0.0,2.0552013752401868,0.31306564528088954,-0.43471882640586795,0.43471882640586795,11.659894459102903,1,0,0,0,0
chr8,25453921,25454137,CTTT,0,ENSG00000253100,4,216,0.25,0.4345667870036101,3079,50000,50000,3316.0,95589,0.0346901840169894,0.0,1.0,0.180956678700361,0.07815591610605462,54.0,2.3364597338485296,1.7324018022389076,0.25,0.75,0.0,1.0,0.0,0,0,-0.6003262785189619,-0.6003262785189619,0.0,2.3152996269045825,0.36479473722060896,-0.18456678700361012,0.18456678700361012,0.0346901840169894,1,0,0,0,1
chr8,27358843,27358912,CTT,0,EPHX2,3,69,0.3333333333333333,0.4137264378927018,316,316,343,10585.5,58217,0.18182833193053574,1.7936e-21,0.94477,0.07008216529724505,0.020030893417708903,23.0,1.845098040014257,1.3617467179758969,0.3333333333333333,0.6666666666666666,0.0,1.0,0.0,1,0,-0.4758203216992444,-0.4758203216992444,0.0,3.4985292621060937,0.5440096293162358,-0.08039310455936849,0.08039310455936849,0.18182833193053574,1,0,0,0,0
chr8,38413590,38413596,CTCCTT,0,ENSG00000293624,6,6,0.5,0.5064805583250249,1117,50000,50000,4864.0,56452,0.08616169489123503,0.0,1.0,0.14257228315054835,0.10041987403778867,1.0,0.8450980400142568,0.00043407747931859284,0.5,0.5,0.0,1.0,0.0,0,0,-0.30016227413275426,-0.30016227413275426,0.0,1.419747482947599,0.15251689530417822,-0.006480558325024921,0.006480558325024921,0.08616169489123503,1,0,0,0,1
chr8,38413835,38413841,AAGGAG,0,ENSG00000293624,6,6,0.5,0.5124626121635095,1362,50000,50000,4619.0,56452,0.08182172465103096,0.0,1.0,0.1321036889332004,0.10041987403778867,1.0,0.8450980400142568,0.00043407747931859284,0.5,0.5,1.0,0.0,0.0,0,0,-0.30016227413275426,-0.30016227413275426,0.0,1.3155002901437545,0.11942095915634263,-0.012462612163509523,0.012462612163509523,0.08182172465103096,1,0,0,0,1
chr8,38414204,38414342,CTT,0,ENSG00000293624,3,138,0.41304347826086957,0.5130963517305893,1731,50000,50000,4184.0,56452,0.07411606320413802,0.0,1.0,0.1225444340505145,0.09792432217697884,46.0,2.143014800254095,1.6627672727633431,0.3333333333333333,0.6666666666666666,0.0,1.0,0.0,1,0,-0.38295405168747043,-0.4758203216992444,0.09286627001177394,1.251407004094834,0.09774548774656346,-0.10005287346971975,0.10005287346971975,0.07411606320413802,1,0,0,0,1
chr8,40794111,40794239,AAGG,0,ENSG00000301921,4,128,0.46875,0.48778195488721804,2664,50000,38759,16841.0,23664,0.7116717376605814,0.0,1.0,0.10667293233082707,0.04471383147853736,32.0,2.110589710299249,1.505163549810412,0.5,0.5,1.0,0.0,0.0,0,0,-0.32813321122743677,-0.30016227413275426,-0.027970937094682513,2.385627515604726,0.3777846433299712,-0.01903195488721804,0.01903195488721804,0.7116717376605814,1,0,0,0,0
chr8,41187737,41187785,GGAT,0,ENSG00000299756,4,48,0.5416666666666666,0.51171875,425,21059,20707,5733.0,6585,0.8706150341685649,0.0,1.0,0.12353515625,0.07606743814844373,12.0,1.6901960800285136,1.079217435746567,0.5,0.5,0.75,0.25,0.0,0,0,-0.26546685416648,-0.30016227413275426,0.03469541996627423,1.624000166914527,0.21085340992415733,0.02994791666666663,0.02994791666666663,0.8706150341685649,1,0,0,0,0
chr8,42621637,42621661,AAAG,0,CHRNA6,4,24,0.25,0.4268774703557312,1290,1290,1290,29886.0,43772,0.6827652380517225,3.5719e-08,0.73739,0.021739130434782608,0.10132840591290451,6.0,1.3979400086720377,0.7782236267660966,0.25,0.75,1.0,0.0,0.0,0,0,-0.6003262785189619,-0.6003262785189619,0.0,0.21453920743863833,-0.6664737184245277,-0.1768774703557312,0.1768774703557312,0.6827652380517225,1,0,0,0,0
chr8,51886228,51886278,AAAAT,0,ENSG00000301980,5,50,0.0,0.35804878048780486,38888,50000,50000,38913.0,8298,0.0,0.0,1.0,0.026829268292682926,0.0485286783042394,10.0,1.7075701760979363,1.0000434272768626,0.0,1.0,0.8,0.2,0.0,0,1,-3.0,-3.0,0.0,0.5528424920620009,-0.25661372724679243,-0.35804878048780486,0.35804878048780486,4.689443239334779,1,0,0,0,0
chr8,62666624,62666642,AGGGAT,0,ENSG00000251127,6,18,0.5,0.5431119920713577,5011,39694,39297,11895.0,6875,1.0,0.0,1.0,0.40832507433102083,0.1102008192626636,3.0,1.2787536009528289,0.4772659954248526,0.5,0.5,0.8333333333333334,0.16666666666666666,0.0,0,0,-0.30016227413275426,-0.30016227413275426,0.0,3.7052480354955577,0.5689344805097099,-0.04311199207135774,0.04311199207135774,1.7301818181818183,1,0,0,0,0
chr8,70364289,70364384,AAGAG,0,LINC01603,5,95,0.4,0.4167064439140811,3743,50000,14475,43820.5,71080,0.6164954980303883,0.0,1.0,0.11503579952267304,0.09236128390146803,19.0,1.9822712330395684,1.2787764579556449,0.4,0.6,1.0,0.0,0.0,0,1,-0.39685562737981767,-0.39685562737981767,0.0,1.245484570795078,0.09568690709969625,-0.016706443914081104,0.016706443914081104,0.6164954980303883,1,0,0,0,0
chr8,70684799,70684889,AAAGG,0,SLCO5A1,5,90,0.4,0.49234449760765553,10689,10689,50000,50000.0,168023,0.371705064187641,1.5378e-06,0.47013,0.07272727272727272,0.07964161274265803,18.0,1.9590413923210936,1.2552966319043402,0.4,0.6,1.0,0.0,0.0,0,1,-0.39685562737981767,-0.39685562737981767,0.0,0.9131703521865836,-0.038972867591160094,-0.0923444976076555,0.0923444976076555,0.2975783077316796,1,0,0,0,0
chr8,73123833,73123950,AAG,0,ENSG00000304428,3,117,0.358974358974359,0.37600377893245157,295,50000,50000,50000.0,73992,0.78924072872743,0.0,1.0,0.14076523382144543,0.04757170552269225,39.0,2.0718820073061255,1.5910757426396818,0.3333333333333333,0.6666666666666666,1.0,0.0,0.0,1,0,-0.44372843298976156,-0.4758203216992444,0.03209188870948282,2.9589495126422904,0.4712843034346631,-0.017029419958092595,0.017029419958092595,0.6757487295923884,1,0,0,0,0
chr8,76017326,76017506,CCTTT,0,CASC9,5,180,0.4,0.41467889908256883,15136,50000,50000,50000.0,231920,1.0,0.0,1.0,0.1779816513761468,0.04583746283448959,36.0,2.2576785748691846,1.5563145643353469,0.4,0.6,0.0,1.0,0.0,0,1,-0.39685562737981767,-0.39685562737981767,0.0,3.882801480904603,0.5892570229993326,-0.014678899082568808,0.014678899082568808,0.2155915833045878,1,0,0,0,0
chr8,82600899,82600927,AAAG,0,IMPA1,4,28,0.25,0.4161735700197239,1816,2749,1816,1830.0,29934,0.0,0.00047793,0.48596,0.05128205128205128,0.109696425004993,7.0,1.462397997898956,0.8451600776519459,0.25,0.75,1.0,0.0,0.0,0,0,-0.6003262785189619,-0.6003262785189619,0.0,0.4674863724441765,-0.3293030375582165,-0.16617357001972388,0.16617357001972388,0.061134495890960115,1,0,0,0,1
chr8,82935983,82936055,CTTT,0,ENSG00000254394,4,72,0.25,0.40540540540540543,9713,50000,50000,9749.0,928393,0.0,0.0,1.0,0.10086872586872588,0.04284575528098844,18.0,1.863322860120456,1.2552966319043402,0.25,0.75,0.0,1.0,0.0,0,0,-0.6003262785189619,-0.6003262785189619,0.0,2.3541742007587305,0.3720230352994357,-0.15540540540540543,0.15540540540540543,0.010500940873100077,1,0,0,0,0
chr8,95619317,95619381,AAAG,0,VIRMA-DT,4,64,0.25,0.3997093023255814,12295,34166,33834,50000.0,41333,1.0,0.0,1.0,0.10998062015503876,0.06304824561403509,16.0,1.8129133566428557,1.2041471252128477,0.25,0.75,1.0,0.0,0.0,0,0,-0.6003262785189619,-0.6003262785189619,0.0,1.7443606039047754,0.2418851688921557,-0.14970930232558138,0.14970930232558138,1.2096871748965718,1,0,0,0,0
chr8,97262845,97262911,AAG,0,MTERF3,3,66,0.3333333333333333,0.3707647628267183,223,223,8008,10968.0,23449,0.46773849631114334,0.0,1.0,0.0590513068731849,0.030100667796272303,22.0,1.8260748027008264,1.3424424210318369,0.3333333333333333,0.6666666666666666,1.0,0.0,0.0,1,0,-0.4758203216992444,-0.4758203216992444,0.0,1.9617287411728603,0.2928602821001997,-0.03743142949338496,0.03743142949338496,0.46773849631114334,1,0,0,0,0
chr8,105601193,105601227,CGG,1,LRP12,3,34,0.9705882352941176,0.6504424778761062,0,68,0,276.0,100027,0.0027592550011496897,0.99799,0.11175,0.06047197640117994,0.030697813716681642,11.333333333333334,1.5440680443502757,1.0543959807334438,1.0,0.0,0.6666666666666666,0.3333333333333333,1.0,1,0,-0.012517752592493377,0.00043407747931859284,-0.01295183007181197,1.9698473354467,0.2946529845326588,0.32014575741801143,0.32014575741801143,0.0027592550011496897,1,1,0,1,1
chr8,119379052,119379157,TTTCA,1,SAMD12,5,105,0.0,0.37672209026128267,8783,12499,11066,50000.0,432657,0.5899511622370608,0.0011661,0.57856,0.0498812351543943,0.02715742352648595,21.0,2.0253058652647704,1.322239974931152,0.2,0.8,0.2,0.8,0.0,0,1,-3.0,-0.6968039425795112,-2.3031960574204886,1.836676385348663,0.2642690345628724,-0.37672209026128267,0.37672209026128267,0.11556498565838529,1,0,0,0,0
chr8,125877520,125877706,CTT,0,LINC00964,3,186,0.3602150537634409,0.40667886550777677,2488,50000,50000,41669.0,138829,0.3001462230513798,0.0,1.0,0.12488563586459286,0.03532150995739621,62.0,2.271841606536499,1.7923986941914727,0.3333333333333333,0.6666666666666666,0.0,1.0,0.0,1,0,-0.4422341586072569,-0.4758203216992444,0.033586163091987475,3.5355821547002764,0.5485837511837917,-0.04646381174433589,0.04646381174433589,0.3001462230513798,1,0,0,0,0
chr8,137366031,137366172,CTT,0,LINC02055,3,141,0.3333333333333333,0.35730966837926204,28850,50000,50000,50000.0,1232814,0.4011063307198004,0.0,1.0,0.0733302195235871,0.036889926021548086,47.0,2.1522883443830567,1.6721070981455433,0.3333333333333333,0.6666666666666666,0.0,1.0,0.0,1,0,-0.4758203216992444,-0.4758203216992444,0.0,1.9877576258387966,0.2985818579485962,-0.02397633504592872,0.02397633504592872,0.040557618586420985,1,0,0,0,0
chr8,139688656,139688716,AAAG,0,COL22A1,4,60,0.26666666666666666,0.43106796116504853,85,85,50000,50000.0,325828,0.7292804792712719,4.4899000000000003e-45,0.76815,0.07524271844660194,0.03325024925224327,15.0,1.7853298350107671,1.1761202110560856,0.25,0.75,1.0,0.0,0.0,0,0,-0.5724057094409815,-0.6003262785189619,0.02792056907798046,2.2628538818440256,0.3548483923233329,-0.16440129449838187,0.16440129449838187,0.15345519722061945,1,0,0,0,0
chr9,400558,400666,ACC,0,DOCK8,3,108,0.6203703703703703,0.5227703984819735,788,1299,19171,50000.0,250405,0.7418302350192688,1.487e-11,0.36499,0.5498102466793169,0.09538492142430874,36.0,2.037426497940624,1.5563145643353469,0.6666666666666666,0.3333333333333333,0.3333333333333333,0.6666666666666666,0.0,1,0,-0.20664945962858977,-0.17544030542608624,-0.03120915420250353,5.764060759381623,0.7608038887903207,0.09759997188839686,0.09759997188839686,0.19967652403106967,1,0,0,0,0
chr9,400750,400858,ACC,0,DOCK8,3,108,0.6111111111111112,0.5317836812144212,980,1491,19363,50000.0,250405,0.7425969928715481,1.487e-11,0.36499,0.5498102466793169,0.09538492142430874,36.0,2.037426497940624,1.5563145643353469,0.6666666666666666,0.3333333333333333,0.3333333333333333,0.6666666666666666,0.0,1,0,-0.21316973706600345,-0.17544030542608624,-0.03772943163991721,5.764060759381623,0.7608038887903207,0.07932742989668995,0.07932742989668995,0.19967652403106967,1,0,0,0,0
chr9,514185,514241,CCCT,0,KANK1,4,56,0.6964285714285714,0.42412451361867703,5358,49966,5358,43922.0,275814,0.15924499844097834,7.9821e-18,0.71248,0.10408560311284047,0.0539489429597128,14.0,1.7558748556724915,1.1461590556048185,0.75,0.25,0.0,1.0,0.0,0,0,-0.15650026493308705,-0.1243600629958316,-0.03214020193725545,1.9292995951926502,0.2856247195991154,0.27230405780989436,0.27230405780989436,0.15924499844097834,1,0,0,0,0
chr9,7332909,7333009,CCTTT,0,ENSG00000288042,5,100,0.4,0.37333333333333335,4259,50000,50000,28422.0,41006,0.6931180802809345,0.0,1.0,0.08142857142857143,0.025572139303482587,20.0,2.0043213737826426,1.3010517098452263,0.4,0.6,0.0,1.0,0.0,0,1,-0.39685562737981767,-0.39685562737981767,0.0,3.184144522197256,0.5031291427212313,0.026666666666666672,0.026666666666666672,0.6931180802809345,1,0,0,0,0
chr9,10060899,10060951,CTTT,0,PTPRD,4,52,0.25,0.33528265107212474,27109,50000,27109,50000.0,2298756,0.24016337532126072,1.0,0.053067,0.1608187134502924,0.051117095551565926,13.0,1.7242758696007892,1.1139767582898465,0.25,0.75,0.0,1.0,0.0,0,0,-0.6003262785189619,-0.6003262785189619,0.0,3.146023178583889,0.49789994160848905,-0.08528265107212474,0.08528265107212474,0.021750894831813382,1,0,0,0,0
chr9,12677890,12677940,AAAAT,0,LURAP1L-AS1,5,50,0.0,0.3517073170731707,7499,16057,7499,50000.0,182947,0.7459318819111546,0.0,1.0,0.08048780487804878,0.05306733167082294,10.0,1.7075701760979363,1.0000434272768626,0.0,1.0,0.8,0.2,0.0,0,1,-3.0,-3.0,0.0,1.5166824044385987,0.18118089907550528,-0.3517073170731707,0.3517073170731707,0.2733031971007997,1,0,0,0,0
chr9,14010705,14010753,CTTT,0,ENSG00000289185,4,48,0.2708333333333333,0.396484375,1440,50000,50000,21810.0,321080,0.06792699638719323,0.0,1.0,0.09228515625,0.05097765363128492,12.0,1.6901960800285136,1.079217435746567,0.25,0.75,0.0,1.0,0.0,0,0,-0.5656972893433678,-0.6003262785189619,0.034628989175594094,1.8102705677061237,0.2579833300958267,-0.12565104166666669,0.12565104166666669,0.06792699638719323,1,0,0,0,0
chr9,16539752,16539827,AAAGG,0,BNC2,5,75,0.38666666666666666,0.3908433734939759,12701,12701,12848,50000.0,461399,0.7176229250605225,0.92762,0.17228,0.2563855421686747,0.04792029887920299,15.0,1.8808135922807914,1.1761202110560856,0.4,0.6,1.0,0.0,0.0,0,1,-0.411541539991214,-0.39685562737981767,-0.014685912611396346,5.3501375831852,0.7284461172702725,-0.004176706827309251,0.004176706827309251,0.10836607794988719,1,0,0,0,0
chr9,24546444,24546509,CTTTT,0,ENSG00000269957,5,65,0.2,0.41937046004842615,317,500,549,15201.5,237237,0.06407727293803243,0.0,1.0,0.09830508474576272,0.03877398455021181,13.0,1.8195439355418688,1.1139767582898465,0.2,0.8,0.0,1.0,0.0,0,1,-0.6968039425795112,-0.6968039425795112,0.0,2.535270765058905,0.4041956157293597,-0.21937046004842614,0.21937046004842614,0.06407727293803243,1,0,0,0,0
chr9,27573483,27573544,GGGGCC,1,C9orf72,6,61,0.9672131147540983,0.5414847161572053,0,6365,0,379.5,38255,0.009920271859887596,1.0647e-06,0.58394,0.054342552159146046,0.03658840536364089,10.166666666666666,1.792391689498254,1.0072213000164243,1.0,0.0,0.6666666666666666,0.3333333333333333,0.0,0,0,-0.014029038998618654,0.00043407747931859284,-0.014463116477937247,1.4851991066557906,0.17207699591808964,0.42572839859689304,0.42572839859689304,0.009920271859887596,1,1,0,1,1
chr9,28189650,28189694,AAGG,0,LINGO2,4,44,0.5454545454545454,0.44471624266144816,25529,50000,50000,50000.0,1275984,0.8024606891622466,0.85665,0.132,0.24951076320939333,0.06141488724805428,11.0,1.6532125137753437,1.0414321646802651,0.5,0.5,1.0,0.0,0.0,0,0,-0.26244595718960834,-0.30016227413275426,0.03771631694314592,4.062642003389735,0.6089154407126993,0.10073830279309726,0.10073830279309726,0.039185444331590366,1,0,0,0,0
chr9,30205624,30205676,CTTT,0,ENSG00000299168,4,52,0.2692307692307692,0.31871345029239767,0,50000,50000,50000.0,144328,0.998122332464941,0.0,1.0,0.1905458089668616,0.047875523638539794,13.0,1.7242758696007892,1.1139767582898465,0.25,0.75,0.0,1.0,0.0,0,0,-0.5682652025148113,-0.6003262785189619,0.032061076004150646,3.979942453747319,0.5999858997140582,-0.04948268106162845,0.04948268106162845,0.34643312454963693,1,1,0,0,0
chr9,36506308,36506338,CTT,0,ENSG00000308542,3,30,0.4,0.46502463054187193,17586,50000,50000,19602.0,2001,1.0,0.0,1.0,0.07733990147783251,0.11962056914628058,10.0,1.4913616938342726,1.0000434272768626,0.3333333333333333,0.6666666666666666,0.0,1.0,0.0,1,0,-0.39685562737981767,-0.4758203216992444,0.07896469431942671,0.6465380953434622,-0.18873467649647996,-0.06502463054187191,0.06502463054187191,9.796101949025488,1,0,0,0,0
chr9,36869894,36869934,GGAT,0,PAX5,4,40,0.5,0.45588235294117646,5589,12067,12067,50000.0,200999,0.8176707346802721,0.99798,0.0,0.19117647058823528,0.053692614770459085,10.0,1.6127838567197355,1.0000434272768626,0.5,0.5,0.75,0.25,0.0,0,0,-0.30016227413275426,-0.30016227413275426,0.0,3.560506615274781,0.5516337553560522,0.04411764705882354,0.04411764705882354,0.24875745650475872,1,0,0,0,0
chr9,36870114,36870154,GGAT,0,PAX5,4,40,0.5,0.46078431372549017,5809,11847,11847,50000.0,200999,0.8165762018716511,0.99798,0.0,0.19117647058823528,0.053692614770459085,10.0,1.6127838567197355,1.0000434272768626,0.5,0.5,0.75,0.25,0.0,0,0,-0.30016227413275426,-0.30016227413275426,0.0,3.560506615274781,0.5516337553560522,0.03921568627450983,0.03921568627450983,0.24875745650475872,1,0,0,0,0
chr9,36973082,36973182,AAAGG,0,PAX5,5,100,0.39,0.49714285714285716,6361,6361,41898,50000.0,200999,0.3041457917701083,0.99798,0.0,0.22333333333333333,0.07233830845771144,20.0,2.0043213737826426,1.3010517098452263,0.4,0.6,1.0,0.0,0.0,0,1,-0.40782324260413316,-0.39685562737981767,-0.010967615224315497,3.0873025758034567,0.48971984365991017,-0.10714285714285715,0.10714285714285715,0.24875745650475872,1,0,0,0,0
chr9,71652058,71652410,GAA,1,ENSG00000285130,3,352,0.4744318181818182,0.47874149659863946,937,1195,937,1571.0,219440,0.0071591323368574555,0.0,1.0,0.09013605442176871,0.057291666666666664,117.33333333333333,2.5477747053878224,2.069425110116121,0.3333333333333333,0.6666666666666666,1.0,0.0,0.0,1,0,-0.3229117565616067,-0.4758203216992444,0.15290856513763768,1.5732563985228252,0.19707546715593816,-0.004309678416821283,0.004309678416821283,0.0071591323368574555,1,0,0,0,1
chr9,73084013,73084033,CTTT,0,ENSG00000308298,4,20,0.25,0.449009900990099,1025,50000,50000,50000.0,226306,0.2434712292206128,0.0,1.0,0.06584158415841584,0.04725274725274725,5.0,1.3222192947339193,0.6990568545476679,0.25,0.75,0.0,1.0,0.0,0,0,-0.6003262785189619,-0.6003262785189619,0.0,1.3933621773157456,0.14437559383383278,-0.19900990099009902,0.19900990099009902,0.22093978948856857,1,0,0,0,0
chr9,76965765,76965815,ATTTT,0,RORB-AS1,5,50,0.0,0.3595121951219512,8746,50000,50000,50000.0,375702,0.39460263719650146,0.0,1.0,0.05707317073170732,0.07835411471321696,10.0,1.7075701760979363,1.0000434272768626,0.0,1.0,0.2,0.8,0.0,0,1,-3.0,-3.0,0.0,0.7283911323542508,-0.13703952096880556,-0.3595121951219512,0.3595121951219512,0.13308419971147345,1,0,0,0,0
chr9,77753064,77753069,CTTTT,0,OSTF1,5,5,0.2,0.37855361596009973,532,532,8589,49670.5,60949,0.8149518449851515,0.001656,0.45556,0.047880299251870324,0.04763809047738066,1.0,0.7781512503836436,0.00043407747931859284,0.2,0.8,0.0,1.0,0.0,0,1,-0.6968039425795112,-0.6968039425795112,0.0,1.0050632531409094,0.002625286511638662,-0.17855361596009972,0.17855361596009972,0.8149518449851515,1,0,0,0,0
chr9,77753459,77753464,AAAAG,0,OSTF1,5,5,0.2,0.38753117206982546,927,927,8194,50000.0,60949,0.8214326732185926,0.001656,0.45556,0.02892768079800499,0.038590352411897025,1.0,0.7781512503836436,0.00043407747931859284,0.2,0.8,1.0,0.0,0.0,0,1,-0.6968039425795112,-0.6968039425795112,0.0,0.7495897134998332,-0.12459739169601405,-0.18753117206982545,0.18753117206982545,0.8203580042330473,1,0,0,0,0
chr9,77753945,77753973,CTTT,0,OSTF1,4,28,0.25,0.39398422090729784,1413,1413,7685,50000.0,60949,0.8295952353607114,0.001656,0.45556,0.028599605522682446,0.03445176752546435,7.0,1.462397997898956,0.8451600776519459,0.25,0.75,0.0,1.0,0.0,0,0,-0.6003262785189619,-0.6003262785189619,0.0,0.8301105419628255,-0.08034120898160149,-0.14398422090729784,0.14398422090729784,0.8203580042330473,1,0,0,0,0
chr9,78966364,78966448,AAAG,0,PCSK5,4,84,0.25,0.4126679462571977,520,520,7391,50000.0,472331,0.9756844246937,2.5352e-12,0.38189,0.1261996161228407,0.06965743875721968,21.0,1.9294189257142929,1.322239974931152,0.25,0.75,1.0,0.0,0.0,0,0,-0.6003262785189619,-0.6003262785189619,0.0,1.811691711361545,0.25832394891669264,-0.16266794625719772,0.16266794625719772,0.10585796824684385,1,0,0,0,0
chr9,90017405,90017449,AAGG,0,ENSG00000289166,4,44,0.5,0.44765166340508805,667,50000,50000,20589.0,141472,0.14553409862022168,0.0,1.0,0.11301369863013698,0.09888245859109958,11.0,1.6532125137753437,1.0414321646802651,0.5,0.5,1.0,0.0,0.0,0,0,-0.30016227413275426,-0.30016227413275426,0.0,1.1428979147813632,0.058387268315937296,0.05234833659491195,0.05234833659491195,0.14553409862022168,1,0,0,0,0
chr9,90017488,90017532,AAGG,0,ENSG00000289166,4,44,0.5,0.4398238747553816,750,50000,50000,20506.0,141472,0.14494741008821532,0.0,1.0,0.11301369863013698,0.09888245859109958,11.0,1.6532125137753437,1.0414321646802651,0.5,0.5,1.0,0.0,0.0,0,0,-0.30016227413275426,-0.30016227413275426,0.0,1.1428979147813632,0.058387268315937296,0.060176125244618406,0.060176125244618406,0.14494741008821532,1,0,0,0,0
chr9,90190131,90190186,AAAAT,0,DAPK1,5,55,0.0,0.454014598540146,20757,29683,50000,50000.0,211845,0.36826689324742146,0.99767,0.16602,0.32895377128953773,0.057641485913737224,11.0,1.7481880270062005,1.0414321646802651,0.0,1.0,0.8,0.2,0.0,0,1,-3.0,-3.0,0.0,5.706793627565292,0.756468262264987,-0.454014598540146,0.454014598540146,0.23602161958035356,1,0,0,0,0
chr9,90361473,90361506,CTT,0,ENSG00000304058,3,33,0.3333333333333333,0.3939990162321692,1565,15451,15089,2769.5,35399,0.07823667335235458,0.0,1.0,0.03443187407771766,0.03149802825338192,11.0,1.5314789170422551,1.0414321646802651,0.3333333333333333,0.6666666666666666,0.0,1.0,0.0,1,0,-0.4758203216992444,-0.4758203216992444,0.0,1.0931090889770816,0.03906062581719031,-0.06066568289883589,0.06066568289883589,0.07823667335235458,1,0,0,0,1
chr9,107458388,107458448,AAAG,0,ENSG00000297079,4,60,0.25,0.36213592233009706,645,645,50000,50000.0,636934,0.08203047725510021,0.0,1.0,0.11165048543689321,0.04456630109670987,15.0,1.7853298350107671,1.1761202110560856,0.25,0.75,1.0,0.0,0.0,0,0,-0.6003262785189619,-0.6003262785189619,0.0,2.505210831470692,0.3990176026090182,-0.11213592233009706,0.11213592233009706,0.07850106918456229,1,0,0,0,0
chr9,113463973,113464203,ATTTT,0,MUSK,5,230,0.0,0.36457399103139015,4153,4153,4230,33029.0,137779,0.23972448631504076,4.2474e-08,0.47567,0.1609865470852018,0.06416213544241225,46.0,2.3636119798921444,1.6627672727633431,0.0,1.0,0.2,0.8,0.0,0,1,-3.0,-3.0,0.0,2.5090193297939836,0.3996770660191014,-0.36457399103139015,0.36457399103139015,0.23972448631504076,1,0,0,0,0
chr9,115288200,115288281,CTT,0,KIAA1958,3,81,0.3333333333333333,0.399327246516098,8563,48080,8563,39133.5,182570,0.21434792134523745,0.011171,0.34258,0.03940413262854397,0.03540660325680992,27.0,1.9138138523837167,1.431379848841936,0.3333333333333333,0.6666666666666666,0.0,1.0,0.0,1,0,-0.4758203216992444,-0.4758203216992444,0.0,1.1128720671305363,0.04683531316282654,-0.06599391318276471,0.06599391318276471,0.21434792134523745,1,0,0,0,0
chr9,121430212,121430248,CTTT,0,ENSG00000293785,4,36,0.25,0.444007858546169,10100,50000,50000,10118.0,9135,0.0,0.0,1.0,0.061394891944990176,0.07641245757636254,9.0,1.568201724066995,0.9542907617011269,0.25,0.75,0.0,1.0,0.0,0,0,-0.6003262785189619,-0.6003262785189619,0.0,0.803456536221204,-0.09449741531785409,-0.19400785854616898,0.19400785854616898,1.107608100711549,1,0,0,0,0
chr9,129671460,129671504,CTTT,0,RALGPS1,4,44,0.25,0.4799412915851272,5549,28267,5549,5571.0,308392,0.0,0.99999,0.026813,0.04207436399217221,0.0922969467172221,11.0,1.6532125137753437,1.0414321646802651,0.25,0.75,0.0,1.0,0.0,0,0,-0.6003262785189619,-0.6003262785189619,0.0,0.4558537376901522,-0.34022281761317696,-0.22994129158512722,0.22994129158512722,0.018064670938286335,1,0,0,0,0
chr9,132938420,132938476,CTTT,0,NCS1,4,56,0.25,0.5471789883268483,3414,3414,3478,3822.0,64956,0.05883983003879549,0.66434,0.1639,0.04134241245136187,0.07583765456721181,14.0,1.7558748556724915,1.1461590556048185,0.25,0.75,0.0,1.0,0.0,0,0,-0.6003262785189619,-0.6003262785189619,0.0,0.5451364174020553,-0.2626988629271375,-0.2971789883268483,0.2971789883268483,0.05883983003879549,1,0,0,0,1
chr9,133833976,133834024,ACC,0,FIBCD1-AS1,3,48,0.5833333333333334,0.5498046875,13062,19982,17357,24809.0,11723,1.0,0.0,1.0,0.24755859375,0.13043695131683958,16.0,1.6901960800285136,1.2041471252128477,0.6666666666666666,0.3333333333333333,0.3333333333333333,0.6666666666666666,0.0,1,0,-0.23333933862586748,-0.17544030542608624,-0.057899033199781236,1.8979031121752992,0.2785028062740986,0.03352864583333337,0.03352864583333337,2.1162671671073956,1,0,0,0,0
chr9,133834144,133834192,ACC,0,FIBCD1-AS1,3,48,0.5833333333333334,0.54296875,13230,20150,17525,24977.0,11723,1.0,0.0,1.0,0.224609375,0.13043695131683958,16.0,1.6901960800285136,1.2041471252128477,0.6666666666666666,0.3333333333333333,0.3333333333333333,0.6666666666666666,0.0,1,0,-0.23333933862586748,-0.17544030542608624,-0.057899033199781236,1.7219633759381412,0.236276045992998,0.04036458333333337,0.04036458333333337,2.1305979698029516,1,0,0,0,0
chr9,133834195,133834243,ACC,0,FIBCD1-AS1,3,48,0.5625,0.54150390625,13281,20201,17576,25028.0,11723,1.0,0.0,1.0,0.224609375,0.13133479648842777,16.0,1.6901960800285136,1.2041471252128477,0.6666666666666666,0.3333333333333333,0.3333333333333333,0.6666666666666666,0.0,1,0,-0.24910607961787465,-0.17544030542608624,-0.07366577419178841,1.7101915928898388,0.23329863787335886,0.02099609375,0.02099609375,2.1349483920498167,1,0,0,0,0
chr9,134295843,134295883,CTTT,0,PRRC2B,4,40,0.25,0.5161764705882353,9594,9633,9594,46840.0,126561,0.37009821350969097,1.0,0.11824,0.07450980392156863,0.04001996007984032,10.0,1.6127838567197355,1.0000434272768626,0.25,0.75,0.0,1.0,0.0,0,0,-0.6003262785189619,-0.6003262785189619,0.0,1.861769527090913,0.27015912472745757,-0.26617647058823535,0.26617647058823535,0.37009821350969097,1,0,0,0,0
chr9,136429270,136429702,AG,0,ADAMTSL2,2,432,0.5625,0.5744243421052632,2356,2356,10285,32200.0,43358,0.7426541814659348,0.0016001,0.40751,0.4239309210526316,0.11242169146436962,216.0,2.6364878963533656,2.334455761768878,0.5,0.5,1.0,0.0,0.0,0,0,-0.24910607961787465,-0.30016227413275426,0.05105619451487961,3.770866143931352,0.5765562720866368,-0.011924342105263164,0.011924342105263164,0.7426541814659348,1,0,0,0,0
chr9,137797639,137797768,CTT,0,FCN1,3,129,0.3953488372093023,0.4124001878816346,0,3876,0,12096.5,14722,0.8216614590408912,3.9675e-17,1.3175,0.1474870831376233,0.04202891350787421,43.0,2.113943352306837,1.63347855533382,0.3333333333333333,0.6666666666666666,0.0,1.0,0.0,1,0,-0.4019224115826655,-0.4758203216992444,0.07389791011657887,3.509097945442879,0.5453192351472735,-0.017051350672332266,0.017051350672332266,0.8216614590408912,1,1,0,0,0
chr9,139475020,139475116,ACTC,0,ENSG00000297687,4,96,0.4375,0.4623091603053435,7106,34782,34520,7154.0,9812,0.0,0.0,1.0,0.9651717557251909,0.19600915605095542,24.0,1.9867717342662448,1.3802293369380374,0.5,0.5,0.25,0.75,0.0,0,0,-0.3580304022979407,-0.30016227413275426,-0.05786812816518644,4.924090542911877,0.6924142189809506,-0.024809160305343525,0.024809160305343525,0.7291072156543008,1,0,0,0,0
chrX,25031771,25031814,GCG ,1,ARX,4,43,0.9534883720930233,0.6436612824278023,0,0,2041,2744.5,12726,0.21566085179946565,0.90814,0.0,0.16299559471365638,0.04909444693908097,10.75,1.6434526764861874,1.0314488618593833,1.0,0.0,0.6666666666666666,0.3333333333333333,1.0,0,0,-0.020229357963447967,0.00043407747931859284,-0.02066343544276656,3.3199737424919658,0.5212654418326734,0.309827089665221,0.309827089665221,0.21566085179946565,1,1,1,0,1
chrX,66765159,66765261,CAG ,1,AR,4,102,0.6568627450980392,0.6056137012369173,0,0,171,2015.0,187266,0.010760095265558083,0.98837,0.11254,0.10513796384395814,0.043577753457367426,25.5,2.012837224705172,1.4065572112561728,0.6666666666666666,0.3333333333333333,0.6666666666666666,0.3333333333333333,0.0,0,0,-0.18186470709189168,-0.17544030542608624,-0.006424401665805435,2.4125968620652114,0.38266473253789274,0.051249043861121946,0.051249043861121946,0.010760095265558083,1,1,1,0,1
chrX,139586482,139586526,GCN,1,SOX3,3,44,0.9318181818181818,0.6487279843444227,0,0,598,730.0,2084,0.3502879078694818,0.44948,0.18037,0.10029354207436399,0.04095988824585911,14.666666666666666,1.6532125137753437,1.166361031744508,1.0,0.0,0.5,0.5,0.0,1,0,-0.030202997548233648,0.00043407747931859284,-0.03063707502755224,2.44851970671078,0.3890809377630866,0.2830901974737591,0.2830901974737591,0.3502879078694818,1,1,1,1,1
chrX,146993555,146993629,CGG,1,FMR1,3,74,0.9594594594594594,0.5988428158148505,0,69,0,216.0,39269,0.005500522040286231,0.64718,0.19826,0.08196721311475409,0.04074922785692936,24.666666666666668,1.8750612633917,1.3921280711874844,1.0,0.0,0.6666666666666666,0.3333333333333333,1.0,1,0,-0.017520961780555785,0.00043407747931859284,-0.017955039259874378,2.011454105300567,0.30372598491966435,0.3606166436446089,0.3606166436446089,0.005500522040286231,1,1,0,1,1
chrX,147582125,147582273,CCG,1,ENSG00000237741,3,148,0.9324324324324325,0.6671322160148976,0,345,0,64.0,2502,0.0,0.0,1.0,0.10474860335195531,0.03121897955132023,49.333333333333336,2.173186268412274,1.693149263852599,1.0,0.0,0.3333333333333333,0.6666666666666666,1.0,1,0,-0.02991711347685469,0.00043407747931859284,-0.030351190956173283,3.3551784740847372,0.5258450475825313,0.2653002164175349,0.2653002164175349,0.025579536370903277,1,1,0,1,1
